URL,Local Title,Local Title Length,Live Title,Live Title Length,Title Match,Local Description,Local Desc Length,Live Description,Live Desc Length,Desc Match,Local Canonical,Live Canonical,Local og:title,Live og:title,Local og:description,Live og:description,Local og:image,Live og:image,Local og:type,Live og:type,Local og:url,Live og:url,Local twitter:card,Live twitter:card,Local twitter:image,Live twitter:image,Local H1 Count,Live H1 Count,Local H1s,Live H1s,Local robots,Live robots,Issues
/,ESPHome - ESPHome - Smart Home Made Simple,42,ESPHome - Smart Home Made Simple,32,No,"Smart Home Made Simple. ESPHome turns ESP32, ESP8266, and RP2040 microcontrollers into fully-featured smart home devices.",121,"ESPHome - Smart Home Made Simple. ESPHome turns ESP32, ESP8266, and RP2040 microcontrollers into fully-featured smart home devices.",131,No,https://esphome.io/,,ESPHome,ESPHome - Smart Home Made Simple,"Smart Home Made Simple. ESPHome turns ESP32, ESP8266, and RP2040 microcontrollers into fully-featured smart home devices.","ESPHome - Smart Home Made Simple. ESPHome turns ESP32, ESP8266, and RP2040 microcontrollers into fully-featured smart home devices.",https://esphome.io/images/logo.svg,https://esphome.io/images/logo.svg,article,website,https://esphome.io/,https://esphome.io/,summary_large_image,summary_large_image,https://esphome.io/images/logo.svg,https://esphome.io/images/logo.svg,1,1,ESPHome,Smart Home Made Simple,,,
/web-api/,Web Server API - ESPHome - Smart Home Made Simple,49,Web Server API - ESPHome - Smart Home Made Simple,49,Yes,"Information on Web Server APIs, including Event Source APIs and REST APIs.",74,"Information on Web Server APIs, including Event Source APIs and REST APIs.",74,Yes,https://esphome.io/web-api/,,Web Server API,Web Server API,"Information on Web Server APIs, including Event Source APIs and REST APIs.","Information on Web Server APIs, including Event Source APIs and REST APIs.",https://esphome.io/images/logo.svg,https://esphome.io/images/logo-text.svg,article,website,https://esphome.io/web-api/,https://esphome.io/web-api/,summary_large_image,summary_large_image,https://esphome.io/images/logo.svg,https://esphome.io/images/logo-text.svg,1,1,Web Server API,Web Server API,,,
/projects/,Ready-Made Projects - ESPHome - Smart Home Made Simple,54,Ready-Made Projects - ESPHome - Smart Home Made Simple,54,Yes,Install ready-made projects directly on your device.,52,Install ready-made projects directly on your device.,52,Yes,https://esphome.io/projects/,,Ready-Made Projects,Ready-Made Projects,Install ready-made projects directly on your device.,Install ready-made projects directly on your device.,https://esphome.io/images/logo.svg,https://esphome.io/images/auto-fix.svg,article,website,https://esphome.io/projects/,https://esphome.io/projects/,summary_large_image,summary_large_image,https://esphome.io/images/logo.svg,https://esphome.io/images/auto-fix.svg,1,1,Ready-Made Projects,Ready-Made Projects,,,
/guides/,Guides - ESPHome - Smart Home Made Simple,41,Guides - ESPHome - Smart Home Made Simple,41,Yes,Guides,6,,,No,https://esphome.io/guides/,,Guides,Guides,Guides,,https://esphome.io/images/logo.svg,,article,website,https://esphome.io/guides/,https://esphome.io/guides/,summary_large_image,summary_large_image,https://esphome.io/images/logo.svg,,1,1,Guides,Guides,,,Desc short
/guides/yaml/,YAML Configuration in ESPHome - ESPHome - Smart Home Made Simple,64,YAML Configuration in ESPHome - ESPHome - Smart Home Made Simple,64,Yes,YAML Configuration in ESPHome,29,,,No,https://esphome.io/guides/yaml/,,YAML Configuration in ESPHome,YAML Configuration in ESPHome,YAML Configuration in ESPHome,,https://esphome.io/images/logo.svg,,article,website,https://esphome.io/guides/yaml/,https://esphome.io/guides/yaml/,summary_large_image,summary_large_image,https://esphome.io/images/logo.svg,,1,1,YAML Configuration in ESPHome,YAML Configuration in ESPHome,,,Title too long; Desc short
/guides/troubleshooting/,Troubleshooting - ESPHome - Smart Home Made Simple,50,Troubleshooting - ESPHome - Smart Home Made Simple,50,Yes,"Guide for troubleshooting ESPHome issues, debugging crashes, and obtaining decoded stack traces from device failures.",117,"Guide for troubleshooting ESPHome issues, debugging crashes, and obtaining decoded stack traces from device failures.",117,Yes,https://esphome.io/guides/troubleshooting/,,Troubleshooting,Troubleshooting,"Guide for troubleshooting ESPHome issues, debugging crashes, and obtaining decoded stack traces from device failures.","Guide for troubleshooting ESPHome issues, debugging crashes, and obtaining decoded stack traces from device failures.",https://esphome.io/images/logo.svg,https://esphome.io/images/bug-report.svg,article,website,https://esphome.io/guides/troubleshooting/,https://esphome.io/guides/troubleshooting/,summary_large_image,summary_large_image,https://esphome.io/images/logo.svg,https://esphome.io/images/bug-report.svg,1,1,Troubleshooting,Troubleshooting,,,
/guides/supporters/,Contributors - ESPHome - Smart Home Made Simple,47,Contributors - ESPHome - Smart Home Made Simple,47,Yes,Contributors,12,,,No,https://esphome.io/guides/supporters/,,Contributors,Contributors,Contributors,,https://esphome.io/images/logo.svg,,article,website,https://esphome.io/guides/supporters/,https://esphome.io/guides/supporters/,summary_large_image,summary_large_image,https://esphome.io/images/logo.svg,,1,,Contributors,,,,Desc short
/guides/setting_up_rmt_devices/,Setting up RMT Devices - ESPHome - Smart Home Made Simple,57,Setting up RMT Devices - ESPHome - Smart Home Made Simple,57,Yes,Set up guide for configuring IR and RF devices in ESPHome.,58,Set up guide for configuring IR and RF devices in ESPHome.,58,Yes,https://esphome.io/guides/setting_up_rmt_devices/,,Setting up RMT Devices,Setting up RMT Devices,Set up guide for configuring IR and RF devices in ESPHome.,Set up guide for configuring IR and RF devices in ESPHome.,https://esphome.io/images/logo.svg,https://esphome.io/images/remote.svg,article,website,https://esphome.io/guides/setting_up_rmt_devices/,https://esphome.io/guides/setting_up_rmt_devices/,summary_large_image,summary_large_image,https://esphome.io/images/logo.svg,https://esphome.io/images/remote.svg,1,1,Setting up RMT Devices,Setting up RMT Devices,,,
/guides/security_best_practices/,Security Best Practices - ESPHome - Smart Home Made Simple,58,Security Best Practices - ESPHome - Smart Home Made Simple,58,Yes,Security best practices for ESPHome devices and networks.,57,Security best practices for ESPHome devices and networks.,57,Yes,https://esphome.io/guides/security_best_practices/,,Security Best Practices,Security Best Practices,Security best practices for ESPHome devices and networks.,Security best practices for ESPHome devices and networks.,https://esphome.io/images/logo.svg,https://esphome.io/shield-alt.svg,article,website,https://esphome.io/guides/security_best_practices/,https://esphome.io/guides/security_best_practices/,summary_large_image,summary_large_image,https://esphome.io/images/logo.svg,https://esphome.io/shield-alt.svg,1,1,Security Best Practices,Security Best Practices,,,
/guides/physical_device_connection/,Physically Connecting to your Device - ESPHome - Smart Home Made Simple,71,Physically Connecting to your Device - ESPHome - Smart Home Made Simple,71,Yes,Physically Connecting to your Device,36,,,No,https://esphome.io/guides/physical_device_connection/,,Physically Connecting to your Device,Physically Connecting to your Device,Physically Connecting to your Device,,https://esphome.io/images/logo.svg,,article,website,https://esphome.io/guides/physical_device_connection/,https://esphome.io/guides/physical_device_connection/,summary_large_image,summary_large_image,https://esphome.io/images/logo.svg,,1,1,Physically Connecting to your Device,Physically Connecting to your Device,,,Title too long; Desc short
/guides/migrate_sonoff_tasmota/,Migrating from Tasmota - ESPHome - Smart Home Made Simple,57,Migrating from Tasmota - ESPHome - Smart Home Made Simple,57,Yes,Migration guide for installing ESPHome on ESPs running Tasmota.,63,Migration guide for installing ESPHome on ESPs running Tasmota.,63,Yes,https://esphome.io/guides/migrate_sonoff_tasmota/,,Migrating from Tasmota,Migrating from Tasmota,Migration guide for installing ESPHome on ESPs running Tasmota.,Migration guide for installing ESPHome on ESPs running Tasmota.,https://esphome.io/images/logo.svg,https://esphome.io/tasmota.svg,article,website,https://esphome.io/guides/migrate_sonoff_tasmota/,https://esphome.io/guides/migrate_sonoff_tasmota/,summary_large_image,summary_large_image,https://esphome.io/images/logo.svg,https://esphome.io/tasmota.svg,1,1,Migrating from Tasmota,Migrating from Tasmota,,,
/guides/migrate_espurna/,Migrating from ESPurna - ESPHome - Smart Home Made Simple,57,Migrating from ESPurna - ESPHome - Smart Home Made Simple,57,Yes,Migration guide for installing ESPHome on ESPs running ESPurna.,63,Migration guide for installing ESPHome on ESPs running ESPurna.,63,Yes,https://esphome.io/guides/migrate_espurna/,,Migrating from ESPurna,Migrating from ESPurna,Migration guide for installing ESPHome on ESPs running ESPurna.,Migration guide for installing ESPHome on ESPs running ESPurna.,https://esphome.io/images/logo.svg,https://esphome.io/espurna.svg,article,website,https://esphome.io/guides/migrate_espurna/,https://esphome.io/guides/migrate_espurna/,summary_large_image,summary_large_image,https://esphome.io/images/logo.svg,https://esphome.io/espurna.svg,1,1,Migrating from ESPurna,Migrating from ESPurna,,,
/guides/migrate_espeasy/,Migrating from ESPEasy - ESPHome - Smart Home Made Simple,57,Migrating from ESPEasy - ESPHome - Smart Home Made Simple,57,Yes,Migration guide for installing ESPHome on ESPs running ESPEasy.,63,Migration guide for installing ESPHome on ESPs running ESPEasy.,63,Yes,https://esphome.io/guides/migrate_espeasy/,,Migrating from ESPEasy,Migrating from ESPEasy,Migration guide for installing ESPHome on ESPs running ESPEasy.,Migration guide for installing ESPHome on ESPs running ESPEasy.,https://esphome.io/images/logo.svg,https://esphome.io/espeasy.svg,article,website,https://esphome.io/guides/migrate_espeasy/,https://esphome.io/guides/migrate_espeasy/,summary_large_image,summary_large_image,https://esphome.io/images/logo.svg,https://esphome.io/espeasy.svg,1,1,Migrating from ESPEasy,Migrating from ESPEasy,,,
/guides/made_for_esphome/,Made for ESPHome - ESPHome - Smart Home Made Simple,51,Made for ESPHome - ESPHome - Smart Home Made Simple,51,Yes,Information about the Made for ESPHome program,46,Information about the Made for ESPHome program,46,Yes,https://esphome.io/guides/made_for_esphome/,,Made for ESPHome,Made for ESPHome,Information about the Made for ESPHome program,Information about the Made for ESPHome program,https://esphome.io/images/logo.svg,https://esphome.io/images/made-for-esphome-black-on-white.png,article,website,https://esphome.io/guides/made_for_esphome/,https://esphome.io/guides/made_for_esphome/,summary_large_image,summary_large_image,https://esphome.io/images/logo.svg,https://esphome.io/images/made-for-esphome-black-on-white.png,1,1,Made for ESPHome,Made for ESPHome,,,Desc short
/guides/installing_esphome/,Installing ESPHome Manually - ESPHome - Smart Home Made Simple,62,Installing ESPHome Manually - ESPHome - Smart Home Made Simple,62,Yes,Installing ESPHome Manually,27,,,No,https://esphome.io/guides/installing_esphome/,,Installing ESPHome Manually,Installing ESPHome Manually,Installing ESPHome Manually,,https://esphome.io/images/logo.svg,,article,website,https://esphome.io/guides/installing_esphome/,https://esphome.io/guides/installing_esphome/,summary_large_image,summary_large_image,https://esphome.io/images/logo.svg,,1,1,Installing ESPHome Manually,Installing ESPHome Manually,,,Title too long; Desc short
/guides/getting_started_hassio/,Getting Started with ESPHome and Home Assistant - ESPHome - Smart Home Made Simple,82,Getting Started with ESPHome and Home Assistant - ESPHome - Smart Home Made Simple,82,Yes,Getting Started guide for installing ESPHome Device Builder as a Home Assistant add-on and creating a basic configuration.,122,Getting Started guide for installing ESPHome Device Builder as a Home Assistant add-on and creating a basic configuration.,122,Yes,https://esphome.io/guides/getting_started_hassio/,,Getting Started with ESPHome and Home Assistant,Getting Started with ESPHome and Home Assistant,Getting Started guide for installing ESPHome Device Builder as a Home Assistant add-on and creating a basic configuration.,Getting Started guide for installing ESPHome Device Builder as a Home Assistant add-on and creating a basic configuration.,https://esphome.io/images/logo.svg,https://esphome.io/images/home-assistant.svg,article,website,https://esphome.io/guides/getting_started_hassio/,https://esphome.io/guides/getting_started_hassio/,summary_large_image,summary_large_image,https://esphome.io/images/logo.svg,https://esphome.io/images/home-assistant.svg,1,1,Getting Started with ESPHome and Home Assistant,Getting Started with ESPHome and Home Assistant,,,Title too long
/guides/getting_started_command_line/,Getting Started with the ESPHome Command Line - ESPHome - Smart Home Made Simple,80,Getting Started with the ESPHome Command Line - ESPHome - Smart Home Made Simple,80,Yes,Getting Started guide for installing ESPHome using the command line and creating a basic configuration.,103,Getting Started guide for installing ESPHome using the command line and creating a basic configuration.,103,Yes,https://esphome.io/guides/getting_started_command_line/,,Getting Started with the ESPHome Command Line,Getting Started with the ESPHome Command Line,Getting Started guide for installing ESPHome using the command line and creating a basic configuration.,Getting Started guide for installing ESPHome using the command line and creating a basic configuration.,https://esphome.io/images/logo.svg,https://esphome.io/console.svg,article,website,https://esphome.io/guides/getting_started_command_line/,https://esphome.io/guides/getting_started_command_line/,summary_large_image,summary_large_image,https://esphome.io/images/logo.svg,https://esphome.io/console.svg,1,1,Getting Started with the ESPHome Command Line,Getting Started with the ESPHome Command Line,,,Title too long
/guides/faq/,Frequently Asked Questions - ESPHome - Smart Home Made Simple,61,Frequently Asked Questions - ESPHome - Smart Home Made Simple,61,Yes,Frequently asked questions in ESPHome.,38,Frequently asked questions in ESPHome.,38,Yes,https://esphome.io/guides/faq/,,Frequently Asked Questions,Frequently Asked Questions,Frequently asked questions in ESPHome.,Frequently asked questions in ESPHome.,https://esphome.io/images/logo.svg,https://esphome.io/question_answer.svg,article,website,https://esphome.io/guides/faq/,https://esphome.io/guides/faq/,summary_large_image,summary_large_image,https://esphome.io/images/logo.svg,https://esphome.io/question_answer.svg,1,1,Frequently Asked Questions,Frequently Asked Questions,,,Title too long; Desc short
/guides/esp32_arduino_to_idf/,ESP32 Arduino to ESP-IDF Migration Guide - ESPHome - Smart Home Made Simple,75,ESP32 Arduino to ESP-IDF Migration Guide - ESPHome - Smart Home Made Simple,75,Yes,Guide for migrating ESP32 devices from Arduino framework to ESP-IDF,67,Guide for migrating ESP32 devices from Arduino framework to ESP-IDF,67,Yes,https://esphome.io/guides/esp32_arduino_to_idf/,,ESP32 Arduino to ESP-IDF Migration Guide,ESP32 Arduino to ESP-IDF Migration Guide,Guide for migrating ESP32 devices from Arduino framework to ESP-IDF,Guide for migrating ESP32 devices from Arduino framework to ESP-IDF,https://esphome.io/images/logo.svg,https://esphome.io/images/esp32.svg,article,website,https://esphome.io/guides/esp32_arduino_to_idf/,https://esphome.io/guides/esp32_arduino_to_idf/,summary_large_image,summary_large_image,https://esphome.io/images/logo.svg,https://esphome.io/images/esp32.svg,1,1,ESP32 Arduino to ESP-IDF Migration Guide,ESP32 Arduino to ESP-IDF Migration Guide,,,Title too long
/guides/diy/,DIY Examples - ESPHome - Smart Home Made Simple,47,DIY Examples - ESPHome - Smart Home Made Simple,47,Yes,Community curated list of DIY creations and custom code for ESPHome.,68,Community curated list of DIY creations and custom code for ESPHome.,68,Yes,https://esphome.io/guides/diy/,,DIY Examples,DIY Examples,Community curated list of DIY creations and custom code for ESPHome.,Community curated list of DIY creations and custom code for ESPHome.,https://esphome.io/images/logo.svg,https://esphome.io/earth.svg,article,website,https://esphome.io/guides/diy/,https://esphome.io/guides/diy/,summary_large_image,summary_large_image,https://esphome.io/images/logo.svg,https://esphome.io/earth.svg,1,1,DIY Examples,DIY Examples,,,
/guides/devboard_as_flasher/,Using an ESP devboard as a USB-UART bridge - ESPHome - Smart Home Made Simple,77,Using an ESP devboard as a USB-UART bridge - ESPHome - Smart Home Made Simple,77,Yes,Using an ESP devboard as a USB-UART bridge,42,,,No,https://esphome.io/guides/devboard_as_flasher/,,Using an ESP devboard as a USB-UART bridge,Using an ESP devboard as a USB-UART bridge,Using an ESP devboard as a USB-UART bridge,,https://esphome.io/images/logo.svg,,article,website,https://esphome.io/guides/devboard_as_flasher/,https://esphome.io/guides/devboard_as_flasher/,summary_large_image,summary_large_image,https://esphome.io/images/logo.svg,,1,1,Using an ESP devboard as a USB-UART bridge,Using an ESP devboard as a USB-UART bridge,,,Title too long; Desc short
/guides/creators/,Sharing ESPHome devices - ESPHome - Smart Home Made Simple,58,Sharing ESPHome devices - ESPHome - Smart Home Made Simple,58,Yes,Information for creating and sharing devices using ESPHome firmware.,68,Information for creating and sharing devices using ESPHome firmware.,68,Yes,https://esphome.io/guides/creators/,,Sharing ESPHome devices,Sharing ESPHome devices,Information for creating and sharing devices using ESPHome firmware.,Information for creating and sharing devices using ESPHome firmware.,https://esphome.io/images/logo.svg,,article,website,https://esphome.io/guides/creators/,https://esphome.io/guides/creators/,summary_large_image,summary_large_image,https://esphome.io/images/logo.svg,,1,1,Sharing ESPHome devices,Sharing ESPHome devices,,,
/guides/configuration-types/,Configuration Types - ESPHome - Smart Home Made Simple,54,Configuration Types - ESPHome - Smart Home Made Simple,54,Yes,Documentation of different configuration types in ESPHome,57,Documentation of different configuration types in ESPHome,57,Yes,https://esphome.io/guides/configuration-types/,,Configuration Types,Configuration Types,Documentation of different configuration types in ESPHome,Documentation of different configuration types in ESPHome,https://esphome.io/images/logo.svg,https://esphome.io/images/settings.svg,article,website,https://esphome.io/guides/configuration-types/,https://esphome.io/guides/configuration-types/,summary_large_image,summary_large_image,https://esphome.io/images/logo.svg,https://esphome.io/images/settings.svg,1,1,Configuration Types,Configuration Types,,,
/guides/cli/,Command Line Interface - ESPHome - Smart Home Made Simple,57,Command Line Interface - ESPHome - Smart Home Made Simple,57,Yes,Documentation for the command line interface of ESPHome.,56,Documentation for the command line interface of ESPHome.,56,Yes,https://esphome.io/guides/cli/,,Command Line Interface,Command Line Interface,Documentation for the command line interface of ESPHome.,Documentation for the command line interface of ESPHome.,https://esphome.io/images/logo.svg,,article,website,https://esphome.io/guides/cli/,https://esphome.io/guides/cli/,summary_large_image,summary_large_image,https://esphome.io/images/logo.svg,,1,1,Command Line Interface,Command Line Interface,,,
/guides/changelog/,Changelog - ESPHome - Smart Home Made Simple,44,Changelog - ESPHome - Smart Home Made Simple,44,Yes,Changelog,9,,,No,https://esphome.io/guides/changelog/,/changelog/,Changelog,Changelog,Changelog,,https://esphome.io/images/logo.svg,,article,website,https://esphome.io/guides/changelog/,https://esphome.io/guides/changelog/,summary_large_image,summary_large_image,https://esphome.io/images/logo.svg,,1,1,Changelog,Changelog,,,Desc short
/guides/audio_clips_for_i2s/,Create audio clip files for use with I²S Speakers - ESPHome - Smart Home Made Simple,84,Create audio clip files for use with I²S Speakers - ESPHome - Smart Home Made Simple,84,Yes,Create audio clip files for use with I²S Speakers,49,,,No,https://esphome.io/guides/audio_clips_for_i2s/,,Create audio clip files for use with I²S Speakers,Create audio clip files for use with I²S Speakers,Create audio clip files for use with I²S Speakers,,https://esphome.io/images/logo.svg,,article,website,https://esphome.io/guides/audio_clips_for_i2s/,https://esphome.io/guides/audio_clips_for_i2s/,summary_large_image,summary_large_image,https://esphome.io/images/logo.svg,,1,1,Create audio clip files for use with I²S Speakers,Create audio clip files for use with I²S Speakers,,,Title too long; Desc short
/cookbook/,Cookbook - ESPHome - Smart Home Made Simple,43,Cookbook - ESPHome - Smart Home Made Simple,43,Yes,Cookbook,8,,,No,https://esphome.io/cookbook/,,Cookbook,Cookbook,Cookbook,,https://esphome.io/images/logo.svg,,article,website,https://esphome.io/cookbook/,https://esphome.io/cookbook/,summary_large_image,summary_large_image,https://esphome.io/images/logo.svg,,1,1,Cookbook,Cookbook,,,Desc short
/cookbook/sonoff-fishpond-pump/,Sonoff Fish Pond Pump - ESPHome - Smart Home Made Simple,56,Sonoff Fish Pond Pump - ESPHome - Smart Home Made Simple,56,Yes,Making an automated fish pond pump with timing and auto stop safety with Sonoff Basic ESP8266 chip,98,Making an automated fish pond pump with timing and auto stop safety with Sonoff Basic ESP8266 chip,98,Yes,https://esphome.io/cookbook/sonoff-fishpond-pump/,,Sonoff Fish Pond Pump,Sonoff Fish Pond Pump,Making an automated fish pond pump with timing and auto stop safety with Sonoff Basic ESP8266 chip,Making an automated fish pond pump with timing and auto stop safety with Sonoff Basic ESP8266 chip,https://esphome.io/images/logo.svg,https://esphome.io/images/cookbook-sonoff-fishpond-pump.jpg,article,website,https://esphome.io/cookbook/sonoff-fishpond-pump/,https://esphome.io/cookbook/sonoff-fishpond-pump/,summary_large_image,summary_large_image,https://esphome.io/images/logo.svg,https://esphome.io/images/cookbook-sonoff-fishpond-pump.jpg,1,1,Sonoff Fish Pond Pump,Sonoff Fish Pond Pump,,,
/cookbook/pulse-catcher/,Pulse Catcher - ESPHome - Smart Home Made Simple,48,Pulse Catcher - ESPHome - Smart Home Made Simple,48,Yes,Example to use the pulse meter sensor as a pulse catcher.,57,Example to use the pulse meter sensor as a pulse catcher.,57,Yes,https://esphome.io/cookbook/pulse-catcher/,,Pulse Catcher,Pulse Catcher,Example to use the pulse meter sensor as a pulse catcher.,Example to use the pulse meter sensor as a pulse catcher.,https://esphome.io/images/logo.svg,https://esphome.io/images/pulses.png,article,website,https://esphome.io/cookbook/pulse-catcher/,https://esphome.io/cookbook/pulse-catcher/,summary_large_image,summary_large_image,https://esphome.io/images/logo.svg,https://esphome.io/images/pulses.png,1,1,Pulse Catcher,Pulse Catcher,,,
/cookbook/power_meter/,Non-Invasive Power Meter - ESPHome - Smart Home Made Simple,59,Non-Invasive Power Meter - ESPHome - Smart Home Made Simple,59,Yes,Instructions for hacking your power meter at home to measure your power usage.,78,Instructions for hacking your power meter at home to measure your power usage.,78,Yes,https://esphome.io/cookbook/power_meter/,,Non-Invasive Power Meter,Non-Invasive Power Meter,Instructions for hacking your power meter at home to measure your power usage.,Instructions for hacking your power meter at home to measure your power usage.,https://esphome.io/images/logo.svg,https://esphome.io/images/power_meter.jpg,article,website,https://esphome.io/cookbook/power_meter/,https://esphome.io/cookbook/power_meter/,summary_large_image,summary_large_image,https://esphome.io/images/logo.svg,https://esphome.io/images/power_meter.jpg,1,1,Non-Invasive Power Meter,Non-Invasive Power Meter,,,
/cookbook/lvgl/,LVGL: Tips and Tricks - ESPHome - Smart Home Made Simple,56,LVGL: Tips and Tricks - ESPHome - Smart Home Made Simple,56,Yes,Recipes for common use cases of LVGL Displays with ESPHome,58,Recipes for common use cases of LVGL Displays with ESPHome,58,Yes,https://esphome.io/cookbook/lvgl/,,LVGL: Tips and Tricks,LVGL: Tips and Tricks,Recipes for common use cases of LVGL Displays with ESPHome,Recipes for common use cases of LVGL Displays with ESPHome,https://esphome.io/images/logo.svg,https://esphome.io/images/lvgl.png,article,website,https://esphome.io/cookbook/lvgl/,https://esphome.io/cookbook/lvgl/,summary_large_image,summary_large_image,https://esphome.io/images/logo.svg,https://esphome.io/images/lvgl.png,1,1,LVGL: Tips and Tricks,LVGL: Tips and Tricks,,,
/cookbook/leak-detector-m5stickc/,ESP32 Water Leak Detector (with notification) - ESPHome - Smart Home Made Simple,80,ESP32 Water Leak Detector (with notification) - ESPHome - Smart Home Made Simple,80,Yes,Water leak detector with ESPHome on an M5StickC ESP32,53,Water leak detector with ESPHome on an M5StickC ESP32,53,Yes,https://esphome.io/cookbook/leak-detector-m5stickc/,,ESP32 Water Leak Detector (with notification),ESP32 Water Leak Detector (with notification),Water leak detector with ESPHome on an M5StickC ESP32,Water leak detector with ESPHome on an M5StickC ESP32,https://esphome.io/images/logo.svg,,article,website,https://esphome.io/cookbook/leak-detector-m5stickc/,https://esphome.io/cookbook/leak-detector-m5stickc/,summary_large_image,summary_large_image,https://esphome.io/images/logo.svg,,1,1,ESP32 Water Leak Detector (with notification),ESP32 Water Leak Detector (with notification),,,Title too long
/cookbook/lambda_magic/,Lambda Magic - ESPHome - Smart Home Made Simple,47,Lambda Magic - ESPHome - Smart Home Made Simple,47,Yes,Recipes for various interesting things you can do with Lambdas in ESPHome,73,Recipes for various interesting things you can do with Lambdas in ESPHome,73,Yes,https://esphome.io/cookbook/lambda_magic/,,Lambda Magic,Lambda Magic,Recipes for various interesting things you can do with Lambdas in ESPHome,Recipes for various interesting things you can do with Lambdas in ESPHome,https://esphome.io/images/logo.svg,https://esphome.io/images/language-cpp.svg,article,website,https://esphome.io/cookbook/lambda_magic/,https://esphome.io/cookbook/lambda_magic/,summary_large_image,summary_large_image,https://esphome.io/images/logo.svg,https://esphome.io/images/language-cpp.svg,1,1,Lambda Magic,Lambda Magic,,,
/cookbook/infostrip/,Infostripe - ESPHome - Smart Home Made Simple,45,Infostripe - ESPHome - Smart Home Made Simple,45,Yes,Simple visualisation of Home Assistant states using a Neopixel stripe,69,Simple visualisation of Home Assistant states using a Neopixel stripe,69,Yes,https://esphome.io/cookbook/infostrip/,,Infostripe,Infostripe,Simple visualisation of Home Assistant states using a Neopixel stripe,Simple visualisation of Home Assistant states using a Neopixel stripe,https://esphome.io/images/logo.svg,https://esphome.io/cookbook/images/infostrip-detail.jpg,article,website,https://esphome.io/cookbook/infostrip/,https://esphome.io/cookbook/infostrip/,summary_large_image,summary_large_image,https://esphome.io/images/logo.svg,https://esphome.io/cookbook/images/infostrip-detail.jpg,1,1,Infostripe,Infostripe,,,
/cookbook/garage-door/,Simple Garage Door - ESPHome - Smart Home Made Simple,53,Simple Garage Door - ESPHome - Smart Home Made Simple,53,Yes,Instructions for setting up a simple garage door in ESPHome.,60,Instructions for setting up a simple garage door in ESPHome.,60,Yes,https://esphome.io/cookbook/garage-door/,,Simple Garage Door,Simple Garage Door,Instructions for setting up a simple garage door in ESPHome.,Instructions for setting up a simple garage door in ESPHome.,https://esphome.io/images/logo.svg,https://esphome.io/window-open.svg,article,website,https://esphome.io/cookbook/garage-door/,https://esphome.io/cookbook/garage-door/,summary_large_image,summary_large_image,https://esphome.io/images/logo.svg,https://esphome.io/window-open.svg,1,1,Simple Garage Door,Simple Garage Door,,,
/cookbook/ehmtx/,ehmtx a matrix status display - ESPHome - Smart Home Made Simple,64,ehmtx a matrix status display - ESPHome - Smart Home Made Simple,64,Yes,"A simple DIY status display, build with a flexible 8x32 RGB LED panel.",70,"A simple DIY status display, build with a flexible 8x32 RGB LED panel.",70,Yes,https://esphome.io/cookbook/ehmtx/,,ehmtx a matrix status display,ehmtx a matrix status display,"A simple DIY status display, build with a flexible 8x32 RGB LED panel.","A simple DIY status display, build with a flexible 8x32 RGB LED panel.",https://esphome.io/images/logo.svg,https://esphome.io/images/ehmtx.jpg,article,website,https://esphome.io/cookbook/ehmtx/,https://esphome.io/cookbook/ehmtx/,summary_large_image,summary_large_image,https://esphome.io/images/logo.svg,https://esphome.io/images/ehmtx.jpg,1,1,ehmtx a matrix status display,ehmtx a matrix status display,,,Title too long
/cookbook/display_time_temp_oled/,Time & Temperature on OLED Display - ESPHome - Smart Home Made Simple,69,Time & Temperature on OLED Display - ESPHome - Smart Home Made Simple,69,Yes,Instructions for setting up a display in ESPHome to show sensor values from Home Assistant,90,Instructions for setting up a display in ESPHome to show sensor values from Home Assistant,90,Yes,https://esphome.io/cookbook/display_time_temp_oled/,,Time & Temperature on OLED Display,Time & Temperature on OLED Display,Instructions for setting up a display in ESPHome to show sensor values from Home Assistant,Instructions for setting up a display in ESPHome to show sensor values from Home Assistant,https://esphome.io/images/logo.svg,,article,website,https://esphome.io/cookbook/display_time_temp_oled/,https://esphome.io/cookbook/display_time_temp_oled/,summary_large_image,summary_large_image,https://esphome.io/images/logo.svg,,1,1,Time & Temperature on OLED Display,Time & Temperature on OLED Display,,,Title too long
/cookbook/bme280_environment/,BME280 Environment - ESPHome - Smart Home Made Simple,53,BME280 Environment - ESPHome - Smart Home Made Simple,53,Yes,"Instructions for setting up BME280 sensors in ESPHome and calculate altitude, absolute humidity, and sea level pressure.",120,"Instructions for setting up BME280 sensors in ESPHome and calculate altitude, absolute humidity, and sea level pressure.",120,Yes,https://esphome.io/cookbook/bme280_environment/,,BME280 Environment,BME280 Environment,"Instructions for setting up BME280 sensors in ESPHome and calculate altitude, absolute humidity, and sea level pressure.","Instructions for setting up BME280 sensors in ESPHome and calculate altitude, absolute humidity, and sea level pressure.",https://esphome.io/images/logo.svg,https://esphome.io/images/bme280.jpg,article,website,https://esphome.io/cookbook/bme280_environment/,https://esphome.io/cookbook/bme280_environment/,summary_large_image,summary_large_image,https://esphome.io/images/logo.svg,https://esphome.io/images/bme280.jpg,1,1,BME280 Environment,BME280 Environment,,,
/cookbook/arduino_port_extender/,Arduino Port Expander - ESPHome - Smart Home Made Simple,56,Arduino Port Expander - ESPHome - Smart Home Made Simple,56,Yes,"Instructions on using an Arduino board, like the Pro Mini for expanding ports of an ESPHome node",96,"Instructions on using an Arduino board, like the Pro Mini for expanding ports of an ESPHome node",96,Yes,https://esphome.io/cookbook/arduino_port_extender/,,Arduino Port Expander,Arduino Port Expander,"Instructions on using an Arduino board, like the Pro Mini for expanding ports of an ESPHome node","Instructions on using an Arduino board, like the Pro Mini for expanding ports of an ESPHome node",https://esphome.io/images/logo.svg,https://esphome.io/images/arduino_logo.svg,article,website,https://esphome.io/cookbook/arduino_port_extender/,https://esphome.io/cookbook/arduino_port_extender/,summary_large_image,summary_large_image,https://esphome.io/images/logo.svg,https://esphome.io/images/arduino_logo.svg,1,1,Arduino Port Expander,Arduino Port Expander,,,
/components/,ESPHome Docs - ESPHome - Smart Home Made Simple,47,ESPHome Docs - ESPHome - Smart Home Made Simple,47,Yes,main documentation,18,ESPHome main documentation,26,No,https://esphome.io/components/,,ESPHome Docs,ESPHome Docs,main documentation,ESPHome main documentation,https://esphome.io/images/logo.svg,https://esphome.io/images/logo-docs.svg,article,website,https://esphome.io/components/,https://esphome.io/components/,summary_large_image,summary_large_image,https://esphome.io/images/logo.svg,https://esphome.io/images/logo-docs.svg,1,1,ESPHome Docs,ESPHome Docs,,,Desc short
/components/zwave_proxy/,Z-Wave Proxy - ESPHome - Smart Home Made Simple,47,Z-Wave Proxy - ESPHome - Smart Home Made Simple,47,Yes,Instructions for setting up the Z-Wave Proxy in ESPHome.,56,Instructions for setting up the Z-Wave Proxy in ESPHome.,56,Yes,https://esphome.io/components/zwave_proxy/,,Z-Wave Proxy,Z-Wave Proxy,Instructions for setting up the Z-Wave Proxy in ESPHome.,Instructions for setting up the Z-Wave Proxy in ESPHome.,https://esphome.io/images/logo.svg,https://esphome.io/images/z-wave.svg,article,website,https://esphome.io/components/zwave_proxy/,https://esphome.io/components/zwave_proxy/,summary_large_image,summary_large_image,https://esphome.io/images/logo.svg,https://esphome.io/images/z-wave.svg,1,1,Z-Wave Proxy,Z-Wave Proxy,,,
/components/zigbee/,Zigbee End Device - ESPHome - Smart Home Made Simple,52,Zigbee End Device - ESPHome - Smart Home Made Simple,52,Yes,Zigbee End Device for Zigbee2MQTT and ZHA.,42,Zigbee End Device for Zigbee2MQTT and ZHA.,42,Yes,https://esphome.io/components/zigbee/,,Zigbee End Device,Zigbee End Device,Zigbee End Device for Zigbee2MQTT and ZHA.,Zigbee End Device for Zigbee2MQTT and ZHA.,https://esphome.io/images/logo.svg,https://esphome.io/images/zigbee.svg,article,website,https://esphome.io/components/zigbee/,https://esphome.io/components/zigbee/,summary_large_image,summary_large_image,https://esphome.io/images/logo.svg,https://esphome.io/images/zigbee.svg,1,1,Zigbee End Device,Zigbee End Device,,,Desc short
/components/xxtea/,XXTEA Component - ESPHome - Smart Home Made Simple,50,XXTEA Component - ESPHome - Smart Home Made Simple,50,Yes,Lightweight encryption algorithm for ESPHome,44,Lightweight encryption algorithm for ESPHome,44,Yes,https://esphome.io/components/xxtea/,,XXTEA Component,XXTEA Component,Lightweight encryption algorithm for ESPHome,Lightweight encryption algorithm for ESPHome,https://esphome.io/images/logo.svg,,article,website,https://esphome.io/components/xxtea/,https://esphome.io/components/xxtea/,summary_large_image,summary_large_image,https://esphome.io/images/logo.svg,,1,1,XXTEA Component,XXTEA Component,,,Desc short
/components/xl9535/,XL9535 I/O Expander - ESPHome - Smart Home Made Simple,54,XL9535 I/O Expander - ESPHome - Smart Home Made Simple,54,Yes,Instructions for setting up XL9535 digital port expanders in ESPHome.,69,Instructions for setting up XL9535 digital port expanders in ESPHome.,69,Yes,https://esphome.io/components/xl9535/,,XL9535 I/O Expander,XL9535 I/O Expander,Instructions for setting up XL9535 digital port expanders in ESPHome.,Instructions for setting up XL9535 digital port expanders in ESPHome.,https://esphome.io/images/logo.svg,https://esphome.io/images/xl9535.svg,article,website,https://esphome.io/components/xl9535/,https://esphome.io/components/xl9535/,summary_large_image,summary_large_image,https://esphome.io/images/logo.svg,https://esphome.io/images/xl9535.svg,1,1,XL9535 I/O Expander,XL9535 I/O Expander,,,
/components/wireguard/,WireGuard Component - ESPHome - Smart Home Made Simple,54,WireGuard Component - ESPHome - Smart Home Made Simple,54,Yes,Instructions to setup WireGuard for your ESP board.,51,Instructions to setup WireGuard for your ESP board.,51,Yes,https://esphome.io/components/wireguard/,,WireGuard Component,WireGuard Component,Instructions to setup WireGuard for your ESP board.,Instructions to setup WireGuard for your ESP board.,https://esphome.io/images/logo.svg,,article,website,https://esphome.io/components/wireguard/,https://esphome.io/components/wireguard/,summary_large_image,summary_large_image,https://esphome.io/images/logo.svg,,1,1,WireGuard Component,WireGuard Component,,,
/components/wifi/,WiFi Component - ESPHome - Smart Home Made Simple,49,WiFi Component - ESPHome - Smart Home Made Simple,49,Yes,Instructions for setting up the WiFi configuration for your ESP node in ESPHome.,80,Instructions for setting up the WiFi configuration for your ESP node in ESPHome.,80,Yes,https://esphome.io/components/wifi/,,WiFi Component,WiFi Component,Instructions for setting up the WiFi configuration for your ESP node in ESPHome.,Instructions for setting up the WiFi configuration for your ESP node in ESPHome.,https://esphome.io/images/logo.svg,https://esphome.io/images/network-wifi.svg,article,website,https://esphome.io/components/wifi/,https://esphome.io/components/wifi/,summary_large_image,summary_large_image,https://esphome.io/images/logo.svg,https://esphome.io/images/network-wifi.svg,1,1,WiFi Component,WiFi Component,,,
/components/wiegand/,Wiegand keypad and tag reader - ESPHome - Smart Home Made Simple,64,Wiegand keypad and tag reader - ESPHome - Smart Home Made Simple,64,Yes,Wiegand-standard key input and card/tag reader panel,52,Wiegand-standard key input and card/tag reader panel,52,Yes,https://esphome.io/components/wiegand/,,Wiegand keypad and tag reader,Wiegand keypad and tag reader,Wiegand-standard key input and card/tag reader panel,Wiegand-standard key input and card/tag reader panel,https://esphome.io/images/logo.svg,https://esphome.io/images/wiegand.jpg,article,website,https://esphome.io/components/wiegand/,https://esphome.io/components/wiegand/,summary_large_image,summary_large_image,https://esphome.io/images/logo.svg,https://esphome.io/images/wiegand.jpg,1,1,Wiegand keypad and tag reader,Wiegand keypad and tag reader,,,Title too long
/components/weikai/,WeiKai SPI/I²C UART/IO Expander - ESPHome - Smart Home Made Simple,66,WeiKai SPI/I²C UART/IO Expander - ESPHome - Smart Home Made Simple,66,Yes,Instructions for setting up WeiKai SPI/I²C to UART Expanders in ESPHome.,72,Instructions for setting up WeiKai SPI/I²C to UART Expanders in ESPHome.,72,Yes,https://esphome.io/components/weikai/,,WeiKai SPI/I²C UART/IO Expander,WeiKai SPI/I²C UART/IO Expander,Instructions for setting up WeiKai SPI/I²C to UART Expanders in ESPHome.,Instructions for setting up WeiKai SPI/I²C to UART Expanders in ESPHome.,https://esphome.io/images/logo.svg,https://esphome.io/images/wk2168.jpg,article,website,https://esphome.io/components/weikai/,https://esphome.io/components/weikai/,summary_large_image,summary_large_image,https://esphome.io/images/logo.svg,https://esphome.io/images/wk2168.jpg,1,1,WeiKai SPI/I²C UART/IO Expander,WeiKai SPI/I²C UART/IO Expander,,,Title too long
/components/web_server/,Web Server Component - ESPHome - Smart Home Made Simple,55,Web Server Component - ESPHome - Smart Home Made Simple,55,Yes,Instructions for setting up a web server in ESPHome.,52,Instructions for setting up a web server in ESPHome.,52,Yes,https://esphome.io/components/web_server/,,Web Server Component,Web Server Component,Instructions for setting up a web server in ESPHome.,Instructions for setting up a web server in ESPHome.,https://esphome.io/images/logo.svg,https://esphome.io/images/http.svg,article,website,https://esphome.io/components/web_server/,https://esphome.io/components/web_server/,summary_large_image,summary_large_image,https://esphome.io/images/logo.svg,https://esphome.io/images/http.svg,1,1,Web Server Component,Web Server Component,,,
/components/water_heater/,Water Heater Component - ESPHome - Smart Home Made Simple,57,Water Heater Component - ESPHome - Smart Home Made Simple,57,Yes,Instructions for setting up water heaters in ESPHome.,53,,,No,https://esphome.io/components/water_heater/,,Water Heater Component,Water Heater Component,Instructions for setting up water heaters in ESPHome.,,https://esphome.io/images/logo.svg,,article,website,https://esphome.io/components/water_heater/,https://esphome.io/components/water_heater/,summary_large_image,summary_large_image,https://esphome.io/images/logo.svg,,1,1,Water Heater Component,Water Heater Component,,,
/components/water_heater/template/,Template Water Heater - ESPHome - Smart Home Made Simple,56,Template Water Heater - ESPHome - Smart Home Made Simple,56,Yes,Instructions for setting up template water heaters in ESPHome.,62,Instructions for setting up template water heaters in ESPHome.,62,Yes,https://esphome.io/components/water_heater/template/,,Template Water Heater,Template Water Heater,Instructions for setting up template water heaters in ESPHome.,Instructions for setting up template water heaters in ESPHome.,https://esphome.io/images/logo.svg,https://esphome.io/images/description.svg,article,website,https://esphome.io/components/water_heater/template/,https://esphome.io/components/water_heater/template/,summary_large_image,summary_large_image,https://esphome.io/images/logo.svg,https://esphome.io/images/description.svg,1,1,Template Water Heater,Template Water Heater,,,
/components/voice_assistant/,Voice Assistant - ESPHome - Smart Home Made Simple,50,Voice Assistant - ESPHome - Smart Home Made Simple,50,Yes,Instructions for setting up a Voice Assistant in ESPHome.,57,Instructions for setting up a Voice Assistant in ESPHome.,57,Yes,https://esphome.io/components/voice_assistant/,,Voice Assistant,Voice Assistant,Instructions for setting up a Voice Assistant in ESPHome.,Instructions for setting up a Voice Assistant in ESPHome.,https://esphome.io/images/logo.svg,https://esphome.io/images/voice-assistant.svg,article,website,https://esphome.io/components/voice_assistant/,https://esphome.io/components/voice_assistant/,summary_large_image,summary_large_image,https://esphome.io/images/logo.svg,https://esphome.io/images/voice-assistant.svg,1,1,Voice Assistant,Voice Assistant,,,
/components/vbus/,VBus Component - ESPHome - Smart Home Made Simple,49,VBus Component - ESPHome - Smart Home Made Simple,49,Yes,Instructions for integrating a solar energy collector controller using VBus protocol in ESPHome.,96,Instructions for integrating a solar energy collector controller using VBus protocol in ESPHome.,96,Yes,https://esphome.io/components/vbus/,,VBus Component,VBus Component,Instructions for integrating a solar energy collector controller using VBus protocol in ESPHome.,Instructions for integrating a solar energy collector controller using VBus protocol in ESPHome.,https://esphome.io/images/logo.svg,https://esphome.io/images/resol_deltasol_bs_plus.jpg,article,website,https://esphome.io/components/vbus/,https://esphome.io/components/vbus/,summary_large_image,summary_large_image,https://esphome.io/images/logo.svg,https://esphome.io/images/resol_deltasol_bs_plus.jpg,1,1,VBus Component,VBus Component,,,
/components/valve/,Valve Component - ESPHome - Smart Home Made Simple,50,Valve Component - ESPHome - Smart Home Made Simple,50,Yes,Instructions for setting up base valves in ESPHome.,51,Instructions for setting up base valves in ESPHome.,51,Yes,https://esphome.io/components/valve/,,Valve Component,Valve Component,Instructions for setting up base valves in ESPHome.,Instructions for setting up base valves in ESPHome.,https://esphome.io/images/logo.svg,https://esphome.io/images/folder-open.svg,article,website,https://esphome.io/components/valve/,https://esphome.io/components/valve/,summary_large_image,summary_large_image,https://esphome.io/images/logo.svg,https://esphome.io/images/folder-open.svg,1,1,Valve Component,Valve Component,,,
/components/valve/template/,Template Valve - ESPHome - Smart Home Made Simple,49,Template Valve - ESPHome - Smart Home Made Simple,49,Yes,Instructions for setting up template valves in ESPHome.,55,Instructions for setting up template valves in ESPHome.,55,Yes,https://esphome.io/components/valve/template/,,Template Valve,Template Valve,Instructions for setting up template valves in ESPHome.,Instructions for setting up template valves in ESPHome.,https://esphome.io/images/logo.svg,https://esphome.io/images/description.svg,article,website,https://esphome.io/components/valve/template/,https://esphome.io/components/valve/template/,summary_large_image,summary_large_image,https://esphome.io/images/logo.svg,https://esphome.io/images/description.svg,1,1,Template Valve,Template Valve,,,
/components/usb_uart/,USB Host UART Interface - ESPHome - Smart Home Made Simple,58,USB Host UART Interface - ESPHome - Smart Home Made Simple,58,Yes,Instructions for setting up a USB Host UART interface on an ESP32 in ESPHome,76,Instructions for setting up a USB Host UART interface on an ESP32 in ESPHome,76,Yes,https://esphome.io/components/usb_uart/,,USB Host UART Interface,USB Host UART Interface,Instructions for setting up a USB Host UART interface on an ESP32 in ESPHome,Instructions for setting up a USB Host UART interface on an ESP32 in ESPHome,https://esphome.io/images/logo.svg,https://esphome.io/images/usb.svg,article,website,https://esphome.io/components/usb_uart/,https://esphome.io/components/usb_uart/,summary_large_image,summary_large_image,https://esphome.io/images/logo.svg,https://esphome.io/images/usb.svg,1,1,USB Host UART Interface,USB Host UART Interface,,,
/components/usb_host/,USB Host Interface - ESPHome - Smart Home Made Simple,53,USB Host Interface - ESPHome - Smart Home Made Simple,53,Yes,Instructions for setting up a USB Host interface on an ESP32 in ESPHome,71,Instructions for setting up a USB Host interface on an ESP32 in ESPHome,71,Yes,https://esphome.io/components/usb_host/,,USB Host Interface,USB Host Interface,Instructions for setting up a USB Host interface on an ESP32 in ESPHome,Instructions for setting up a USB Host interface on an ESP32 in ESPHome,https://esphome.io/images/logo.svg,https://esphome.io/images/usb.svg,article,website,https://esphome.io/components/usb_host/,https://esphome.io/components/usb_host/,summary_large_image,summary_large_image,https://esphome.io/images/logo.svg,https://esphome.io/images/usb.svg,1,1,USB Host Interface,USB Host Interface,,,
/components/usb_cdc_acm/,USB CDC-ACM Interface - ESPHome - Smart Home Made Simple,56,USB CDC-ACM Interface - ESPHome - Smart Home Made Simple,56,Yes,Instructions for setting up USB CDC-ACM virtual serial ports on ESP32 variants in ESPHome,89,Instructions for setting up USB CDC-ACM virtual serial ports on ESP32 variants in ESPHome,89,Yes,https://esphome.io/components/usb_cdc_acm/,,USB CDC-ACM Interface,USB CDC-ACM Interface,Instructions for setting up USB CDC-ACM virtual serial ports on ESP32 variants in ESPHome,Instructions for setting up USB CDC-ACM virtual serial ports on ESP32 variants in ESPHome,https://esphome.io/images/logo.svg,https://esphome.io/images/usb.svg,article,website,https://esphome.io/components/usb_cdc_acm/,https://esphome.io/components/usb_cdc_acm/,summary_large_image,summary_large_image,https://esphome.io/images/logo.svg,https://esphome.io/images/usb.svg,1,1,USB CDC-ACM Interface,USB CDC-ACM Interface,,,
/components/uponor_smatrix/,Uponor Smatrix Base Pulse Underfloor Heating - ESPHome - Smart Home Made Simple,79,Uponor Smatrix Base Pulse Underfloor Heating - ESPHome - Smart Home Made Simple,79,Yes,Instructions for setting up an Uponor Smatrix Base Pulse underfloor heating control system in ESPHome.,102,Instructions for setting up an Uponor Smatrix Base Pulse underfloor heating control system in ESPHome.,102,Yes,https://esphome.io/components/uponor_smatrix/,,Uponor Smatrix Base Pulse Underfloor Heating,Uponor Smatrix Base Pulse Underfloor Heating,Instructions for setting up an Uponor Smatrix Base Pulse underfloor heating control system in ESPHome.,Instructions for setting up an Uponor Smatrix Base Pulse underfloor heating control system in ESPHome.,https://esphome.io/images/logo.svg,,article,website,https://esphome.io/components/uponor_smatrix/,https://esphome.io/components/uponor_smatrix/,summary_large_image,summary_large_image,https://esphome.io/images/logo.svg,,1,1,Uponor Smatrix Base Pulse Underfloor Heating,Uponor Smatrix Base Pulse Underfloor Heating,,,Title too long
/components/update/,Update Core - ESPHome - Smart Home Made Simple,46,Update Core - ESPHome - Smart Home Made Simple,46,Yes,Instructions for using Update entities to manage updates on your ESPHome devices.,81,Instructions for using Update entities to manage updates on your ESPHome devices.,81,Yes,https://esphome.io/components/update/,,Update Core,Update Core,Instructions for using Update entities to manage updates on your ESPHome devices.,Instructions for using Update entities to manage updates on your ESPHome devices.,https://esphome.io/images/logo.svg,https://esphome.io/images/system-update.svg,article,website,https://esphome.io/components/update/,https://esphome.io/components/update/,summary_large_image,summary_large_image,https://esphome.io/images/logo.svg,https://esphome.io/images/system-update.svg,1,1,Update Core,Update Core,,,
/components/update/http_request/,Managed Updates via HTTP Request - ESPHome - Smart Home Made Simple,67,Managed Updates via HTTP Request - ESPHome - Smart Home Made Simple,67,Yes,Instructions for using ESPHome's http_request update platform to manage updates on your devices.,96,Instructions for using ESPHome's http_request update platform to manage updates on your devices.,96,Yes,https://esphome.io/components/update/http_request/,,Managed Updates via HTTP Request,Managed Updates via HTTP Request,Instructions for using ESPHome's http_request update platform to manage updates on your devices.,Instructions for using ESPHome's http_request update platform to manage updates on your devices.,https://esphome.io/images/logo.svg,https://esphome.io/images/system-update.svg,article,website,https://esphome.io/components/update/http_request/,https://esphome.io/components/update/http_request/,summary_large_image,summary_large_image,https://esphome.io/images/logo.svg,https://esphome.io/images/system-update.svg,1,1,Managed Updates via HTTP Request,Managed Updates via HTTP Request,,,Title too long
/components/update/esp32_hosted/,ESP32 Hosted Co-processor Update - ESPHome - Smart Home Made Simple,67,ESP32 Hosted Co-processor Update - ESPHome - Smart Home Made Simple,67,Yes,Instructions for using the ESP32 Hosted update platform to manage co-processor firmware updates.,96,Instructions for using the ESP32 Hosted update platform to manage co-processor firmware updates.,96,Yes,https://esphome.io/components/update/esp32_hosted/,,ESP32 Hosted Co-processor Update,ESP32 Hosted Co-processor Update,Instructions for using the ESP32 Hosted update platform to manage co-processor firmware updates.,Instructions for using the ESP32 Hosted update platform to manage co-processor firmware updates.,https://esphome.io/images/logo.svg,https://esphome.io/images/system-update.svg,article,website,https://esphome.io/components/update/esp32_hosted/,https://esphome.io/components/update/esp32_hosted/,summary_large_image,summary_large_image,https://esphome.io/images/logo.svg,https://esphome.io/images/system-update.svg,1,1,ESP32 Hosted Co-processor Update,ESP32 Hosted Co-processor Update,,,Title too long
/components/udp/,UDP Component - ESPHome - Smart Home Made Simple,48,UDP Component - ESPHome - Smart Home Made Simple,48,Yes,Instructions for setting up a UDP component on ESPHome,54,Instructions for setting up a UDP component on ESPHome,54,Yes,https://esphome.io/components/udp/,,UDP Component,UDP Component,Instructions for setting up a UDP component on ESPHome,Instructions for setting up a UDP component on ESPHome,https://esphome.io/images/logo.svg,https://esphome.io/images/udp.svg,article,website,https://esphome.io/components/udp/,https://esphome.io/components/udp/,summary_large_image,summary_large_image,https://esphome.io/images/logo.svg,https://esphome.io/images/udp.svg,1,1,UDP Component,UDP Component,,,
/components/uart/,UART Bus - ESPHome - Smart Home Made Simple,43,UART Bus - ESPHome - Smart Home Made Simple,43,Yes,Instructions for setting up a UART serial bus on ESPs,53,Instructions for setting up a UART serial bus on ESPs,53,Yes,https://esphome.io/components/uart/,,UART Bus,UART Bus,Instructions for setting up a UART serial bus on ESPs,Instructions for setting up a UART serial bus on ESPs,https://esphome.io/images/logo.svg,https://esphome.io/images/uart.svg,article,website,https://esphome.io/components/uart/,https://esphome.io/components/uart/,summary_large_image,summary_large_image,https://esphome.io/images/logo.svg,https://esphome.io/images/uart.svg,1,1,UART Bus,UART Bus,,,
/components/tuya/,Tuya MCU - ESPHome - Smart Home Made Simple,43,Tuya MCU - ESPHome - Smart Home Made Simple,43,Yes,Instructions for setting up the Tuya component.,47,Instructions for setting up the Tuya component.,47,Yes,https://esphome.io/components/tuya/,,Tuya MCU,Tuya MCU,Instructions for setting up the Tuya component.,Instructions for setting up the Tuya component.,https://esphome.io/images/logo.svg,https://esphome.io/images/tuya.png,article,website,https://esphome.io/components/tuya/,https://esphome.io/components/tuya/,summary_large_image,summary_large_image,https://esphome.io/images/logo.svg,https://esphome.io/images/tuya.png,1,1,Tuya MCU,Tuya MCU,,,Desc short
/components/touchscreen/,Touchscreen Components - ESPHome - Smart Home Made Simple,57,Touchscreen Components - ESPHome - Smart Home Made Simple,57,Yes,Instruction for using touchscreen components.,45,Instruction for using touchscreen components.,45,Yes,https://esphome.io/components/touchscreen/,,Touchscreen Components,Touchscreen Components,Instruction for using touchscreen components.,Instruction for using touchscreen components.,https://esphome.io/images/logo.svg,https://esphome.io/images/folder-open.svg,article,website,https://esphome.io/components/touchscreen/,https://esphome.io/components/touchscreen/,summary_large_image,summary_large_image,https://esphome.io/images/logo.svg,https://esphome.io/images/folder-open.svg,1,1,Touchscreen Components,Touchscreen Components,,,Desc short
/components/touchscreen/xpt2046/,XPT2046 Touch Screen Controller (Updated version) - ESPHome - Smart Home Made Simple,84,XPT2046 Touch Screen Controller (Updated version) - ESPHome - Smart Home Made Simple,84,Yes,Instructions for setting up XPT2046 touch screen controller with ESPHome,72,Instructions for setting up XPT2046 touch screen controller with ESPHome,72,Yes,https://esphome.io/components/touchscreen/xpt2046/,,XPT2046 Touch Screen Controller (Updated version),XPT2046 Touch Screen Controller (Updated version),Instructions for setting up XPT2046 touch screen controller with ESPHome,Instructions for setting up XPT2046 touch screen controller with ESPHome,https://esphome.io/images/logo.svg,https://esphome.io/images/xpt2046.jpg,article,website,https://esphome.io/components/touchscreen/xpt2046/,https://esphome.io/components/touchscreen/xpt2046/,summary_large_image,summary_large_image,https://esphome.io/images/logo.svg,https://esphome.io/images/xpt2046.jpg,1,1,XPT2046 Touch Screen Controller (Updated version),XPT2046 Touch Screen Controller (Updated version),,,Title too long
/components/touchscreen/tt21100/,TT21100 Touch Screen Controller - ESPHome - Smart Home Made Simple,66,TT21100 Touch Screen Controller - ESPHome - Smart Home Made Simple,66,Yes,Instructions for setting up TT21100 touch screen controller with ESPHome,72,Instructions for setting up TT21100 touch screen controller with ESPHome,72,Yes,https://esphome.io/components/touchscreen/tt21100/,,TT21100 Touch Screen Controller,TT21100 Touch Screen Controller,Instructions for setting up TT21100 touch screen controller with ESPHome,Instructions for setting up TT21100 touch screen controller with ESPHome,https://esphome.io/images/logo.svg,https://esphome.io/images/esp32-s3-korvo-2-lcd.png,article,website,https://esphome.io/components/touchscreen/tt21100/,https://esphome.io/components/touchscreen/tt21100/,summary_large_image,summary_large_image,https://esphome.io/images/logo.svg,https://esphome.io/images/esp32-s3-korvo-2-lcd.png,1,1,TT21100 Touch Screen Controller,TT21100 Touch Screen Controller,,,Title too long
/components/touchscreen/sdl/,SDL2 Touch Screen Emulator - ESPHome - Smart Home Made Simple,61,SDL2 Touch Screen Emulator - ESPHome - Smart Home Made Simple,61,Yes,Instructions for setting up touch screen emulation with the sdl display driver.,79,Instructions for setting up touch screen emulation with the sdl display driver.,79,Yes,https://esphome.io/components/touchscreen/sdl/,,SDL2 Touch Screen Emulator,SDL2 Touch Screen Emulator,Instructions for setting up touch screen emulation with the sdl display driver.,Instructions for setting up touch screen emulation with the sdl display driver.,https://esphome.io/images/logo.svg,,article,website,https://esphome.io/components/touchscreen/sdl/,https://esphome.io/components/touchscreen/sdl/,summary_large_image,summary_large_image,https://esphome.io/images/logo.svg,,1,1,SDL2 Touch Screen Emulator,SDL2 Touch Screen Emulator,,,Title too long
/components/touchscreen/lilygo_t5_47/,"Lilygo T5 4.7"" Touchscreen - ESPHome - Smart Home Made Simple",61,"Lilygo T5 4.7"" Touchscreen - ESPHome - Smart Home Made Simple",61,Yes,"Instructions for setting up the Lilygo T5 4.7"" Touchscreen with ESPHome",71,"Instructions for setting up the Lilygo T5 4.7"" Touchscreen with ESPHome",71,Yes,https://esphome.io/components/touchscreen/lilygo_t5_47/,,"Lilygo T5 4.7"" Touchscreen","Lilygo T5 4.7"" Touchscreen","Instructions for setting up the Lilygo T5 4.7"" Touchscreen with ESPHome","Instructions for setting up the Lilygo T5 4.7"" Touchscreen with ESPHome",https://esphome.io/images/logo.svg,https://esphome.io/images/lilygo_t5_47_touch.jpg,article,website,https://esphome.io/components/touchscreen/lilygo_t5_47/,https://esphome.io/components/touchscreen/lilygo_t5_47/,summary_large_image,summary_large_image,https://esphome.io/images/logo.svg,https://esphome.io/images/lilygo_t5_47_touch.jpg,1,1,"Lilygo T5 4.7"" Touchscreen","Lilygo T5 4.7"" Touchscreen",,,Title too long
/components/touchscreen/gt911/,gt911 Touch Screen Controller - ESPHome - Smart Home Made Simple,64,gt911 Touch Screen Controller - ESPHome - Smart Home Made Simple,64,Yes,Instructions for setting up gt911 touch screen controller with ESPHome,70,Instructions for setting up gt911 touch screen controller with ESPHome,70,Yes,https://esphome.io/components/touchscreen/gt911/,,gt911 Touch Screen Controller,gt911 Touch Screen Controller,Instructions for setting up gt911 touch screen controller with ESPHome,Instructions for setting up gt911 touch screen controller with ESPHome,https://esphome.io/images/logo.svg,https://esphome.io/images/esp32_s3_box_3.png,article,website,https://esphome.io/components/touchscreen/gt911/,https://esphome.io/components/touchscreen/gt911/,summary_large_image,summary_large_image,https://esphome.io/images/logo.svg,https://esphome.io/images/esp32_s3_box_3.png,1,1,gt911 Touch Screen Controller,gt911 Touch Screen Controller,,,Title too long
/components/touchscreen/ft63x6/,FT63X6 Touchscreen Controller - ESPHome - Smart Home Made Simple,64,FT63X6 Touchscreen Controller - ESPHome - Smart Home Made Simple,64,Yes,Instructions for setting up FT63X6 touchscreen controller with ESPHome,70,Instructions for setting up FT63X6 touchscreen controller with ESPHome,70,Yes,https://esphome.io/components/touchscreen/ft63x6/,,FT63X6 Touchscreen Controller,FT63X6 Touchscreen Controller,Instructions for setting up FT63X6 touchscreen controller with ESPHome,Instructions for setting up FT63X6 touchscreen controller with ESPHome,https://esphome.io/images/logo.svg,https://esphome.io/images/wt32-sc01.png,article,website,https://esphome.io/components/touchscreen/ft63x6/,https://esphome.io/components/touchscreen/ft63x6/,summary_large_image,summary_large_image,https://esphome.io/images/logo.svg,https://esphome.io/images/wt32-sc01.png,1,1,FT63X6 Touchscreen Controller,FT63X6 Touchscreen Controller,,,Title too long
/components/touchscreen/ft5x06/,FT5X06 Touch Screen Controller - ESPHome - Smart Home Made Simple,65,FT5X06 Touch Screen Controller - ESPHome - Smart Home Made Simple,65,Yes,Instructions for setting up ft5x06 touch screen controller with ESPHome,71,Instructions for setting up ft5x06 touch screen controller with ESPHome,71,Yes,https://esphome.io/components/touchscreen/ft5x06/,,FT5X06 Touch Screen Controller,FT5X06 Touch Screen Controller,Instructions for setting up ft5x06 touch screen controller with ESPHome,Instructions for setting up ft5x06 touch screen controller with ESPHome,https://esphome.io/images/logo.svg,https://esphome.io/images/indicator.jpg,article,website,https://esphome.io/components/touchscreen/ft5x06/,https://esphome.io/components/touchscreen/ft5x06/,summary_large_image,summary_large_image,https://esphome.io/images/logo.svg,https://esphome.io/images/indicator.jpg,1,1,FT5X06 Touch Screen Controller,FT5X06 Touch Screen Controller,,,Title too long
/components/touchscreen/ektf2232/,EKTF2232 Touchscreen Controller - ESPHome - Smart Home Made Simple,66,EKTF2232 Touchscreen Controller - ESPHome - Smart Home Made Simple,66,Yes,Instructions for setting up EKTF2232 touchscreen controller with ESPHome,72,Instructions for setting up EKTF2232 touchscreen controller with ESPHome,72,Yes,https://esphome.io/components/touchscreen/ektf2232/,,EKTF2232 Touchscreen Controller,EKTF2232 Touchscreen Controller,Instructions for setting up EKTF2232 touchscreen controller with ESPHome,Instructions for setting up EKTF2232 touchscreen controller with ESPHome,https://esphome.io/images/logo.svg,https://esphome.io/images/ektf2232.svg,article,website,https://esphome.io/components/touchscreen/ektf2232/,https://esphome.io/components/touchscreen/ektf2232/,summary_large_image,summary_large_image,https://esphome.io/images/logo.svg,https://esphome.io/images/ektf2232.svg,1,1,EKTF2232 Touchscreen Controller,EKTF2232 Touchscreen Controller,,,Title too long
/components/touchscreen/cst816/,cst816 Touch Screen Controller - ESPHome - Smart Home Made Simple,65,cst816 Touch Screen Controller - ESPHome - Smart Home Made Simple,65,Yes,Instructions for setting up cst816 touch screen controller with ESPHome,71,Instructions for setting up cst816 touch screen controller with ESPHome,71,Yes,https://esphome.io/components/touchscreen/cst816/,,cst816 Touch Screen Controller,cst816 Touch Screen Controller,Instructions for setting up cst816 touch screen controller with ESPHome,Instructions for setting up cst816 touch screen controller with ESPHome,https://esphome.io/images/logo.svg,https://esphome.io/images/cst816.jpg,article,website,https://esphome.io/components/touchscreen/cst816/,https://esphome.io/components/touchscreen/cst816/,summary_large_image,summary_large_image,https://esphome.io/images/logo.svg,https://esphome.io/images/cst816.jpg,1,1,cst816 Touch Screen Controller,cst816 Touch Screen Controller,,,Title too long
/components/touchscreen/cst226/,cst226 Touch Screen Controller - ESPHome - Smart Home Made Simple,65,cst226 Touch Screen Controller - ESPHome - Smart Home Made Simple,65,Yes,Instructions for setting up cst226 touch screen controller with ESPHome,71,Instructions for setting up cst226 touch screen controller with ESPHome,71,Yes,https://esphome.io/components/touchscreen/cst226/,,cst226 Touch Screen Controller,cst226 Touch Screen Controller,Instructions for setting up cst226 touch screen controller with ESPHome,Instructions for setting up cst226 touch screen controller with ESPHome,https://esphome.io/images/logo.svg,https://esphome.io/images/t4-s3.jpg,article,website,https://esphome.io/components/touchscreen/cst226/,https://esphome.io/components/touchscreen/cst226/,summary_large_image,summary_large_image,https://esphome.io/images/logo.svg,https://esphome.io/images/t4-s3.jpg,1,1,cst226 Touch Screen Controller,cst226 Touch Screen Controller,,,Title too long
/components/touchscreen/chsc6x/,chsc6x Touch Screen Controller - ESPHome - Smart Home Made Simple,65,chsc6x Touch Screen Controller - ESPHome - Smart Home Made Simple,65,Yes,Instructions for setting up chsc6x touch screen controller with ESPHome,71,Instructions for setting up chsc6x touch screen controller with ESPHome,71,Yes,https://esphome.io/components/touchscreen/chsc6x/,,chsc6x Touch Screen Controller,chsc6x Touch Screen Controller,Instructions for setting up chsc6x touch screen controller with ESPHome,Instructions for setting up chsc6x touch screen controller with ESPHome,https://esphome.io/images/logo.svg,https://esphome.io/images/chsc6x.png,article,website,https://esphome.io/components/touchscreen/chsc6x/,https://esphome.io/components/touchscreen/chsc6x/,summary_large_image,summary_large_image,https://esphome.io/images/logo.svg,https://esphome.io/images/chsc6x.png,1,1,chsc6x Touch Screen Controller,chsc6x Touch Screen Controller,,,Title too long
/components/touchscreen/axs15231/,AXS15231 Touch Screen Controller - ESPHome - Smart Home Made Simple,67,AXS15231 Touch Screen Controller - ESPHome - Smart Home Made Simple,67,Yes,Instructions for setting up AXS15231 touch screen controller with ESPHome,73,Instructions for setting up AXS15231 touch screen controller with ESPHome,73,Yes,https://esphome.io/components/touchscreen/axs15231/,,AXS15231 Touch Screen Controller,AXS15231 Touch Screen Controller,Instructions for setting up AXS15231 touch screen controller with ESPHome,Instructions for setting up AXS15231 touch screen controller with ESPHome,https://esphome.io/images/logo.svg,https://esphome.io/images/esp32_s3_box_3.png,article,website,https://esphome.io/components/touchscreen/axs15231/,https://esphome.io/components/touchscreen/axs15231/,summary_large_image,summary_large_image,https://esphome.io/images/logo.svg,https://esphome.io/images/esp32_s3_box_3.png,1,1,AXS15231 Touch Screen Controller,AXS15231 Touch Screen Controller,,,Title too long
/components/tm1651/,TM1651 Battery Display - ESPHome - Smart Home Made Simple,57,TM1651 Battery Display - ESPHome - Smart Home Made Simple,57,Yes,Instructions for setting up TM1651 Battery Display.,51,Instructions for setting up TM1651 Battery Display.,51,Yes,https://esphome.io/components/tm1651/,,TM1651 Battery Display,TM1651 Battery Display,Instructions for setting up TM1651 Battery Display.,Instructions for setting up TM1651 Battery Display.,https://esphome.io/images/logo.svg,https://esphome.io/images/tm1651_battery_display.jpg,article,website,https://esphome.io/components/tm1651/,https://esphome.io/components/tm1651/,summary_large_image,summary_large_image,https://esphome.io/images/logo.svg,https://esphome.io/images/tm1651_battery_display.jpg,1,1,TM1651 Battery Display,TM1651 Battery Display,,,
/components/tinyusb/,TinyUSB - ESPHome - Smart Home Made Simple,42,TinyUSB - ESPHome - Smart Home Made Simple,42,Yes,Instructions for setting up TinyUSB in ESPHome,46,Instructions for setting up TinyUSB in ESPHome,46,Yes,https://esphome.io/components/tinyusb/,,TinyUSB,TinyUSB,Instructions for setting up TinyUSB in ESPHome,Instructions for setting up TinyUSB in ESPHome,https://esphome.io/images/logo.svg,https://esphome.io/images/usb.svg,article,website,https://esphome.io/components/tinyusb/,https://esphome.io/components/tinyusb/,summary_large_image,summary_large_image,https://esphome.io/images/logo.svg,https://esphome.io/images/usb.svg,1,1,TinyUSB,TinyUSB,,,Desc short
/components/time/,Time Component - ESPHome - Smart Home Made Simple,49,Time Component - ESPHome - Smart Home Made Simple,49,Yes,Instructions for setting up real time clock sources in ESPHome like network based time.,87,Instructions for setting up real time clock sources in ESPHome like network based time.,87,Yes,https://esphome.io/components/time/,,Time Component,Time Component,Instructions for setting up real time clock sources in ESPHome like network based time.,Instructions for setting up real time clock sources in ESPHome like network based time.,https://esphome.io/images/logo.svg,https://esphome.io/images/clock-outline.svg,article,website,https://esphome.io/components/time/,https://esphome.io/components/time/,summary_large_image,summary_large_image,https://esphome.io/images/logo.svg,https://esphome.io/images/clock-outline.svg,1,1,Time Component,Time Component,,,
/components/time/sntp/,SNTP Time Source - ESPHome - Smart Home Made Simple,51,SNTP Time Source - ESPHome - Smart Home Made Simple,51,Yes,SNTP Time Source,16,,,No,https://esphome.io/components/time/sntp/,,SNTP Time Source,SNTP Time Source,SNTP Time Source,,https://esphome.io/images/logo.svg,,article,website,https://esphome.io/components/time/sntp/,https://esphome.io/components/time/sntp/,summary_large_image,summary_large_image,https://esphome.io/images/logo.svg,,1,1,SNTP Time Source,SNTP Time Source,,,Desc short
/components/time/rx8130/,RX8130 Time Source - ESPHome - Smart Home Made Simple,53,RX8130 Time Source - ESPHome - Smart Home Made Simple,53,Yes,RX8130 Time Source,18,,,No,https://esphome.io/components/time/rx8130/,,RX8130 Time Source,RX8130 Time Source,RX8130 Time Source,,https://esphome.io/images/logo.svg,,article,website,https://esphome.io/components/time/rx8130/,https://esphome.io/components/time/rx8130/,summary_large_image,summary_large_image,https://esphome.io/images/logo.svg,,1,1,RX8130 Time Source,RX8130 Time Source,,,Desc short
/components/time/pcf8563/,PCF8563 Time Source - ESPHome - Smart Home Made Simple,54,PCF8563 Time Source - ESPHome - Smart Home Made Simple,54,Yes,PCF8563 Time Source,19,,,No,https://esphome.io/components/time/pcf8563/,,PCF8563 Time Source,PCF8563 Time Source,PCF8563 Time Source,,https://esphome.io/images/logo.svg,,article,website,https://esphome.io/components/time/pcf8563/,https://esphome.io/components/time/pcf8563/,summary_large_image,summary_large_image,https://esphome.io/images/logo.svg,,1,1,PCF8563 Time Source,PCF8563 Time Source,,,Desc short
/components/time/pcf85063/,PCF85063 Time Source - ESPHome - Smart Home Made Simple,55,PCF85063 Time Source - ESPHome - Smart Home Made Simple,55,Yes,PCF85063 Time Source,20,,,No,https://esphome.io/components/time/pcf85063/,,PCF85063 Time Source,PCF85063 Time Source,PCF85063 Time Source,,https://esphome.io/images/logo.svg,,article,website,https://esphome.io/components/time/pcf85063/,https://esphome.io/components/time/pcf85063/,summary_large_image,summary_large_image,https://esphome.io/images/logo.svg,,1,1,PCF85063 Time Source,PCF85063 Time Source,,,Desc short
/components/time/host/,Host Time Source - ESPHome - Smart Home Made Simple,51,Host Time Source - ESPHome - Smart Home Made Simple,51,Yes,Host Time Source,16,,,No,https://esphome.io/components/time/host/,,Host Time Source,Host Time Source,Host Time Source,,https://esphome.io/images/logo.svg,,article,website,https://esphome.io/components/time/host/,https://esphome.io/components/time/host/,summary_large_image,summary_large_image,https://esphome.io/images/logo.svg,,1,1,Host Time Source,Host Time Source,,,Desc short
/components/time/homeassistant/,Home Assistant Time Source - ESPHome - Smart Home Made Simple,61,Home Assistant Time Source - ESPHome - Smart Home Made Simple,61,Yes,Home Assistant Time Source,26,,,No,https://esphome.io/components/time/homeassistant/,,Home Assistant Time Source,Home Assistant Time Source,Home Assistant Time Source,,https://esphome.io/images/logo.svg,,article,website,https://esphome.io/components/time/homeassistant/,https://esphome.io/components/time/homeassistant/,summary_large_image,summary_large_image,https://esphome.io/images/logo.svg,,1,1,Home Assistant Time Source,Home Assistant Time Source,,,Title too long; Desc short
/components/time/gps/,GPS Time Source - ESPHome - Smart Home Made Simple,50,GPS Time Source - ESPHome - Smart Home Made Simple,50,Yes,GPS Time Source,15,,,No,https://esphome.io/components/time/gps/,,GPS Time Source,GPS Time Source,GPS Time Source,,https://esphome.io/images/logo.svg,,article,website,https://esphome.io/components/time/gps/,https://esphome.io/components/time/gps/,summary_large_image,summary_large_image,https://esphome.io/images/logo.svg,,1,1,GPS Time Source,GPS Time Source,,,Desc short
/components/time/ds1307/,DS1307 Time Source - ESPHome - Smart Home Made Simple,53,DS1307 Time Source - ESPHome - Smart Home Made Simple,53,Yes,DS1307 Time Source,18,,,No,https://esphome.io/components/time/ds1307/,,DS1307 Time Source,DS1307 Time Source,DS1307 Time Source,,https://esphome.io/images/logo.svg,,article,website,https://esphome.io/components/time/ds1307/,https://esphome.io/components/time/ds1307/,summary_large_image,summary_large_image,https://esphome.io/images/logo.svg,,1,1,DS1307 Time Source,DS1307 Time Source,,,Desc short
/components/time/bm8563/,BM8563 Time Source - ESPHome - Smart Home Made Simple,53,BM8563 Time Source - ESPHome - Smart Home Made Simple,53,Yes,BM8563 Time Source,18,,,No,https://esphome.io/components/time/bm8563/,,BM8563 Time Source,BM8563 Time Source,BM8563 Time Source,,https://esphome.io/images/logo.svg,,article,website,https://esphome.io/components/time/bm8563/,https://esphome.io/components/time/bm8563/,summary_large_image,summary_large_image,https://esphome.io/images/logo.svg,,1,1,BM8563 Time Source,BM8563 Time Source,,,Desc short
/components/text_sensor/,Text Sensor Component - ESPHome - Smart Home Made Simple,56,Text Sensor Component - ESPHome - Smart Home Made Simple,56,Yes,Instructions for setting up text sensors that represent their state as a string of text.,88,Instructions for setting up text sensors that represent their state as a string of text.,88,Yes,https://esphome.io/components/text_sensor/,,Text Sensor Component,Text Sensor Component,Instructions for setting up text sensors that represent their state as a string of text.,Instructions for setting up text sensors that represent their state as a string of text.,https://esphome.io/images/logo.svg,https://esphome.io/images/folder-open.svg,article,website,https://esphome.io/components/text_sensor/,https://esphome.io/components/text_sensor/,summary_large_image,summary_large_image,https://esphome.io/images/logo.svg,https://esphome.io/images/folder-open.svg,1,1,Text Sensor Component,Text Sensor Component,,,
/components/text_sensor/wl_134/,WL-134 Pet Tag Sensor - ESPHome - Smart Home Made Simple,56,WL-134 Pet Tag Sensor - ESPHome - Smart Home Made Simple,56,Yes,Instructions for setting up WL-134 text sensors.,48,Instructions for setting up WL-134 text sensors.,48,Yes,https://esphome.io/components/text_sensor/wl_134/,,WL-134 Pet Tag Sensor,WL-134 Pet Tag Sensor,Instructions for setting up WL-134 text sensors.,Instructions for setting up WL-134 text sensors.,https://esphome.io/images/logo.svg,https://esphome.io/images/fingerprint.svg,article,website,https://esphome.io/components/text_sensor/wl_134/,https://esphome.io/components/text_sensor/wl_134/,summary_large_image,summary_large_image,https://esphome.io/images/logo.svg,https://esphome.io/images/fingerprint.svg,1,1,WL-134 Pet Tag Sensor,WL-134 Pet Tag Sensor,,,Desc short
/components/text_sensor/wifi_info/,WiFi Info Text Sensor - ESPHome - Smart Home Made Simple,56,WiFi Info Text Sensor - ESPHome - Smart Home Made Simple,56,Yes,Instructions for setting up WiFi info text sensors.,51,Instructions for setting up WiFi info text sensors.,51,Yes,https://esphome.io/components/text_sensor/wifi_info/,,WiFi Info Text Sensor,WiFi Info Text Sensor,Instructions for setting up WiFi info text sensors.,Instructions for setting up WiFi info text sensors.,https://esphome.io/images/logo.svg,https://esphome.io/images/network-wifi.svg,article,website,https://esphome.io/components/text_sensor/wifi_info/,https://esphome.io/components/text_sensor/wifi_info/,summary_large_image,summary_large_image,https://esphome.io/images/logo.svg,https://esphome.io/images/network-wifi.svg,1,1,WiFi Info Text Sensor,WiFi Info Text Sensor,,,
/components/text_sensor/version/,Version Text Sensor - ESPHome - Smart Home Made Simple,54,Version Text Sensor - ESPHome - Smart Home Made Simple,54,Yes,Instructions for setting up version text sensors.,49,Instructions for setting up version text sensors.,49,Yes,https://esphome.io/components/text_sensor/version/,,Version Text Sensor,Version Text Sensor,Instructions for setting up version text sensors.,Instructions for setting up version text sensors.,https://esphome.io/images/logo.svg,https://esphome.io/images/new-box.svg,article,website,https://esphome.io/components/text_sensor/version/,https://esphome.io/components/text_sensor/version/,summary_large_image,summary_large_image,https://esphome.io/images/logo.svg,https://esphome.io/images/new-box.svg,1,1,Version Text Sensor,Version Text Sensor,,,Desc short
/components/text_sensor/uptime/,Uptime Text Sensor - ESPHome - Smart Home Made Simple,53,Uptime Text Sensor - ESPHome - Smart Home Made Simple,53,Yes,Instructions for setting up a text sensor that tracks the uptime of the ESP.,76,Instructions for setting up a text sensor that tracks the uptime of the ESP.,76,Yes,https://esphome.io/components/text_sensor/uptime/,,Uptime Text Sensor,Uptime Text Sensor,Instructions for setting up a text sensor that tracks the uptime of the ESP.,Instructions for setting up a text sensor that tracks the uptime of the ESP.,https://esphome.io/images/logo.svg,https://esphome.io/images/timer.svg,article,website,https://esphome.io/components/text_sensor/uptime/,https://esphome.io/components/text_sensor/uptime/,summary_large_image,summary_large_image,https://esphome.io/images/logo.svg,https://esphome.io/images/timer.svg,1,1,Uptime Text Sensor,Uptime Text Sensor,,,
/components/text_sensor/tuya/,Tuya Text Sensor - ESPHome - Smart Home Made Simple,51,Tuya Text Sensor - ESPHome - Smart Home Made Simple,51,Yes,Instructions for setting up a Tuya device sensor.,49,Instructions for setting up a Tuya device sensor.,49,Yes,https://esphome.io/components/text_sensor/tuya/,,Tuya Text Sensor,Tuya Text Sensor,Instructions for setting up a Tuya device sensor.,Instructions for setting up a Tuya device sensor.,https://esphome.io/images/logo.svg,https://esphome.io/images/tuya.png,article,website,https://esphome.io/components/text_sensor/tuya/,https://esphome.io/components/text_sensor/tuya/,summary_large_image,summary_large_image,https://esphome.io/images/logo.svg,https://esphome.io/images/tuya.png,1,1,Tuya Text Sensor,Tuya Text Sensor,,,Desc short
/components/text_sensor/template/,Template Text Sensor - ESPHome - Smart Home Made Simple,55,Template Text Sensor - ESPHome - Smart Home Made Simple,55,Yes,Instructions for setting up template text sensors in ESPHome,60,Instructions for setting up template text sensors in ESPHome,60,Yes,https://esphome.io/components/text_sensor/template/,,Template Text Sensor,Template Text Sensor,Instructions for setting up template text sensors in ESPHome,Instructions for setting up template text sensors in ESPHome,https://esphome.io/images/logo.svg,https://esphome.io/images/description.svg,article,website,https://esphome.io/components/text_sensor/template/,https://esphome.io/components/text_sensor/template/,summary_large_image,summary_large_image,https://esphome.io/images/logo.svg,https://esphome.io/images/description.svg,1,1,Template Text Sensor,Template Text Sensor,,,
/components/text_sensor/openthread_info/,OpenThread Info Text Sensor - ESPHome - Smart Home Made Simple,62,OpenThread Info Text Sensor - ESPHome - Smart Home Made Simple,62,Yes,Instructions for setting up OpenThread info text sensors.,57,Instructions for setting up OpenThread info text sensors.,57,Yes,https://esphome.io/components/text_sensor/openthread_info/,,OpenThread Info Text Sensor,OpenThread Info Text Sensor,Instructions for setting up OpenThread info text sensors.,Instructions for setting up OpenThread info text sensors.,https://esphome.io/images/logo.svg,https://esphome.io/images/openthread.png,article,website,https://esphome.io/components/text_sensor/openthread_info/,https://esphome.io/components/text_sensor/openthread_info/,summary_large_image,summary_large_image,https://esphome.io/images/logo.svg,https://esphome.io/images/openthread.png,1,1,OpenThread Info Text Sensor,OpenThread Info Text Sensor,,,Title too long
/components/text_sensor/nextion/,Nextion Text Sensor Component - ESPHome - Smart Home Made Simple,64,Nextion Text Sensor Component - ESPHome - Smart Home Made Simple,64,Yes,Instructions for setting up Nextion text sensor.,48,Instructions for setting up Nextion text sensor.,48,Yes,https://esphome.io/components/text_sensor/nextion/,,Nextion Text Sensor Component,Nextion Text Sensor Component,Instructions for setting up Nextion text sensor.,Instructions for setting up Nextion text sensor.,https://esphome.io/images/logo.svg,https://esphome.io/images/nextion.jpg,article,website,https://esphome.io/components/text_sensor/nextion/,https://esphome.io/components/text_sensor/nextion/,summary_large_image,summary_large_image,https://esphome.io/images/logo.svg,https://esphome.io/images/nextion.jpg,1,1,Nextion Text Sensor Component,Nextion Text Sensor Component,,,Title too long; Desc short
/components/text_sensor/mqtt_subscribe/,MQTT Subscribe Text Sensor - ESPHome - Smart Home Made Simple,61,MQTT Subscribe Text Sensor - ESPHome - Smart Home Made Simple,61,Yes,Instructions for setting up MQTT Subscribe text sensors that show the content of a MQTT message as their state.,111,Instructions for setting up MQTT Subscribe text sensors that show the content of a MQTT message as their state.,111,Yes,https://esphome.io/components/text_sensor/mqtt_subscribe/,,MQTT Subscribe Text Sensor,MQTT Subscribe Text Sensor,Instructions for setting up MQTT Subscribe text sensors that show the content of a MQTT message as their state.,Instructions for setting up MQTT Subscribe text sensors that show the content of a MQTT message as their state.,https://esphome.io/images/logo.svg,https://esphome.io/images/mqtt.png,article,website,https://esphome.io/components/text_sensor/mqtt_subscribe/,https://esphome.io/components/text_sensor/mqtt_subscribe/,summary_large_image,summary_large_image,https://esphome.io/images/logo.svg,https://esphome.io/images/mqtt.png,1,1,MQTT Subscribe Text Sensor,MQTT Subscribe Text Sensor,,,Title too long
/components/text_sensor/modbus_controller/,Modbus Controller Text Sensor - ESPHome - Smart Home Made Simple,64,Modbus Controller Text Sensor - ESPHome - Smart Home Made Simple,64,Yes,Instructions for setting up a modbus_controller modbus text sensor.,67,Instructions for setting up a modbus_controller modbus text sensor.,67,Yes,https://esphome.io/components/text_sensor/modbus_controller/,,Modbus Controller Text Sensor,Modbus Controller Text Sensor,Instructions for setting up a modbus_controller modbus text sensor.,Instructions for setting up a modbus_controller modbus text sensor.,https://esphome.io/images/logo.svg,,article,website,https://esphome.io/components/text_sensor/modbus_controller/,https://esphome.io/components/text_sensor/modbus_controller/,summary_large_image,summary_large_image,https://esphome.io/images/logo.svg,,1,1,Modbus Controller Text Sensor,Modbus Controller Text Sensor,,,Title too long
/components/text_sensor/lvgl/,LVGL Text Sensor - ESPHome - Smart Home Made Simple,51,LVGL Text Sensor - ESPHome - Smart Home Made Simple,51,Yes,Instructions for setting up an LVGL Text Sensor.,48,Instructions for setting up an LVGL Text Sensor.,48,Yes,https://esphome.io/components/text_sensor/lvgl/,,LVGL Text Sensor,LVGL Text Sensor,Instructions for setting up an LVGL Text Sensor.,Instructions for setting up an LVGL Text Sensor.,https://esphome.io/images/logo.svg,https://esphome.io/images/lvgl_c_txt.png,article,website,https://esphome.io/components/text_sensor/lvgl/,https://esphome.io/components/text_sensor/lvgl/,summary_large_image,summary_large_image,https://esphome.io/images/logo.svg,https://esphome.io/images/lvgl_c_txt.png,1,1,LVGL Text Sensor,LVGL Text Sensor,,,Desc short
/components/text_sensor/libretiny/,LibreTiny Text Sensor - ESPHome - Smart Home Made Simple,56,LibreTiny Text Sensor - ESPHome - Smart Home Made Simple,56,Yes,Instructions for setting up LibreTiny text sensors.,51,Instructions for setting up LibreTiny text sensors.,51,Yes,https://esphome.io/components/text_sensor/libretiny/,,LibreTiny Text Sensor,LibreTiny Text Sensor,Instructions for setting up LibreTiny text sensors.,Instructions for setting up LibreTiny text sensors.,https://esphome.io/images/logo.svg,https://esphome.io/images/libretiny.svg,article,website,https://esphome.io/components/text_sensor/libretiny/,https://esphome.io/components/text_sensor/libretiny/,summary_large_image,summary_large_image,https://esphome.io/images/logo.svg,https://esphome.io/images/libretiny.svg,1,1,LibreTiny Text Sensor,LibreTiny Text Sensor,,,
/components/text_sensor/homeassistant/,Home Assistant Text Sensor - ESPHome - Smart Home Made Simple,61,Home Assistant Text Sensor - ESPHome - Smart Home Made Simple,61,Yes,Instructions for setting up Home Assistant text sensors with ESPHome that import states from your Home Assistant instance.,122,Instructions for setting up Home Assistant text sensors with ESPHome that import states from your Home Assistant instance.,122,Yes,https://esphome.io/components/text_sensor/homeassistant/,,Home Assistant Text Sensor,Home Assistant Text Sensor,Instructions for setting up Home Assistant text sensors with ESPHome that import states from your Home Assistant instance.,Instructions for setting up Home Assistant text sensors with ESPHome that import states from your Home Assistant instance.,https://esphome.io/images/logo.svg,https://esphome.io/images/home-assistant.svg,article,website,https://esphome.io/components/text_sensor/homeassistant/,https://esphome.io/components/text_sensor/homeassistant/,summary_large_image,summary_large_image,https://esphome.io/images/logo.svg,https://esphome.io/images/home-assistant.svg,1,1,Home Assistant Text Sensor,Home Assistant Text Sensor,,,Title too long
/components/text_sensor/haier/,Haier Climate Text Sensors - ESPHome - Smart Home Made Simple,61,Haier Climate Text Sensors - ESPHome - Smart Home Made Simple,61,Yes,Instructions for setting up additional Text sensors for Haier climate devices.,78,Instructions for setting up additional Text sensors for Haier climate devices.,78,Yes,https://esphome.io/components/text_sensor/haier/,,Haier Climate Text Sensors,Haier Climate Text Sensors,Instructions for setting up additional Text sensors for Haier climate devices.,Instructions for setting up additional Text sensors for Haier climate devices.,https://esphome.io/images/logo.svg,https://esphome.io/images/haier.svg,article,website,https://esphome.io/components/text_sensor/haier/,https://esphome.io/components/text_sensor/haier/,summary_large_image,summary_large_image,https://esphome.io/images/logo.svg,https://esphome.io/images/haier.svg,1,1,Haier Climate Text Sensors,Haier Climate Text Sensors,,,Title too long
/components/text_sensor/ethernet_info/,Ethernet Info Text Sensor - ESPHome - Smart Home Made Simple,60,Ethernet Info Text Sensor - ESPHome - Smart Home Made Simple,60,Yes,Instructions for setting up Ethernet info text sensors.,55,Instructions for setting up Ethernet info text sensors.,55,Yes,https://esphome.io/components/text_sensor/ethernet_info/,,Ethernet Info Text Sensor,Ethernet Info Text Sensor,Instructions for setting up Ethernet info text sensors.,Instructions for setting up Ethernet info text sensors.,https://esphome.io/images/logo.svg,https://esphome.io/images/ethernet.svg,article,website,https://esphome.io/components/text_sensor/ethernet_info/,https://esphome.io/components/text_sensor/ethernet_info/,summary_large_image,summary_large_image,https://esphome.io/images/logo.svg,https://esphome.io/images/ethernet.svg,1,1,Ethernet Info Text Sensor,Ethernet Info Text Sensor,,,
/components/text_sensor/ble_scanner/,ESP32 Bluetooth Low Energy Scanner - ESPHome - Smart Home Made Simple,69,ESP32 Bluetooth Low Energy Scanner - ESPHome - Smart Home Made Simple,69,Yes,Instructions for setting up BLE text sensors for the ESP32.,59,Instructions for setting up BLE text sensors for the ESP32.,59,Yes,https://esphome.io/components/text_sensor/ble_scanner/,,ESP32 Bluetooth Low Energy Scanner,ESP32 Bluetooth Low Energy Scanner,Instructions for setting up BLE text sensors for the ESP32.,Instructions for setting up BLE text sensors for the ESP32.,https://esphome.io/images/logo.svg,https://esphome.io/images/bluetooth.svg,article,website,https://esphome.io/components/text_sensor/ble_scanner/,https://esphome.io/components/text_sensor/ble_scanner/,summary_large_image,summary_large_image,https://esphome.io/images/logo.svg,https://esphome.io/images/bluetooth.svg,1,1,ESP32 Bluetooth Low Energy Scanner,ESP32 Bluetooth Low Energy Scanner,,,Title too long
/components/text_sensor/ble_client/,BLE Client Text Sensor - ESPHome - Smart Home Made Simple,57,BLE Client Text Sensor - ESPHome - Smart Home Made Simple,57,Yes,Fetch string values from BLE devices.,37,Fetch string values from BLE devices.,37,Yes,https://esphome.io/components/text_sensor/ble_client/,,BLE Client Text Sensor,BLE Client Text Sensor,Fetch string values from BLE devices.,Fetch string values from BLE devices.,https://esphome.io/images/logo.svg,https://esphome.io/images/bluetooth.svg,article,website,https://esphome.io/components/text_sensor/ble_client/,https://esphome.io/components/text_sensor/ble_client/,summary_large_image,summary_large_image,https://esphome.io/images/logo.svg,https://esphome.io/images/bluetooth.svg,1,1,BLE Client Text Sensor,BLE Client Text Sensor,,,Desc short
/components/text/,Text Component - ESPHome - Smart Home Made Simple,49,Text Component - ESPHome - Smart Home Made Simple,49,Yes,Instructions for setting up text components in ESPHome.,55,Instructions for setting up text components in ESPHome.,55,Yes,https://esphome.io/components/text/,,Text Component,Text Component,Instructions for setting up text components in ESPHome.,Instructions for setting up text components in ESPHome.,https://esphome.io/images/logo.svg,https://esphome.io/images/folder-open.svg,article,website,https://esphome.io/components/text/,https://esphome.io/components/text/,summary_large_image,summary_large_image,https://esphome.io/images/logo.svg,https://esphome.io/images/folder-open.svg,1,1,Text Component,Text Component,,,
/components/text/template/,Template Text - ESPHome - Smart Home Made Simple,48,Template Text - ESPHome - Smart Home Made Simple,48,Yes,Instructions for setting up template texts with ESPHome.,56,Instructions for setting up template texts with ESPHome.,56,Yes,https://esphome.io/components/text/template/,,Template Text,Template Text,Instructions for setting up template texts with ESPHome.,Instructions for setting up template texts with ESPHome.,https://esphome.io/images/logo.svg,https://esphome.io/images/description.svg,article,website,https://esphome.io/components/text/template/,https://esphome.io/components/text/template/,summary_large_image,summary_large_image,https://esphome.io/images/logo.svg,https://esphome.io/images/description.svg,1,1,Template Text,Template Text,,,
/components/text/lvgl/,LVGL Text - ESPHome - Smart Home Made Simple,44,LVGL Text - ESPHome - Smart Home Made Simple,44,Yes,Instructions for setting up an LVGL Text component.,51,Instructions for setting up an LVGL Text component.,51,Yes,https://esphome.io/components/text/lvgl/,,LVGL Text,LVGL Text,Instructions for setting up an LVGL Text component.,Instructions for setting up an LVGL Text component.,https://esphome.io/images/logo.svg,https://esphome.io/images/lvgl_c_txt.png,article,website,https://esphome.io/components/text/lvgl/,https://esphome.io/components/text/lvgl/,summary_large_image,summary_large_image,https://esphome.io/images/logo.svg,https://esphome.io/images/lvgl_c_txt.png,1,1,LVGL Text,LVGL Text,,,
/components/tca9555/,TCA9555 I/O Expander - ESPHome - Smart Home Made Simple,55,TCA9555 I/O Expander - ESPHome - Smart Home Made Simple,55,Yes,Instructions for setting up TCA9555 digital port expanders in ESPHome.,70,Instructions for setting up TCA9555 digital port expanders in ESPHome.,70,Yes,https://esphome.io/components/tca9555/,,TCA9555 I/O Expander,TCA9555 I/O Expander,Instructions for setting up TCA9555 digital port expanders in ESPHome.,Instructions for setting up TCA9555 digital port expanders in ESPHome.,https://esphome.io/images/logo.svg,,article,website,https://esphome.io/components/tca9555/,https://esphome.io/components/tca9555/,summary_large_image,summary_large_image,https://esphome.io/images/logo.svg,,1,1,TCA9555 I/O Expander,TCA9555 I/O Expander,,,
/components/tca9548a/,TCA9548A I²C Multiplexer - ESPHome - Smart Home Made Simple,59,TCA9548A I²C Multiplexer - ESPHome - Smart Home Made Simple,59,Yes,Instructions for setting up TCA9548A I²C multiplexer in ESPHome.,64,Instructions for setting up TCA9548A I²C multiplexer in ESPHome.,64,Yes,https://esphome.io/components/tca9548a/,,TCA9548A I²C Multiplexer,TCA9548A I²C Multiplexer,Instructions for setting up TCA9548A I²C multiplexer in ESPHome.,Instructions for setting up TCA9548A I²C multiplexer in ESPHome.,https://esphome.io/images/logo.svg,https://esphome.io/images/tca9548a.jpg,article,website,https://esphome.io/components/tca9548a/,https://esphome.io/components/tca9548a/,summary_large_image,summary_large_image,https://esphome.io/images/logo.svg,https://esphome.io/images/tca9548a.jpg,1,1,TCA9548A I²C Multiplexer,TCA9548A I²C Multiplexer,,,
/components/syslog/,Syslog Component - ESPHome - Smart Home Made Simple,51,Syslog Component - ESPHome - Smart Home Made Simple,51,Yes,Instructions for setting up a syslog component in ESPHome,57,Instructions for setting up a syslog component in ESPHome,57,Yes,https://esphome.io/components/syslog/,,Syslog Component,Syslog Component,Instructions for setting up a syslog component in ESPHome,Instructions for setting up a syslog component in ESPHome,https://esphome.io/images/logo.svg,,article,website,https://esphome.io/components/syslog/,https://esphome.io/components/syslog/,summary_large_image,summary_large_image,https://esphome.io/images/logo.svg,,1,1,Syslog Component,Syslog Component,,,
/components/sx1509/,SX1509 16 channel I/O Expander with LED driver and keypad engine - ESPHome - Smart Home Made Simple,99,SX1509 16 channel I/O Expander with LED driver and keypad engine - ESPHome - Smart Home Made Simple,99,Yes,Instructions for setting up SX1509 16 channel I/O expander in ESPHome.,70,Instructions for setting up SX1509 16 channel I/O expander in ESPHome.,70,Yes,https://esphome.io/components/sx1509/,,SX1509 16 channel I/O Expander with LED driver and keypad engine,SX1509 16 channel I/O Expander with LED driver and keypad engine,Instructions for setting up SX1509 16 channel I/O expander in ESPHome.,Instructions for setting up SX1509 16 channel I/O expander in ESPHome.,https://esphome.io/images/logo.svg,https://esphome.io/images/sx1509.jpg,article,website,https://esphome.io/components/sx1509/,https://esphome.io/components/sx1509/,summary_large_image,summary_large_image,https://esphome.io/images/logo.svg,https://esphome.io/images/sx1509.jpg,1,1,SX1509 16 channel I/O Expander with LED driver and keypad engine,SX1509 16 channel I/O Expander with LED driver and keypad engine,,,Title too long
/components/sx127x/,SX127x Component - ESPHome - Smart Home Made Simple,51,SX127x Component - ESPHome - Smart Home Made Simple,51,Yes,Instructions for setting up SX1276/SX1277/SX1278/SX1279 transceivers.,69,Instructions for setting up SX1276/SX1277/SX1278/SX1279 transceivers.,69,Yes,https://esphome.io/components/sx127x/,,SX127x Component,SX127x Component,Instructions for setting up SX1276/SX1277/SX1278/SX1279 transceivers.,Instructions for setting up SX1276/SX1277/SX1278/SX1279 transceivers.,https://esphome.io/images/logo.svg,https://esphome.io/images/sx127x.png,article,website,https://esphome.io/components/sx127x/,https://esphome.io/components/sx127x/,summary_large_image,summary_large_image,https://esphome.io/images/logo.svg,https://esphome.io/images/sx127x.png,1,1,SX127x Component,SX127x Component,,,
/components/sx126x/,SX126x Component - ESPHome - Smart Home Made Simple,51,SX126x Component - ESPHome - Smart Home Made Simple,51,Yes,Instructions for setting up SX1261/SX1262/SX1268/LLCC68 transceivers.,69,Instructions for setting up SX1261/SX1262/SX1268/LLCC68 transceivers.,69,Yes,https://esphome.io/components/sx126x/,,SX126x Component,SX126x Component,Instructions for setting up SX1261/SX1262/SX1268/LLCC68 transceivers.,Instructions for setting up SX1261/SX1262/SX1268/LLCC68 transceivers.,https://esphome.io/images/logo.svg,https://esphome.io/images/sx126x.png,article,website,https://esphome.io/components/sx126x/,https://esphome.io/components/sx126x/,summary_large_image,summary_large_image,https://esphome.io/images/logo.svg,https://esphome.io/images/sx126x.png,1,1,SX126x Component,SX126x Component,,,
/components/switch/,Switch Component - ESPHome - Smart Home Made Simple,51,Switch Component - ESPHome - Smart Home Made Simple,51,Yes,Instructions for setting up generic switches in ESPHome.,56,Instructions for setting up generic switches in ESPHome.,56,Yes,https://esphome.io/components/switch/,,Switch Component,Switch Component,Instructions for setting up generic switches in ESPHome.,Instructions for setting up generic switches in ESPHome.,https://esphome.io/images/logo.svg,https://esphome.io/images/folder-open.svg,article,website,https://esphome.io/components/switch/,https://esphome.io/components/switch/,summary_large_image,summary_large_image,https://esphome.io/images/logo.svg,https://esphome.io/images/folder-open.svg,1,1,Switch Component,Switch Component,,,
/components/switch/uart/,UART Switch - ESPHome - Smart Home Made Simple,46,UART Switch - ESPHome - Smart Home Made Simple,46,Yes,Instructions for setting up UART switches in ESPHome that can output arbitrary UART sequences when activated.,109,Instructions for setting up UART switches in ESPHome that can output arbitrary UART sequences when activated.,109,Yes,https://esphome.io/components/switch/uart/,,UART Switch,UART Switch,Instructions for setting up UART switches in ESPHome that can output arbitrary UART sequences when activated.,Instructions for setting up UART switches in ESPHome that can output arbitrary UART sequences when activated.,https://esphome.io/images/logo.svg,https://esphome.io/images/uart.svg,article,website,https://esphome.io/components/switch/uart/,https://esphome.io/components/switch/uart/,summary_large_image,summary_large_image,https://esphome.io/images/logo.svg,https://esphome.io/images/uart.svg,1,1,UART Switch,UART Switch,,,
/components/switch/tuya/,Tuya Switch - ESPHome - Smart Home Made Simple,46,Tuya Switch - ESPHome - Smart Home Made Simple,46,Yes,Instructions for setting up a Tuya device switch.,49,Instructions for setting up a Tuya device switch.,49,Yes,https://esphome.io/components/switch/tuya/,,Tuya Switch,Tuya Switch,Instructions for setting up a Tuya device switch.,Instructions for setting up a Tuya device switch.,https://esphome.io/images/logo.svg,https://esphome.io/images/upload.svg,article,website,https://esphome.io/components/switch/tuya/,https://esphome.io/components/switch/tuya/,summary_large_image,summary_large_image,https://esphome.io/images/logo.svg,https://esphome.io/images/upload.svg,1,1,Tuya Switch,Tuya Switch,,,Desc short
/components/switch/template/,Template Switch - ESPHome - Smart Home Made Simple,50,Template Switch - ESPHome - Smart Home Made Simple,50,Yes,Instructions for setting up template switches that can execute arbitrary actions when turned on or off.,103,Instructions for setting up template switches that can execute arbitrary actions when turned on or off.,103,Yes,https://esphome.io/components/switch/template/,,Template Switch,Template Switch,Instructions for setting up template switches that can execute arbitrary actions when turned on or off.,Instructions for setting up template switches that can execute arbitrary actions when turned on or off.,https://esphome.io/images/logo.svg,https://esphome.io/images/description.svg,article,website,https://esphome.io/components/switch/template/,https://esphome.io/components/switch/template/,summary_large_image,summary_large_image,https://esphome.io/images/logo.svg,https://esphome.io/images/description.svg,1,1,Template Switch,Template Switch,,,
/components/switch/shutdown/,Shutdown Switch - ESPHome - Smart Home Made Simple,50,Shutdown Switch - ESPHome - Smart Home Made Simple,50,Yes,Instructions for setting up switches that can remotely shut down the ESP.,73,Instructions for setting up switches that can remotely shut down the ESP.,73,Yes,https://esphome.io/components/switch/shutdown/,,Shutdown Switch,Shutdown Switch,Instructions for setting up switches that can remotely shut down the ESP.,Instructions for setting up switches that can remotely shut down the ESP.,https://esphome.io/images/logo.svg,https://esphome.io/images/power_settings.svg,article,website,https://esphome.io/components/switch/shutdown/,https://esphome.io/components/switch/shutdown/,summary_large_image,summary_large_image,https://esphome.io/images/logo.svg,https://esphome.io/images/power_settings.svg,1,1,Shutdown Switch,Shutdown Switch,,,
/components/switch/safe_mode/,Safe Mode Switch - ESPHome - Smart Home Made Simple,51,Safe Mode Switch - ESPHome - Smart Home Made Simple,51,Yes,Instructions for setting up switches that can remotely reboot the ESP in ESPHome into safe mode.,96,Instructions for setting up switches that can remotely reboot the ESP in ESPHome into safe mode.,96,Yes,https://esphome.io/components/switch/safe_mode/,,Safe Mode Switch,Safe Mode Switch,Instructions for setting up switches that can remotely reboot the ESP in ESPHome into safe mode.,Instructions for setting up switches that can remotely reboot the ESP in ESPHome into safe mode.,https://esphome.io/images/logo.svg,https://esphome.io/images/restart.svg,article,website,https://esphome.io/components/switch/safe_mode/,https://esphome.io/components/switch/safe_mode/,summary_large_image,summary_large_image,https://esphome.io/images/logo.svg,https://esphome.io/images/restart.svg,1,1,Safe Mode Switch,Safe Mode Switch,,,
/components/switch/restart/,Restart Switch - ESPHome - Smart Home Made Simple,49,Restart Switch - ESPHome - Smart Home Made Simple,49,Yes,Instructions for setting up switches that can remotely reboot the ESP in ESPHome.,81,Instructions for setting up switches that can remotely reboot the ESP in ESPHome.,81,Yes,https://esphome.io/components/switch/restart/,,Restart Switch,Restart Switch,Instructions for setting up switches that can remotely reboot the ESP in ESPHome.,Instructions for setting up switches that can remotely reboot the ESP in ESPHome.,https://esphome.io/images/logo.svg,https://esphome.io/images/restart.svg,article,website,https://esphome.io/components/switch/restart/,https://esphome.io/components/switch/restart/,summary_large_image,summary_large_image,https://esphome.io/images/logo.svg,https://esphome.io/images/restart.svg,1,1,Restart Switch,Restart Switch,,,
/components/switch/output/,Generic Output Switch - ESPHome - Smart Home Made Simple,56,Generic Output Switch - ESPHome - Smart Home Made Simple,56,Yes,Instructions for setting up generic output switches in ESPHome that control an output component.,96,Instructions for setting up generic output switches in ESPHome that control an output component.,96,Yes,https://esphome.io/components/switch/output/,,Generic Output Switch,Generic Output Switch,Instructions for setting up generic output switches in ESPHome that control an output component.,Instructions for setting up generic output switches in ESPHome that control an output component.,https://esphome.io/images/logo.svg,https://esphome.io/images/upload.svg,article,website,https://esphome.io/components/switch/output/,https://esphome.io/components/switch/output/,summary_large_image,summary_large_image,https://esphome.io/images/logo.svg,https://esphome.io/images/upload.svg,1,1,Generic Output Switch,Generic Output Switch,,,
/components/switch/nextion/,Nextion Switch Component - ESPHome - Smart Home Made Simple,59,Nextion Switch Component - ESPHome - Smart Home Made Simple,59,Yes,Instructions for setting up Nextion Switch.,43,Instructions for setting up Nextion Switch.,43,Yes,https://esphome.io/components/switch/nextion/,,Nextion Switch Component,Nextion Switch Component,Instructions for setting up Nextion Switch.,Instructions for setting up Nextion Switch.,https://esphome.io/images/logo.svg,https://esphome.io/images/nextion.jpg,article,website,https://esphome.io/components/switch/nextion/,https://esphome.io/components/switch/nextion/,summary_large_image,summary_large_image,https://esphome.io/images/logo.svg,https://esphome.io/images/nextion.jpg,1,1,Nextion Switch Component,Nextion Switch Component,,,Desc short
/components/switch/modbus_controller/,Modbus Controller Switch - ESPHome - Smart Home Made Simple,59,Modbus Controller Switch - ESPHome - Smart Home Made Simple,59,Yes,Instructions for setting up a modbus_controller device sensor.,62,Instructions for setting up a modbus_controller device sensor.,62,Yes,https://esphome.io/components/switch/modbus_controller/,,Modbus Controller Switch,Modbus Controller Switch,Instructions for setting up a modbus_controller device sensor.,Instructions for setting up a modbus_controller device sensor.,https://esphome.io/images/logo.svg,,article,website,https://esphome.io/components/switch/modbus_controller/,https://esphome.io/components/switch/modbus_controller/,summary_large_image,summary_large_image,https://esphome.io/images/logo.svg,,1,1,Modbus Controller Switch,Modbus Controller Switch,,,
/components/switch/lvgl/,LVGL Switch - ESPHome - Smart Home Made Simple,46,LVGL Switch - ESPHome - Smart Home Made Simple,46,Yes,Instructions for setting up an LVGL widget switch.,50,Instructions for setting up an LVGL widget switch.,50,Yes,https://esphome.io/components/switch/lvgl/,,LVGL Switch,LVGL Switch,Instructions for setting up an LVGL widget switch.,Instructions for setting up an LVGL widget switch.,https://esphome.io/images/logo.svg,https://esphome.io/images/lvgl_c_swi.png,article,website,https://esphome.io/components/switch/lvgl/,https://esphome.io/components/switch/lvgl/,summary_large_image,summary_large_image,https://esphome.io/images/logo.svg,https://esphome.io/images/lvgl_c_swi.png,1,1,LVGL Switch,LVGL Switch,,,
/components/switch/homeassistant/,Home Assistant Switch - ESPHome - Smart Home Made Simple,56,Home Assistant Switch - ESPHome - Smart Home Made Simple,56,Yes,Instructions for setting up Home Assistant Switch with ESPHome that import states and allows control via your Home Assistant instance.,134,Instructions for setting up Home Assistant Switch with ESPHome that import states and allows control via your Home Assistant instance.,134,Yes,https://esphome.io/components/switch/homeassistant/,,Home Assistant Switch,Home Assistant Switch,Instructions for setting up Home Assistant Switch with ESPHome that import states and allows control via your Home Assistant instance.,Instructions for setting up Home Assistant Switch with ESPHome that import states and allows control via your Home Assistant instance.,https://esphome.io/images/logo.svg,https://esphome.io/images/home-assistant.svg,article,website,https://esphome.io/components/switch/homeassistant/,https://esphome.io/components/switch/homeassistant/,summary_large_image,summary_large_image,https://esphome.io/images/logo.svg,https://esphome.io/images/home-assistant.svg,1,1,Home Assistant Switch,Home Assistant Switch,,,
/components/switch/hbridge/,H-bridge Switch - ESPHome - Smart Home Made Simple,50,H-bridge Switch - ESPHome - Smart Home Made Simple,50,Yes,Instructions for setting up H-Bridge controlled switches (or relays).,69,Instructions for setting up H-Bridge controlled switches (or relays).,69,Yes,https://esphome.io/components/switch/hbridge/,,H-bridge Switch,H-bridge Switch,Instructions for setting up H-Bridge controlled switches (or relays).,Instructions for setting up H-Bridge controlled switches (or relays).,https://esphome.io/images/logo.svg,https://esphome.io/images/hbridge-relay.jpg,article,website,https://esphome.io/components/switch/hbridge/,https://esphome.io/components/switch/hbridge/,summary_large_image,summary_large_image,https://esphome.io/images/logo.svg,https://esphome.io/images/hbridge-relay.jpg,1,1,H-bridge Switch,H-bridge Switch,,,
/components/switch/haier/,Haier Climate Switches - ESPHome - Smart Home Made Simple,57,Haier Climate Switches - ESPHome - Smart Home Made Simple,57,Yes,Instructions for setting up additional switches for Haier climate devices.,74,Instructions for setting up additional switches for Haier climate devices.,74,Yes,https://esphome.io/components/switch/haier/,,Haier Climate Switches,Haier Climate Switches,Instructions for setting up additional switches for Haier climate devices.,Instructions for setting up additional switches for Haier climate devices.,https://esphome.io/images/logo.svg,https://esphome.io/images/haier.svg,article,website,https://esphome.io/components/switch/haier/,https://esphome.io/components/switch/haier/,summary_large_image,summary_large_image,https://esphome.io/images/logo.svg,https://esphome.io/images/haier.svg,1,1,Haier Climate Switches,Haier Climate Switches,,,
/components/switch/gpio/,GPIO Switch - ESPHome - Smart Home Made Simple,46,GPIO Switch - ESPHome - Smart Home Made Simple,46,Yes,Instructions for setting up GPIO pin switches in ESPHome that control GPIO outputs.,83,Instructions for setting up GPIO pin switches in ESPHome that control GPIO outputs.,83,Yes,https://esphome.io/components/switch/gpio/,,GPIO Switch,GPIO Switch,Instructions for setting up GPIO pin switches in ESPHome that control GPIO outputs.,Instructions for setting up GPIO pin switches in ESPHome that control GPIO outputs.,https://esphome.io/images/logo.svg,https://esphome.io/images/gpio.svg,article,website,https://esphome.io/components/switch/gpio/,https://esphome.io/components/switch/gpio/,summary_large_image,summary_large_image,https://esphome.io/images/logo.svg,https://esphome.io/images/gpio.svg,1,1,GPIO Switch,GPIO Switch,,,
/components/switch/factory_reset/,Factory Reset Switch - ESPHome - Smart Home Made Simple,55,Factory Reset Switch - ESPHome - Smart Home Made Simple,55,Yes,Instructions for setting up switches that can remotely invalidate all ESPHome preferences stored in flash and reboot ESP.,121,Instructions for setting up switches that can remotely invalidate all ESPHome preferences stored in flash and reboot ESP.,121,Yes,https://esphome.io/components/switch/factory_reset/,,Factory Reset Switch,Factory Reset Switch,Instructions for setting up switches that can remotely invalidate all ESPHome preferences stored in flash and reboot ESP.,Instructions for setting up switches that can remotely invalidate all ESPHome preferences stored in flash and reboot ESP.,https://esphome.io/images/logo.svg,https://esphome.io/images/restart.svg,article,website,https://esphome.io/components/switch/factory_reset/,https://esphome.io/components/switch/factory_reset/,summary_large_image,summary_large_image,https://esphome.io/images/logo.svg,https://esphome.io/images/restart.svg,1,1,Factory Reset Switch,Factory Reset Switch,,,
/components/switch/ble_client/,BLE Client Switch - ESPHome - Smart Home Made Simple,52,BLE Client Switch - ESPHome - Smart Home Made Simple,52,Yes,Control the state of BLE clients.,33,Control the state of BLE clients.,33,Yes,https://esphome.io/components/switch/ble_client/,,BLE Client Switch,BLE Client Switch,Control the state of BLE clients.,Control the state of BLE clients.,https://esphome.io/images/logo.svg,https://esphome.io/images/bluetooth.svg,article,website,https://esphome.io/components/switch/ble_client/,https://esphome.io/components/switch/ble_client/,summary_large_image,summary_large_image,https://esphome.io/images/logo.svg,https://esphome.io/images/bluetooth.svg,1,1,BLE Client Switch,BLE Client Switch,,,Desc short
/components/sun_gtil2/,SUN_GTIL2 Grid Tie Inverter - ESPHome - Smart Home Made Simple,62,SUN_GTIL2 Grid Tie Inverter - ESPHome - Smart Home Made Simple,62,Yes,Instructions for reading data from a SUN-1000G2 grid tie inverter using ESPHome,79,Instructions for reading data from a SUN-1000G2 grid tie inverter using ESPHome,79,Yes,https://esphome.io/components/sun_gtil2/,,SUN_GTIL2 Grid Tie Inverter,SUN_GTIL2 Grid Tie Inverter,Instructions for reading data from a SUN-1000G2 grid tie inverter using ESPHome,Instructions for reading data from a SUN-1000G2 grid tie inverter using ESPHome,https://esphome.io/images/logo.svg,,article,website,https://esphome.io/components/sun_gtil2/,https://esphome.io/components/sun_gtil2/,summary_large_image,summary_large_image,https://esphome.io/images/logo.svg,,1,1,SUN_GTIL2 Grid Tie Inverter,SUN_GTIL2 Grid Tie Inverter,,,Title too long
/components/sun/,Sun - ESPHome - Smart Home Made Simple,38,Sun - ESPHome - Smart Home Made Simple,38,Yes,Instructions for setting up tracking the sun position in ESPHome.,65,Instructions for setting up tracking the sun position in ESPHome.,65,Yes,https://esphome.io/components/sun/,,Sun,Sun,Instructions for setting up tracking the sun position in ESPHome.,Instructions for setting up tracking the sun position in ESPHome.,https://esphome.io/images/logo.svg,https://esphome.io/images/weather-sunny.svg,article,website,https://esphome.io/components/sun/,https://esphome.io/components/sun/,summary_large_image,summary_large_image,https://esphome.io/images/logo.svg,https://esphome.io/images/weather-sunny.svg,1,1,Sun,Sun,,,
/components/substitutions/,Substitutions - ESPHome - Smart Home Made Simple,48,Substitutions - ESPHome - Smart Home Made Simple,48,Yes,How to use substitutions in ESPHome,35,How to use substitutions in ESPHome,35,Yes,https://esphome.io/components/substitutions/,,Substitutions,Substitutions,How to use substitutions in ESPHome,How to use substitutions in ESPHome,https://esphome.io/images/logo.svg,https://esphome.io/images/settings.svg,article,website,https://esphome.io/components/substitutions/,https://esphome.io/components/substitutions/,summary_large_image,summary_large_image,https://esphome.io/images/logo.svg,https://esphome.io/images/settings.svg,1,1,Substitutions,Substitutions,,,Desc short
/components/stepper/,Stepper Component - ESPHome - Smart Home Made Simple,52,Stepper Component - ESPHome - Smart Home Made Simple,52,Yes,Instructions for setting up stepper motor drivers in ESPHome,60,Instructions for setting up stepper motor drivers in ESPHome,60,Yes,https://esphome.io/components/stepper/,,Stepper Component,Stepper Component,Instructions for setting up stepper motor drivers in ESPHome,Instructions for setting up stepper motor drivers in ESPHome,https://esphome.io/images/logo.svg,https://esphome.io/images/folder-open.svg,article,website,https://esphome.io/components/stepper/,https://esphome.io/components/stepper/,summary_large_image,summary_large_image,https://esphome.io/images/logo.svg,https://esphome.io/images/folder-open.svg,1,1,Stepper Component,Stepper Component,,,
/components/status_led/,Status LED - ESPHome - Smart Home Made Simple,45,Status LED - ESPHome - Smart Home Made Simple,45,Yes,Instructions for setting up status LEDs in ESPHome to monitor the status of an ESP.,83,Instructions for setting up status LEDs in ESPHome to monitor the status of an ESP.,83,Yes,https://esphome.io/components/status_led/,,Status LED,Status LED,Instructions for setting up status LEDs in ESPHome to monitor the status of an ESP.,Instructions for setting up status LEDs in ESPHome to monitor the status of an ESP.,https://esphome.io/images/logo.svg,https://esphome.io/images/led-on.svg,article,website,https://esphome.io/components/status_led/,https://esphome.io/components/status_led/,summary_large_image,summary_large_image,https://esphome.io/images/logo.svg,https://esphome.io/images/led-on.svg,1,1,Status LED,Status LED,,,
/components/statsd/,StatsD - ESPHome - Smart Home Made Simple,41,StatsD - ESPHome - Smart Home Made Simple,41,Yes,Instructions for setting up a StatsD,36,Instructions for setting up a StatsD,36,Yes,https://esphome.io/components/statsd/,,StatsD,StatsD,Instructions for setting up a StatsD,Instructions for setting up a StatsD,https://esphome.io/images/logo.svg,,article,website,https://esphome.io/components/statsd/,https://esphome.io/components/statsd/,summary_large_image,summary_large_image,https://esphome.io/images/logo.svg,,1,1,StatsD,StatsD,,,Desc short
/components/sprinkler/,Sprinkler Controller - ESPHome - Smart Home Made Simple,55,Sprinkler Controller - ESPHome - Smart Home Made Simple,55,Yes,Instructions for setting up the sprinkler controller component in ESPHome to control sprinkler valves.,102,Instructions for setting up the sprinkler controller component in ESPHome to control sprinkler valves.,102,Yes,https://esphome.io/components/sprinkler/,,Sprinkler Controller,Sprinkler Controller,Instructions for setting up the sprinkler controller component in ESPHome to control sprinkler valves.,Instructions for setting up the sprinkler controller component in ESPHome to control sprinkler valves.,https://esphome.io/images/logo.svg,https://esphome.io/images/sprinkler-variant.svg,article,website,https://esphome.io/components/sprinkler/,https://esphome.io/components/sprinkler/,summary_large_image,summary_large_image,https://esphome.io/images/logo.svg,https://esphome.io/images/sprinkler-variant.svg,1,1,Sprinkler Controller,Sprinkler Controller,,,
/components/spi/,SPI Bus - ESPHome - Smart Home Made Simple,42,SPI Bus - ESPHome - Smart Home Made Simple,42,Yes,Instructions for setting up SPI components in ESPHome,53,Instructions for setting up SPI components in ESPHome,53,Yes,https://esphome.io/components/spi/,,SPI Bus,SPI Bus,Instructions for setting up SPI components in ESPHome,Instructions for setting up SPI components in ESPHome,https://esphome.io/images/logo.svg,https://esphome.io/images/spi.svg,article,website,https://esphome.io/components/spi/,https://esphome.io/components/spi/,summary_large_image,summary_large_image,https://esphome.io/images/logo.svg,https://esphome.io/images/spi.svg,1,1,SPI Bus,SPI Bus,,,
/components/speaker/,Speaker Components - ESPHome - Smart Home Made Simple,53,Speaker Components - ESPHome - Smart Home Made Simple,53,Yes,Instructions for setting up speakers in ESPHome.,48,Instructions for setting up speakers in ESPHome.,48,Yes,https://esphome.io/components/speaker/,,Speaker Components,Speaker Components,Instructions for setting up speakers in ESPHome.,Instructions for setting up speakers in ESPHome.,https://esphome.io/images/logo.svg,https://esphome.io/images/speaker.svg,article,website,https://esphome.io/components/speaker/,https://esphome.io/components/speaker/,summary_large_image,summary_large_image,https://esphome.io/images/logo.svg,https://esphome.io/images/speaker.svg,1,1,Speaker Components,Speaker Components,,,Desc short
/components/speaker/resampler/,Resampler Speaker - ESPHome - Smart Home Made Simple,52,Resampler Speaker - ESPHome - Smart Home Made Simple,52,Yes,Instructions for setting up resampler speakers in ESPHome.,58,Instructions for setting up resampler speakers in ESPHome.,58,Yes,https://esphome.io/components/speaker/resampler/,,Resampler Speaker,Resampler Speaker,Instructions for setting up resampler speakers in ESPHome.,Instructions for setting up resampler speakers in ESPHome.,https://esphome.io/images/logo.svg,https://esphome.io/images/waveform.svg,article,website,https://esphome.io/components/speaker/resampler/,https://esphome.io/components/speaker/resampler/,summary_large_image,summary_large_image,https://esphome.io/images/logo.svg,https://esphome.io/images/waveform.svg,1,1,Resampler Speaker,Resampler Speaker,,,
/components/speaker/mixer/,Mixer Speaker - ESPHome - Smart Home Made Simple,48,Mixer Speaker - ESPHome - Smart Home Made Simple,48,Yes,Instructions for setting up mixer speakers in ESPHome.,54,Instructions for setting up mixer speakers in ESPHome.,54,Yes,https://esphome.io/components/speaker/mixer/,,Mixer Speaker,Mixer Speaker,Instructions for setting up mixer speakers in ESPHome.,Instructions for setting up mixer speakers in ESPHome.,https://esphome.io/images/logo.svg,https://esphome.io/images/mixer.svg,article,website,https://esphome.io/components/speaker/mixer/,https://esphome.io/components/speaker/mixer/,summary_large_image,summary_large_image,https://esphome.io/images/logo.svg,https://esphome.io/images/mixer.svg,1,1,Mixer Speaker,Mixer Speaker,,,
/components/speaker/i2s_audio/,I²S Audio Speaker - ESPHome - Smart Home Made Simple,52,I²S Audio Speaker - ESPHome - Smart Home Made Simple,52,Yes,Instructions for setting up I²S based speakers in ESPHome.,58,Instructions for setting up I²S based speakers in ESPHome.,58,Yes,https://esphome.io/components/speaker/i2s_audio/,,I²S Audio Speaker,I²S Audio Speaker,Instructions for setting up I²S based speakers in ESPHome.,Instructions for setting up I²S based speakers in ESPHome.,https://esphome.io/images/logo.svg,https://esphome.io/images/i2s_audio.svg,article,website,https://esphome.io/components/speaker/i2s_audio/,https://esphome.io/components/speaker/i2s_audio/,summary_large_image,summary_large_image,https://esphome.io/images/logo.svg,https://esphome.io/images/i2s_audio.svg,1,1,I²S Audio Speaker,I²S Audio Speaker,,,
/components/sn74hc595/,SN74HC595 I/O Expander (shift register) - ESPHome - Smart Home Made Simple,74,SN74HC595 I/O Expander (shift register) - ESPHome - Smart Home Made Simple,74,Yes,Instructions for setting up SN74HC595 shift registers as digital port expanders in ESPHome.,91,Instructions for setting up SN74HC595 shift registers as digital port expanders in ESPHome.,91,Yes,https://esphome.io/components/sn74hc595/,,SN74HC595 I/O Expander (shift register),SN74HC595 I/O Expander (shift register),Instructions for setting up SN74HC595 shift registers as digital port expanders in ESPHome.,Instructions for setting up SN74HC595 shift registers as digital port expanders in ESPHome.,https://esphome.io/images/logo.svg,,article,website,https://esphome.io/components/sn74hc595/,https://esphome.io/components/sn74hc595/,summary_large_image,summary_large_image,https://esphome.io/images/logo.svg,,1,1,SN74HC595 I/O Expander (shift register),SN74HC595 I/O Expander (shift register),,,Title too long
/components/sn74hc165/,SN74HC165 I/O Expander (shift register) - ESPHome - Smart Home Made Simple,74,SN74HC165 I/O Expander (shift register) - ESPHome - Smart Home Made Simple,74,Yes,Instructions for setting up SN74HC165 shift registers as digital port expanders in ESPHome.,91,Instructions for setting up SN74HC165 shift registers as digital port expanders in ESPHome.,91,Yes,https://esphome.io/components/sn74hc165/,,SN74HC165 I/O Expander (shift register),SN74HC165 I/O Expander (shift register),Instructions for setting up SN74HC165 shift registers as digital port expanders in ESPHome.,Instructions for setting up SN74HC165 shift registers as digital port expanders in ESPHome.,https://esphome.io/images/logo.svg,,article,website,https://esphome.io/components/sn74hc165/,https://esphome.io/components/sn74hc165/,summary_large_image,summary_large_image,https://esphome.io/images/logo.svg,,1,1,SN74HC165 I/O Expander (shift register),SN74HC165 I/O Expander (shift register),,,Title too long
/components/sml/,SML (Smart Message Language) - ESPHome - Smart Home Made Simple,63,SML (Smart Message Language) - ESPHome - Smart Home Made Simple,63,Yes,Instructions for setting up SML sensors,39,Instructions for setting up SML sensors,39,Yes,https://esphome.io/components/sml/,,SML (Smart Message Language),SML (Smart Message Language),Instructions for setting up SML sensors,Instructions for setting up SML sensors,https://esphome.io/images/logo.svg,https://esphome.io/images/sml.svg,article,website,https://esphome.io/components/sml/,https://esphome.io/components/sml/,summary_large_image,summary_large_image,https://esphome.io/images/logo.svg,https://esphome.io/images/sml.svg,1,1,SML (Smart Message Language),SML (Smart Message Language),,,Title too long; Desc short
/components/sim800l/,Sim800L Component - ESPHome - Smart Home Made Simple,52,Sim800L Component - ESPHome - Smart Home Made Simple,52,Yes,"Instructions for setting up the SIM800L GSM module to dial, send and receive SMS in ESPHome.",92,"Instructions for setting up the SIM800L GSM module to dial, send and receive SMS in ESPHome.",92,Yes,https://esphome.io/components/sim800l/,,Sim800L Component,Sim800L Component,"Instructions for setting up the SIM800L GSM module to dial, send and receive SMS in ESPHome.","Instructions for setting up the SIM800L GSM module to dial, send and receive SMS in ESPHome.",https://esphome.io/images/logo.svg,https://esphome.io/images/sim800l.jpg,article,website,https://esphome.io/components/sim800l/,https://esphome.io/components/sim800l/,summary_large_image,summary_large_image,https://esphome.io/images/logo.svg,https://esphome.io/images/sim800l.jpg,1,1,Sim800L Component,Sim800L Component,,,
/components/servo/,Servo Component - ESPHome - Smart Home Made Simple,50,Servo Component - ESPHome - Smart Home Made Simple,50,Yes,Instructions for setting up servos in ESPHome,45,Instructions for setting up servos in ESPHome,45,Yes,https://esphome.io/components/servo/,,Servo Component,Servo Component,Instructions for setting up servos in ESPHome,Instructions for setting up servos in ESPHome,https://esphome.io/images/logo.svg,https://esphome.io/images/servo.svg,article,website,https://esphome.io/components/servo/,https://esphome.io/components/servo/,summary_large_image,summary_large_image,https://esphome.io/images/logo.svg,https://esphome.io/images/servo.svg,1,1,Servo Component,Servo Component,,,Desc short
/components/sensor/,Sensor Component - ESPHome - Smart Home Made Simple,51,Sensor Component - ESPHome - Smart Home Made Simple,51,Yes,Instructions for setting up sensor components in ESPHome.,57,Instructions for setting up sensor components in ESPHome.,57,Yes,https://esphome.io/components/sensor/,,Sensor Component,Sensor Component,Instructions for setting up sensor components in ESPHome.,Instructions for setting up sensor components in ESPHome.,https://esphome.io/images/logo.svg,https://esphome.io/images/folder-open.svg,article,website,https://esphome.io/components/sensor/,https://esphome.io/components/sensor/,summary_large_image,summary_large_image,https://esphome.io/images/logo.svg,https://esphome.io/images/folder-open.svg,1,1,Sensor Component,Sensor Component,,,
/components/sensor/zyaura/,ZyAura CO2 & Temperature & Humidity Sensor - ESPHome - Smart Home Made Simple,77,ZyAura CO2 & Temperature & Humidity Sensor - ESPHome - Smart Home Made Simple,77,Yes,"Instructions for setting up ZyAura co2, temperature and humidity monitors.",74,"Instructions for setting up ZyAura co2, temperature and humidity monitors.",74,Yes,https://esphome.io/components/sensor/zyaura/,,ZyAura CO2 & Temperature & Humidity Sensor,ZyAura CO2 & Temperature & Humidity Sensor,"Instructions for setting up ZyAura co2, temperature and humidity monitors.","Instructions for setting up ZyAura co2, temperature and humidity monitors.",https://esphome.io/images/logo.svg,https://esphome.io/images/zgm053.jpg,article,website,https://esphome.io/components/sensor/zyaura/,https://esphome.io/components/sensor/zyaura/,summary_large_image,summary_large_image,https://esphome.io/images/logo.svg,https://esphome.io/images/zgm053.jpg,1,1,ZyAura CO2 & Temperature & Humidity Sensor,ZyAura CO2 & Temperature & Humidity Sensor,,,Title too long
/components/sensor/zio_ultrasonic/,Zio Ultrasonic Distance Sensor - ESPHome - Smart Home Made Simple,65,Zio Ultrasonic Distance Sensor - ESPHome - Smart Home Made Simple,65,Yes,Instructions for setting up the Zio Ultrasonic Distance sensor.,63,Instructions for setting up the Zio Ultrasonic Distance sensor.,63,Yes,https://esphome.io/components/sensor/zio_ultrasonic/,,Zio Ultrasonic Distance Sensor,Zio Ultrasonic Distance Sensor,Instructions for setting up the Zio Ultrasonic Distance sensor.,Instructions for setting up the Zio Ultrasonic Distance sensor.,https://esphome.io/images/logo.svg,https://esphome.io/images/zio_ultrasonic.jpg,article,website,https://esphome.io/components/sensor/zio_ultrasonic/,https://esphome.io/components/sensor/zio_ultrasonic/,summary_large_image,summary_large_image,https://esphome.io/images/logo.svg,https://esphome.io/images/zio_ultrasonic.jpg,1,1,Zio Ultrasonic Distance Sensor,Zio Ultrasonic Distance Sensor,,,Title too long
/components/sensor/xiaomi_miscale2/,Xiaomi Miscale2 combined into Xiaomi Miscale - ESPHome - Smart Home Made Simple,79,Xiaomi Miscale2 combined into Xiaomi Miscale - ESPHome - Smart Home Made Simple,79,Yes,Xiaomi Miscale2 combined into Xiaomi Miscale,44,,,No,https://esphome.io/components/sensor/xiaomi_miscale2/,,Xiaomi Miscale2 combined into Xiaomi Miscale,Xiaomi Miscale2 combined into Xiaomi Miscale,Xiaomi Miscale2 combined into Xiaomi Miscale,,https://esphome.io/images/logo.svg,,article,website,https://esphome.io/components/sensor/xiaomi_miscale2/,https://esphome.io/components/sensor/xiaomi_miscale2/,summary_large_image,summary_large_image,https://esphome.io/images/logo.svg,,1,1,Xiaomi Miscale2 combined into Xiaomi Miscale,Xiaomi Miscale2 combined into Xiaomi Miscale,,,Title too long; Desc short
/components/sensor/xiaomi_miscale/,Xiaomi Miscale Sensors - ESPHome - Smart Home Made Simple,57,Xiaomi Miscale Sensors - ESPHome - Smart Home Made Simple,57,Yes,Instructions for setting up Xiaomi Miscale bluetooth-based sensors in ESPHome.,78,Instructions for setting up Xiaomi Miscale bluetooth-based sensors in ESPHome.,78,Yes,https://esphome.io/components/sensor/xiaomi_miscale/,,Xiaomi Miscale Sensors,Xiaomi Miscale Sensors,Instructions for setting up Xiaomi Miscale bluetooth-based sensors in ESPHome.,Instructions for setting up Xiaomi Miscale bluetooth-based sensors in ESPHome.,https://esphome.io/images/logo.svg,https://esphome.io/images/xiaomi_miscale.jpg,article,website,https://esphome.io/components/sensor/xiaomi_miscale/,https://esphome.io/components/sensor/xiaomi_miscale/,summary_large_image,summary_large_image,https://esphome.io/images/logo.svg,https://esphome.io/images/xiaomi_miscale.jpg,1,1,Xiaomi Miscale Sensors,Xiaomi Miscale Sensors,,,
/components/sensor/xiaomi_lywsdcgq/,LYWSDCGQ Moved To Xiaomi BLE - ESPHome - Smart Home Made Simple,63,LYWSDCGQ Moved To Xiaomi BLE - ESPHome - Smart Home Made Simple,63,Yes,LYWSDCGQ Moved To Xiaomi BLE,28,,,No,https://esphome.io/components/sensor/xiaomi_lywsdcgq/,,LYWSDCGQ Moved To Xiaomi BLE,LYWSDCGQ Moved To Xiaomi BLE,LYWSDCGQ Moved To Xiaomi BLE,,https://esphome.io/images/logo.svg,,article,website,https://esphome.io/components/sensor/xiaomi_lywsdcgq/,https://esphome.io/components/sensor/xiaomi_lywsdcgq/,summary_large_image,summary_large_image,https://esphome.io/images/logo.svg,,1,1,LYWSDCGQ Moved To Xiaomi BLE,LYWSDCGQ Moved To Xiaomi BLE,,,Title too long; Desc short
/components/sensor/xiaomi_hhccjcy10/,HHCCJCY10 Xiaomi MiFlora (Pink version) - ESPHome - Smart Home Made Simple,74,HHCCJCY10 Xiaomi MiFlora (Pink version) - ESPHome - Smart Home Made Simple,74,Yes,Instructions for setting up a Xiaomi MiFlora HHCCJCY10 (Pink) using ESPHome.,76,Instructions for setting up a Xiaomi MiFlora HHCCJCY10 (Pink) using ESPHome.,76,Yes,https://esphome.io/components/sensor/xiaomi_hhccjcy10/,,HHCCJCY10 Xiaomi MiFlora (Pink version),HHCCJCY10 Xiaomi MiFlora (Pink version),Instructions for setting up a Xiaomi MiFlora HHCCJCY10 (Pink) using ESPHome.,Instructions for setting up a Xiaomi MiFlora HHCCJCY10 (Pink) using ESPHome.,https://esphome.io/images/logo.svg,https://esphome.io/images/xiaomi_hhccjcy10.jpg,article,website,https://esphome.io/components/sensor/xiaomi_hhccjcy10/,https://esphome.io/components/sensor/xiaomi_hhccjcy10/,summary_large_image,summary_large_image,https://esphome.io/images/logo.svg,https://esphome.io/images/xiaomi_hhccjcy10.jpg,1,1,HHCCJCY10 Xiaomi MiFlora (Pink version),HHCCJCY10 Xiaomi MiFlora (Pink version),,,Title too long
/components/sensor/xiaomi_hhccjcy01/,HHCCJCY01 Moved To Xiaomi BLE - ESPHome - Smart Home Made Simple,64,HHCCJCY01 Moved To Xiaomi BLE - ESPHome - Smart Home Made Simple,64,Yes,HHCCJCY01 Moved To Xiaomi BLE,29,,,No,https://esphome.io/components/sensor/xiaomi_hhccjcy01/,,HHCCJCY01 Moved To Xiaomi BLE,HHCCJCY01 Moved To Xiaomi BLE,HHCCJCY01 Moved To Xiaomi BLE,,https://esphome.io/images/logo.svg,,article,website,https://esphome.io/components/sensor/xiaomi_hhccjcy01/,https://esphome.io/components/sensor/xiaomi_hhccjcy01/,summary_large_image,summary_large_image,https://esphome.io/images/logo.svg,,1,1,HHCCJCY01 Moved To Xiaomi BLE,HHCCJCY01 Moved To Xiaomi BLE,,,Title too long; Desc short
/components/sensor/xiaomi_ble/,Xiaomi Mijia BLE Sensors - ESPHome - Smart Home Made Simple,59,Xiaomi Mijia BLE Sensors - ESPHome - Smart Home Made Simple,59,Yes,Instructions for setting up Xiaomi Mi Home (Mijia) bluetooth-based sensors in ESPHome.,86,Instructions for setting up Xiaomi Mi Home (Mijia) bluetooth-based sensors in ESPHome.,86,Yes,https://esphome.io/components/sensor/xiaomi_ble/,,Xiaomi Mijia BLE Sensors,Xiaomi Mijia BLE Sensors,Instructions for setting up Xiaomi Mi Home (Mijia) bluetooth-based sensors in ESPHome.,Instructions for setting up Xiaomi Mi Home (Mijia) bluetooth-based sensors in ESPHome.,https://esphome.io/images/logo.svg,https://esphome.io/images/xiaomi_mijia_logo.jpg,article,website,https://esphome.io/components/sensor/xiaomi_ble/,https://esphome.io/components/sensor/xiaomi_ble/,summary_large_image,summary_large_image,https://esphome.io/images/logo.svg,https://esphome.io/images/xiaomi_mijia_logo.jpg,1,1,Xiaomi Mijia BLE Sensors,Xiaomi Mijia BLE Sensors,,,
/components/sensor/xgzp68xx/,CFSensor XGZP68xx Non-C Series Differential Pressure Sensor - ESPHome - Smart Home Made Simple,94,CFSensor XGZP68xx Non-C Series Differential Pressure Sensor - ESPHome - Smart Home Made Simple,94,Yes,Instructions for setting up the CFSensor XGZP68xx Non-C Series Differential Pressure sensor.,92,Instructions for setting up the CFSensor XGZP68xx Non-C Series Differential Pressure sensor.,92,Yes,https://esphome.io/components/sensor/xgzp68xx/,,CFSensor XGZP68xx Non-C Series Differential Pressure Sensor,CFSensor XGZP68xx Non-C Series Differential Pressure Sensor,Instructions for setting up the CFSensor XGZP68xx Non-C Series Differential Pressure sensor.,Instructions for setting up the CFSensor XGZP68xx Non-C Series Differential Pressure sensor.,https://esphome.io/images/logo.svg,https://esphome.io/images/6897d.jpg,article,website,https://esphome.io/components/sensor/xgzp68xx/,https://esphome.io/components/sensor/xgzp68xx/,summary_large_image,summary_large_image,https://esphome.io/images/logo.svg,https://esphome.io/images/6897d.jpg,1,1,CFSensor XGZP68xx Non-C Series Differential Pressure Sensor,CFSensor XGZP68xx Non-C Series Differential Pressure Sensor,,,Title too long
/components/sensor/wts01/,WTS01 Temperature Sensor - ESPHome - Smart Home Made Simple,59,WTS01 Temperature Sensor - ESPHome - Smart Home Made Simple,59,Yes,Instructions for setting up WTS01 temperature sensors in ESPHome.,65,Instructions for setting up WTS01 temperature sensors in ESPHome.,65,Yes,https://esphome.io/components/sensor/wts01/,,WTS01 Temperature Sensor,WTS01 Temperature Sensor,Instructions for setting up WTS01 temperature sensors in ESPHome.,Instructions for setting up WTS01 temperature sensors in ESPHome.,https://esphome.io/images/logo.svg,https://esphome.io/images/wts01.png,article,website,https://esphome.io/components/sensor/wts01/,https://esphome.io/components/sensor/wts01/,summary_large_image,summary_large_image,https://esphome.io/images/logo.svg,https://esphome.io/images/wts01.png,1,1,WTS01 Temperature Sensor,WTS01 Temperature Sensor,,,
/components/sensor/wifi_signal/,WiFi Signal Sensor - ESPHome - Smart Home Made Simple,53,WiFi Signal Sensor - ESPHome - Smart Home Made Simple,53,Yes,Instructions for setting up WiFi signal sensors that track the RSSI connection strength value to the network.,109,Instructions for setting up WiFi signal sensors that track the RSSI connection strength value to the network.,109,Yes,https://esphome.io/components/sensor/wifi_signal/,,WiFi Signal Sensor,WiFi Signal Sensor,Instructions for setting up WiFi signal sensors that track the RSSI connection strength value to the network.,Instructions for setting up WiFi signal sensors that track the RSSI connection strength value to the network.,https://esphome.io/images/logo.svg,https://esphome.io/images/network-wifi.svg,article,website,https://esphome.io/components/sensor/wifi_signal/,https://esphome.io/components/sensor/wifi_signal/,summary_large_image,summary_large_image,https://esphome.io/images/logo.svg,https://esphome.io/images/network-wifi.svg,1,1,WiFi Signal Sensor,WiFi Signal Sensor,,,
/components/sensor/vl53l0x/,VL53L0X Time Of Flight Distance Sensor - ESPHome - Smart Home Made Simple,73,VL53L0X Time Of Flight Distance Sensor - ESPHome - Smart Home Made Simple,73,Yes,Instructions for setting up VL53L0X distance sensors in ESPHome.,64,Instructions for setting up VL53L0X distance sensors in ESPHome.,64,Yes,https://esphome.io/components/sensor/vl53l0x/,,VL53L0X Time Of Flight Distance Sensor,VL53L0X Time Of Flight Distance Sensor,Instructions for setting up VL53L0X distance sensors in ESPHome.,Instructions for setting up VL53L0X distance sensors in ESPHome.,https://esphome.io/images/logo.svg,https://esphome.io/images/vl53l0x.jpg,article,website,https://esphome.io/components/sensor/vl53l0x/,https://esphome.io/components/sensor/vl53l0x/,summary_large_image,summary_large_image,https://esphome.io/images/logo.svg,https://esphome.io/images/vl53l0x.jpg,1,1,VL53L0X Time Of Flight Distance Sensor,VL53L0X Time Of Flight Distance Sensor,,,Title too long
/components/sensor/veml7700/,VEML7700 and VEML6030 Ambient Light Sensors - ESPHome - Smart Home Made Simple,78,VEML7700 and VEML6030 Ambient Light Sensors - ESPHome - Smart Home Made Simple,78,Yes,Instructions for setting up VEML7700 / VEML6030 ambient light sensors in ESPHome.,81,Instructions for setting up VEML7700 / VEML6030 ambient light sensors in ESPHome.,81,Yes,https://esphome.io/components/sensor/veml7700/,,VEML7700 and VEML6030 Ambient Light Sensors,VEML7700 and VEML6030 Ambient Light Sensors,Instructions for setting up VEML7700 / VEML6030 ambient light sensors in ESPHome.,Instructions for setting up VEML7700 / VEML6030 ambient light sensors in ESPHome.,https://esphome.io/images/logo.svg,https://esphome.io/images/veml7700.jpg,article,website,https://esphome.io/components/sensor/veml7700/,https://esphome.io/components/sensor/veml7700/,summary_large_image,summary_large_image,https://esphome.io/images/logo.svg,https://esphome.io/images/veml7700.jpg,1,1,VEML7700 and VEML6030 Ambient Light Sensors,VEML7700 and VEML6030 Ambient Light Sensors,,,Title too long
/components/sensor/veml3235/,VEML3235 Ambient Light Sensor - ESPHome - Smart Home Made Simple,64,VEML3235 Ambient Light Sensor - ESPHome - Smart Home Made Simple,64,Yes,Instructions for setting up VEML3235 ambient light sensors in ESPHome.,70,Instructions for setting up VEML3235 ambient light sensors in ESPHome.,70,Yes,https://esphome.io/components/sensor/veml3235/,,VEML3235 Ambient Light Sensor,VEML3235 Ambient Light Sensor,Instructions for setting up VEML3235 ambient light sensors in ESPHome.,Instructions for setting up VEML3235 ambient light sensors in ESPHome.,https://esphome.io/images/logo.svg,https://esphome.io/images/veml3235.jpg,article,website,https://esphome.io/components/sensor/veml3235/,https://esphome.io/components/sensor/veml3235/,summary_large_image,summary_large_image,https://esphome.io/images/logo.svg,https://esphome.io/images/veml3235.jpg,1,1,VEML3235 Ambient Light Sensor,VEML3235 Ambient Light Sensor,,,Title too long
/components/sensor/uptime/,Uptime Sensor - ESPHome - Smart Home Made Simple,48,Uptime Sensor - ESPHome - Smart Home Made Simple,48,Yes,Instructions for setting up a sensor that tracks the uptime of the ESP.,71,Instructions for setting up a sensor that tracks the uptime of the ESP.,71,Yes,https://esphome.io/components/sensor/uptime/,,Uptime Sensor,Uptime Sensor,Instructions for setting up a sensor that tracks the uptime of the ESP.,Instructions for setting up a sensor that tracks the uptime of the ESP.,https://esphome.io/images/logo.svg,https://esphome.io/images/timer.svg,article,website,https://esphome.io/components/sensor/uptime/,https://esphome.io/components/sensor/uptime/,summary_large_image,summary_large_image,https://esphome.io/images/logo.svg,https://esphome.io/images/timer.svg,1,1,Uptime Sensor,Uptime Sensor,,,
/components/sensor/ultrasonic/,Ultrasonic Distance Sensor - ESPHome - Smart Home Made Simple,61,Ultrasonic Distance Sensor - ESPHome - Smart Home Made Simple,61,Yes,Instructions for setting up ultrasonic distance measurement sensors in ESPHome.,79,Instructions for setting up ultrasonic distance measurement sensors in ESPHome.,79,Yes,https://esphome.io/components/sensor/ultrasonic/,,Ultrasonic Distance Sensor,Ultrasonic Distance Sensor,Instructions for setting up ultrasonic distance measurement sensors in ESPHome.,Instructions for setting up ultrasonic distance measurement sensors in ESPHome.,https://esphome.io/images/logo.svg,https://esphome.io/images/ultrasonic.jpg,article,website,https://esphome.io/components/sensor/ultrasonic/,https://esphome.io/components/sensor/ultrasonic/,summary_large_image,summary_large_image,https://esphome.io/images/logo.svg,https://esphome.io/images/ultrasonic.jpg,1,1,Ultrasonic Distance Sensor,Ultrasonic Distance Sensor,,,Title too long
/components/sensor/ufire_ise/,uFire ISE pH sensor - ESPHome - Smart Home Made Simple,54,uFire ISE pH sensor - ESPHome - Smart Home Made Simple,54,Yes,Instructions for setting up uFire ISE pH sensor in esphome,58,Instructions for setting up uFire ISE pH sensor in esphome,58,Yes,https://esphome.io/components/sensor/ufire_ise/,,uFire ISE pH sensor,uFire ISE pH sensor,Instructions for setting up uFire ISE pH sensor in esphome,Instructions for setting up uFire ISE pH sensor in esphome,https://esphome.io/images/logo.svg,https://esphome.io/images/ufire_ise.png,article,website,https://esphome.io/components/sensor/ufire_ise/,https://esphome.io/components/sensor/ufire_ise/,summary_large_image,summary_large_image,https://esphome.io/images/logo.svg,https://esphome.io/images/ufire_ise.png,1,1,uFire ISE pH sensor,uFire ISE pH sensor,,,
/components/sensor/ufire_ec/,uFire Isolated EC sensor - ESPHome - Smart Home Made Simple,59,uFire Isolated EC sensor - ESPHome - Smart Home Made Simple,59,Yes,Instructions for setting up uFire Isolated EC sensor in esphome,63,Instructions for setting up uFire Isolated EC sensor in esphome,63,Yes,https://esphome.io/components/sensor/ufire_ec/,,uFire Isolated EC sensor,uFire Isolated EC sensor,Instructions for setting up uFire Isolated EC sensor in esphome,Instructions for setting up uFire Isolated EC sensor in esphome,https://esphome.io/images/logo.svg,https://esphome.io/images/ufire_ec.png,article,website,https://esphome.io/components/sensor/ufire_ec/,https://esphome.io/components/sensor/ufire_ec/,summary_large_image,summary_large_image,https://esphome.io/images/logo.svg,https://esphome.io/images/ufire_ec.png,1,1,uFire Isolated EC sensor,uFire Isolated EC sensor,,,
/components/sensor/tx20/,TX20/TX23 Wind Speed/Direction Sensor - ESPHome - Smart Home Made Simple,72,TX20/TX23 Wind Speed/Direction Sensor - ESPHome - Smart Home Made Simple,72,Yes,Instructions for setting up TX20/TX23 wind speed and direction sensors,70,Instructions for setting up TX20/TX23 wind speed and direction sensors,70,Yes,https://esphome.io/components/sensor/tx20/,,TX20/TX23 Wind Speed/Direction Sensor,TX20/TX23 Wind Speed/Direction Sensor,Instructions for setting up TX20/TX23 wind speed and direction sensors,Instructions for setting up TX20/TX23 wind speed and direction sensors,https://esphome.io/images/logo.svg,https://esphome.io/images/tx20.jpg,article,website,https://esphome.io/components/sensor/tx20/,https://esphome.io/components/sensor/tx20/,summary_large_image,summary_large_image,https://esphome.io/images/logo.svg,https://esphome.io/images/tx20.jpg,1,1,TX20/TX23 Wind Speed/Direction Sensor,TX20/TX23 Wind Speed/Direction Sensor,,,Title too long
/components/sensor/tuya/,Tuya Sensor - ESPHome - Smart Home Made Simple,46,Tuya Sensor - ESPHome - Smart Home Made Simple,46,Yes,Instructions for setting up a Tuya device sensor.,49,Instructions for setting up a Tuya device sensor.,49,Yes,https://esphome.io/components/sensor/tuya/,,Tuya Sensor,Tuya Sensor,Instructions for setting up a Tuya device sensor.,Instructions for setting up a Tuya device sensor.,https://esphome.io/images/logo.svg,https://esphome.io/images/tuya.png,article,website,https://esphome.io/components/sensor/tuya/,https://esphome.io/components/sensor/tuya/,summary_large_image,summary_large_image,https://esphome.io/images/logo.svg,https://esphome.io/images/tuya.png,1,1,Tuya Sensor,Tuya Sensor,,,Desc short
/components/sensor/tsl2591/,TSL2591 Ambient Light Sensor - ESPHome - Smart Home Made Simple,63,TSL2591 Ambient Light Sensor - ESPHome - Smart Home Made Simple,63,Yes,Instructions for setting up TSL2591 ambient light sensors in ESPHome.,69,Instructions for setting up TSL2591 ambient light sensors in ESPHome.,69,Yes,https://esphome.io/components/sensor/tsl2591/,,TSL2591 Ambient Light Sensor,TSL2591 Ambient Light Sensor,Instructions for setting up TSL2591 ambient light sensors in ESPHome.,Instructions for setting up TSL2591 ambient light sensors in ESPHome.,https://esphome.io/images/logo.svg,https://esphome.io/images/tsl2591.jpg,article,website,https://esphome.io/components/sensor/tsl2591/,https://esphome.io/components/sensor/tsl2591/,summary_large_image,summary_large_image,https://esphome.io/images/logo.svg,https://esphome.io/images/tsl2591.jpg,1,1,TSL2591 Ambient Light Sensor,TSL2591 Ambient Light Sensor,,,Title too long
/components/sensor/tsl2561/,TSL2561 Ambient Light Sensor - ESPHome - Smart Home Made Simple,63,TSL2561 Ambient Light Sensor - ESPHome - Smart Home Made Simple,63,Yes,Instructions for setting up TSL2561 ambient light sensors in ESPHome.,69,Instructions for setting up TSL2561 ambient light sensors in ESPHome.,69,Yes,https://esphome.io/components/sensor/tsl2561/,,TSL2561 Ambient Light Sensor,TSL2561 Ambient Light Sensor,Instructions for setting up TSL2561 ambient light sensors in ESPHome.,Instructions for setting up TSL2561 ambient light sensors in ESPHome.,https://esphome.io/images/logo.svg,https://esphome.io/images/tsl2561.jpg,article,website,https://esphome.io/components/sensor/tsl2561/,https://esphome.io/components/sensor/tsl2561/,summary_large_image,summary_large_image,https://esphome.io/images/logo.svg,https://esphome.io/images/tsl2561.jpg,1,1,TSL2561 Ambient Light Sensor,TSL2561 Ambient Light Sensor,,,Title too long
/components/sensor/total_daily_energy/,Total Daily Energy Sensor - ESPHome - Smart Home Made Simple,60,Total Daily Energy Sensor - ESPHome - Smart Home Made Simple,60,Yes,Instructions for setting up sensors that track the total daily energy usage per day and accumulate the power usage.,115,Instructions for setting up sensors that track the total daily energy usage per day and accumulate the power usage.,115,Yes,https://esphome.io/components/sensor/total_daily_energy/,,Total Daily Energy Sensor,Total Daily Energy Sensor,Instructions for setting up sensors that track the total daily energy usage per day and accumulate the power usage.,Instructions for setting up sensors that track the total daily energy usage per day and accumulate the power usage.,https://esphome.io/images/logo.svg,https://esphome.io/images/sigma.svg,article,website,https://esphome.io/components/sensor/total_daily_energy/,https://esphome.io/components/sensor/total_daily_energy/,summary_large_image,summary_large_image,https://esphome.io/images/logo.svg,https://esphome.io/images/sigma.svg,1,1,Total Daily Energy Sensor,Total Daily Energy Sensor,,,
/components/sensor/tof10120/,TOF10120 Time Of Flight Distance Sensor - ESPHome - Smart Home Made Simple,74,TOF10120 Time Of Flight Distance Sensor - ESPHome - Smart Home Made Simple,74,Yes,Instructions for setting up TOF10120 distance sensors in ESPHome.,65,Instructions for setting up TOF10120 distance sensors in ESPHome.,65,Yes,https://esphome.io/components/sensor/tof10120/,,TOF10120 Time Of Flight Distance Sensor,TOF10120 Time Of Flight Distance Sensor,Instructions for setting up TOF10120 distance sensors in ESPHome.,Instructions for setting up TOF10120 distance sensors in ESPHome.,https://esphome.io/images/logo.svg,https://esphome.io/images/tof10120.jpg,article,website,https://esphome.io/components/sensor/tof10120/,https://esphome.io/components/sensor/tof10120/,summary_large_image,summary_large_image,https://esphome.io/images/logo.svg,https://esphome.io/images/tof10120.jpg,1,1,TOF10120 Time Of Flight Distance Sensor,TOF10120 Time Of Flight Distance Sensor,,,Title too long
/components/sensor/tmp117/,TMP117 Temperature Sensor - ESPHome - Smart Home Made Simple,60,TMP117 Temperature Sensor - ESPHome - Smart Home Made Simple,60,Yes,Instructions for setting up the TMP117 Temperature sensor.,58,Instructions for setting up the TMP117 Temperature sensor.,58,Yes,https://esphome.io/components/sensor/tmp117/,,TMP117 Temperature Sensor,TMP117 Temperature Sensor,Instructions for setting up the TMP117 Temperature sensor.,Instructions for setting up the TMP117 Temperature sensor.,https://esphome.io/images/logo.svg,https://esphome.io/images/tmp117.jpg,article,website,https://esphome.io/components/sensor/tmp117/,https://esphome.io/components/sensor/tmp117/,summary_large_image,summary_large_image,https://esphome.io/images/logo.svg,https://esphome.io/images/tmp117.jpg,1,1,TMP117 Temperature Sensor,TMP117 Temperature Sensor,,,
/components/sensor/tmp1075/,TMP1075 Temperature Sensor - ESPHome - Smart Home Made Simple,61,TMP1075 Temperature Sensor - ESPHome - Smart Home Made Simple,61,Yes,Instructions for setting up the TMP1075 Temperature sensor.,59,Instructions for setting up the TMP1075 Temperature sensor.,59,Yes,https://esphome.io/components/sensor/tmp1075/,,TMP1075 Temperature Sensor,TMP1075 Temperature Sensor,Instructions for setting up the TMP1075 Temperature sensor.,Instructions for setting up the TMP1075 Temperature sensor.,https://esphome.io/images/logo.svg,https://esphome.io/images/tmp1075.jpg,article,website,https://esphome.io/components/sensor/tmp1075/,https://esphome.io/components/sensor/tmp1075/,summary_large_image,summary_large_image,https://esphome.io/images/logo.svg,https://esphome.io/images/tmp1075.jpg,1,1,TMP1075 Temperature Sensor,TMP1075 Temperature Sensor,,,Title too long
/components/sensor/tmp102/,TMP102 Temperature Sensor - ESPHome - Smart Home Made Simple,60,TMP102 Temperature Sensor - ESPHome - Smart Home Made Simple,60,Yes,Instructions for setting up TMP102 temperature sensors.,55,Instructions for setting up TMP102 temperature sensors.,55,Yes,https://esphome.io/components/sensor/tmp102/,,TMP102 Temperature Sensor,TMP102 Temperature Sensor,Instructions for setting up TMP102 temperature sensors.,Instructions for setting up TMP102 temperature sensors.,https://esphome.io/images/logo.svg,https://esphome.io/images/tmp102.jpg,article,website,https://esphome.io/components/sensor/tmp102/,https://esphome.io/components/sensor/tmp102/,summary_large_image,summary_large_image,https://esphome.io/images/logo.svg,https://esphome.io/images/tmp102.jpg,1,1,TMP102 Temperature Sensor,TMP102 Temperature Sensor,,,
/components/sensor/thermopro_ble/,ThermoPro BLE Sensors - ESPHome - Smart Home Made Simple,56,ThermoPro BLE Sensors - ESPHome - Smart Home Made Simple,56,Yes,Instructions for setting up ThermoPro Bluetooth-based temperature and humidity sensors in ESPHome.,98,Instructions for setting up ThermoPro Bluetooth-based temperature and humidity sensors in ESPHome.,98,Yes,https://esphome.io/components/sensor/thermopro_ble/,,ThermoPro BLE Sensors,ThermoPro BLE Sensors,Instructions for setting up ThermoPro Bluetooth-based temperature and humidity sensors in ESPHome.,Instructions for setting up ThermoPro Bluetooth-based temperature and humidity sensors in ESPHome.,https://esphome.io/images/logo.svg,https://esphome.io/images/thermopro_tp357.jpg,article,website,https://esphome.io/components/sensor/thermopro_ble/,https://esphome.io/components/sensor/thermopro_ble/,summary_large_image,summary_large_image,https://esphome.io/images/logo.svg,https://esphome.io/images/thermopro_tp357.jpg,1,1,ThermoPro BLE Sensors,ThermoPro BLE Sensors,,,
/components/sensor/template/,Template Sensor - ESPHome - Smart Home Made Simple,50,Template Sensor - ESPHome - Smart Home Made Simple,50,Yes,Instructions for setting up template sensors with ESPHome.,58,Instructions for setting up template sensors with ESPHome.,58,Yes,https://esphome.io/components/sensor/template/,,Template Sensor,Template Sensor,Instructions for setting up template sensors with ESPHome.,Instructions for setting up template sensors with ESPHome.,https://esphome.io/images/logo.svg,https://esphome.io/images/description.svg,article,website,https://esphome.io/components/sensor/template/,https://esphome.io/components/sensor/template/,summary_large_image,summary_large_image,https://esphome.io/images/logo.svg,https://esphome.io/images/description.svg,1,1,Template Sensor,Template Sensor,,,
/components/sensor/tem3200/,TE-M3200 Pressure Sensor - ESPHome - Smart Home Made Simple,59,TE-M3200 Pressure Sensor - ESPHome - Smart Home Made Simple,59,Yes,Instructions for setting up TE-M3200 pressure sensors with ESPHome,66,Instructions for setting up TE-M3200 pressure sensors with ESPHome,66,Yes,https://esphome.io/components/sensor/tem3200/,,TE-M3200 Pressure Sensor,TE-M3200 Pressure Sensor,Instructions for setting up TE-M3200 pressure sensors with ESPHome,Instructions for setting up TE-M3200 pressure sensors with ESPHome,https://esphome.io/images/logo.svg,https://esphome.io/images/tem3200.jpg,article,website,https://esphome.io/components/sensor/tem3200/,https://esphome.io/components/sensor/tem3200/,summary_large_image,summary_large_image,https://esphome.io/images/logo.svg,https://esphome.io/images/tem3200.jpg,1,1,TE-M3200 Pressure Sensor,TE-M3200 Pressure Sensor,,,
/components/sensor/teleinfo/,Teleinformation from Linky electrical counter. - ESPHome - Smart Home Made Simple,81,Teleinformation from Linky electrical counter. - ESPHome - Smart Home Made Simple,81,Yes,Instructions for setting up French Teleinformation,50,Instructions for setting up French Teleinformation,50,Yes,https://esphome.io/components/sensor/teleinfo/,,Teleinformation from Linky electrical counter.,Teleinformation from Linky electrical counter.,Instructions for setting up French Teleinformation,Instructions for setting up French Teleinformation,https://esphome.io/images/logo.svg,https://esphome.io/images/teleinfo.jpg,article,website,https://esphome.io/components/sensor/teleinfo/,https://esphome.io/components/sensor/teleinfo/,summary_large_image,summary_large_image,https://esphome.io/images/logo.svg,https://esphome.io/images/teleinfo.jpg,1,1,Teleinformation from Linky electrical counter.,Teleinformation from Linky electrical counter.,,,Title too long
/components/sensor/tee501/,TEE501 Temperature Sensor - ESPHome - Smart Home Made Simple,60,TEE501 Temperature Sensor - ESPHome - Smart Home Made Simple,60,Yes,Instructions for setting up TEE501 temperature sensors,54,Instructions for setting up TEE501 temperature sensors,54,Yes,https://esphome.io/components/sensor/tee501/,,TEE501 Temperature Sensor,TEE501 Temperature Sensor,Instructions for setting up TEE501 temperature sensors,Instructions for setting up TEE501 temperature sensors,https://esphome.io/images/logo.svg,https://esphome.io/images/TEE501.png,article,website,https://esphome.io/components/sensor/tee501/,https://esphome.io/components/sensor/tee501/,summary_large_image,summary_large_image,https://esphome.io/images/logo.svg,https://esphome.io/images/TEE501.png,1,1,TEE501 Temperature Sensor,TEE501 Temperature Sensor,,,
/components/sensor/tcs34725/,TCS34725 RGB Color Sensor - ESPHome - Smart Home Made Simple,60,TCS34725 RGB Color Sensor - ESPHome - Smart Home Made Simple,60,Yes,Instructions for setting up TCS34725 RGB color sensors.,55,Instructions for setting up TCS34725 RGB color sensors.,55,Yes,https://esphome.io/components/sensor/tcs34725/,,TCS34725 RGB Color Sensor,TCS34725 RGB Color Sensor,Instructions for setting up TCS34725 RGB color sensors.,Instructions for setting up TCS34725 RGB color sensors.,https://esphome.io/images/logo.svg,https://esphome.io/images/tcs34725.jpg,article,website,https://esphome.io/components/sensor/tcs34725/,https://esphome.io/components/sensor/tcs34725/,summary_large_image,summary_large_image,https://esphome.io/images/logo.svg,https://esphome.io/images/tcs34725.jpg,1,1,TCS34725 RGB Color Sensor,TCS34725 RGB Color Sensor,,,
/components/sensor/tc74/,TC74 Temperature Sensor - ESPHome - Smart Home Made Simple,58,TC74 Temperature Sensor - ESPHome - Smart Home Made Simple,58,Yes,Instructions for setting up the TC74 temperature sensors.,57,Instructions for setting up the TC74 temperature sensors.,57,Yes,https://esphome.io/components/sensor/tc74/,,TC74 Temperature Sensor,TC74 Temperature Sensor,Instructions for setting up the TC74 temperature sensors.,Instructions for setting up the TC74 temperature sensors.,https://esphome.io/images/logo.svg,https://esphome.io/images/tc74.jpg,article,website,https://esphome.io/components/sensor/tc74/,https://esphome.io/components/sensor/tc74/,summary_large_image,summary_large_image,https://esphome.io/images/logo.svg,https://esphome.io/images/tc74.jpg,1,1,TC74 Temperature Sensor,TC74 Temperature Sensor,,,
/components/sensor/t6615/,T6613/15 CO2 Sensors - ESPHome - Smart Home Made Simple,55,T6613/15 CO2 Sensors - ESPHome - Smart Home Made Simple,55,Yes,Instructions for setting up T6613 and T6615 sensors for ESPHome,63,Instructions for setting up T6613 and T6615 sensors for ESPHome,63,Yes,https://esphome.io/components/sensor/t6615/,,T6613/15 CO2 Sensors,T6613/15 CO2 Sensors,Instructions for setting up T6613 and T6615 sensors for ESPHome,Instructions for setting up T6613 and T6615 sensors for ESPHome,https://esphome.io/images/logo.svg,https://esphome.io/images/t6615.jpg,article,website,https://esphome.io/components/sensor/t6615/,https://esphome.io/components/sensor/t6615/,summary_large_image,summary_large_image,https://esphome.io/images/logo.svg,https://esphome.io/images/t6615.jpg,1,1,T6613/15 CO2 Sensors,T6613/15 CO2 Sensors,,,
/components/sensor/stts22h/,STTS22H Temperature Sensor - ESPHome - Smart Home Made Simple,61,STTS22H Temperature Sensor - ESPHome - Smart Home Made Simple,61,Yes,Instructions for setting up STTS22H temperature sensor from STMicroelectronics,78,Instructions for setting up STTS22H temperature sensor from STMicroelectronics with ESPHome,91,No,https://esphome.io/components/sensor/stts22h/,,STTS22H Temperature Sensor,STTS22H Temperature Sensor,Instructions for setting up STTS22H temperature sensor from STMicroelectronics,Instructions for setting up STTS22H temperature sensor from STMicroelectronics with ESPHome,https://esphome.io/images/logo.svg,https://esphome.io/stts22h.png,article,website,https://esphome.io/components/sensor/stts22h/,https://esphome.io/components/sensor/stts22h/,summary_large_image,summary_large_image,https://esphome.io/images/logo.svg,https://esphome.io/stts22h.png,1,1,STTS22H Temperature Sensor,STTS22H Temperature Sensor,,,Title too long
/components/sensor/sts3x/,STS3X Temperature Sensor - ESPHome - Smart Home Made Simple,59,STS3X Temperature Sensor - ESPHome - Smart Home Made Simple,59,Yes,Instructions for setting up STS3x-DIS temperature sensors,57,Instructions for setting up STS3x-DIS temperature sensors,57,Yes,https://esphome.io/components/sensor/sts3x/,,STS3X Temperature Sensor,STS3X Temperature Sensor,Instructions for setting up STS3x-DIS temperature sensors,Instructions for setting up STS3x-DIS temperature sensors,https://esphome.io/images/logo.svg,https://esphome.io/images/sts3x.jpg,article,website,https://esphome.io/components/sensor/sts3x/,https://esphome.io/components/sensor/sts3x/,summary_large_image,summary_large_image,https://esphome.io/images/logo.svg,https://esphome.io/images/sts3x.jpg,1,1,STS3X Temperature Sensor,STS3X Temperature Sensor,,,
/components/sensor/sps30/,SPS30 Particulate Matter Sensor - ESPHome - Smart Home Made Simple,66,SPS30 Particulate Matter Sensor - ESPHome - Smart Home Made Simple,66,Yes,"Instructions for setting up SPS30 PM1.0, PM2.5, PM4, PM10 Particulate Matter sensors",84,"Instructions for setting up SPS30 PM1.0, PM2.5, PM4, PM10 Particulate Matter sensors",84,Yes,https://esphome.io/components/sensor/sps30/,,SPS30 Particulate Matter Sensor,SPS30 Particulate Matter Sensor,"Instructions for setting up SPS30 PM1.0, PM2.5, PM4, PM10 Particulate Matter sensors","Instructions for setting up SPS30 PM1.0, PM2.5, PM4, PM10 Particulate Matter sensors",https://esphome.io/images/logo.svg,https://esphome.io/images/sps30.jpg,article,website,https://esphome.io/components/sensor/sps30/,https://esphome.io/components/sensor/sps30/,summary_large_image,summary_large_image,https://esphome.io/images/logo.svg,https://esphome.io/images/sps30.jpg,1,1,SPS30 Particulate Matter Sensor,SPS30 Particulate Matter Sensor,,,Title too long
/components/sensor/sound_level/,Sound Level Sensor - ESPHome - Smart Home Made Simple,53,Sound Level Sensor - ESPHome - Smart Home Made Simple,53,Yes,Instructions for setting up microphone sound level sensors with ESPHome,71,Instructions for setting up microphone sound level sensors with ESPHome,71,Yes,https://esphome.io/components/sensor/sound_level/,,Sound Level Sensor,Sound Level Sensor,Instructions for setting up microphone sound level sensors with ESPHome,Instructions for setting up microphone sound level sensors with ESPHome,https://esphome.io/images/logo.svg,https://esphome.io/images/waveform.svg,article,website,https://esphome.io/components/sensor/sound_level/,https://esphome.io/components/sensor/sound_level/,summary_large_image,summary_large_image,https://esphome.io/images/logo.svg,https://esphome.io/images/waveform.svg,1,1,Sound Level Sensor,Sound Level Sensor,,,
/components/sensor/smt100/,SMT100 Soil Moisture Sensor - ESPHome - Smart Home Made Simple,62,SMT100 Soil Moisture Sensor - ESPHome - Smart Home Made Simple,62,Yes,Instructions for setting up SMT100 soil moisture and temperature sensor,71,Instructions for setting up SMT100 soil moisture and temperature sensor,71,Yes,https://esphome.io/components/sensor/smt100/,,SMT100 Soil Moisture Sensor,SMT100 Soil Moisture Sensor,Instructions for setting up SMT100 soil moisture and temperature sensor,Instructions for setting up SMT100 soil moisture and temperature sensor,https://esphome.io/images/logo.svg,https://esphome.io/images/smt100.jpg,article,website,https://esphome.io/components/sensor/smt100/,https://esphome.io/components/sensor/smt100/,summary_large_image,summary_large_image,https://esphome.io/images/logo.svg,https://esphome.io/images/smt100.jpg,1,1,SMT100 Soil Moisture Sensor,SMT100 Soil Moisture Sensor,,,Title too long
/components/sensor/sm300d2/,SM300D2 7-in-1 Air Quality Sensor - ESPHome - Smart Home Made Simple,68,SM300D2 7-in-1 Air Quality Sensor - ESPHome - Smart Home Made Simple,68,Yes,Instructions for setting up SM300D2 sensor to work with ESPHome,63,Instructions for setting up SM300D2 sensor to work with ESPHome,63,Yes,https://esphome.io/components/sensor/sm300d2/,,SM300D2 7-in-1 Air Quality Sensor,SM300D2 7-in-1 Air Quality Sensor,Instructions for setting up SM300D2 sensor to work with ESPHome,Instructions for setting up SM300D2 sensor to work with ESPHome,https://esphome.io/images/logo.svg,https://esphome.io/images/sm300d2.jpg,article,website,https://esphome.io/components/sensor/sm300d2/,https://esphome.io/components/sensor/sm300d2/,summary_large_image,summary_large_image,https://esphome.io/images/logo.svg,https://esphome.io/images/sm300d2.jpg,1,1,SM300D2 7-in-1 Air Quality Sensor,SM300D2 7-in-1 Air Quality Sensor,,,Title too long
/components/sensor/shtcx/,SHTCx Temperature+Humidity Sensors - ESPHome - Smart Home Made Simple,69,SHTCx Temperature+Humidity Sensors - ESPHome - Smart Home Made Simple,69,Yes,Instructions for setting up SHTC1 and SHTC3 temperature and humidity sensors,76,Instructions for setting up SHTC1 and SHTC3 temperature and humidity sensors,76,Yes,https://esphome.io/components/sensor/shtcx/,,SHTCx Temperature+Humidity Sensors,SHTCx Temperature+Humidity Sensors,Instructions for setting up SHTC1 and SHTC3 temperature and humidity sensors,Instructions for setting up SHTC1 and SHTC3 temperature and humidity sensors,https://esphome.io/images/logo.svg,https://esphome.io/images/shtc3.jpg,article,website,https://esphome.io/components/sensor/shtcx/,https://esphome.io/components/sensor/shtcx/,summary_large_image,summary_large_image,https://esphome.io/images/logo.svg,https://esphome.io/images/shtc3.jpg,1,1,SHTCx Temperature+Humidity Sensors,SHTCx Temperature+Humidity Sensors,,,Title too long
/components/sensor/sht4x/,SHT4X Temperature and Humidity Sensor - ESPHome - Smart Home Made Simple,72,SHT4X Temperature and Humidity Sensor - ESPHome - Smart Home Made Simple,72,Yes,Instructions for setting up SHT4X temperature and humidity sensor,65,Instructions for setting up SHT4X temperature and humidity sensor,65,Yes,https://esphome.io/components/sensor/sht4x/,,SHT4X Temperature and Humidity Sensor,SHT4X Temperature and Humidity Sensor,Instructions for setting up SHT4X temperature and humidity sensor,Instructions for setting up SHT4X temperature and humidity sensor,https://esphome.io/images/logo.svg,https://esphome.io/images/sht4x.jpg,article,website,https://esphome.io/components/sensor/sht4x/,https://esphome.io/components/sensor/sht4x/,summary_large_image,summary_large_image,https://esphome.io/images/logo.svg,https://esphome.io/images/sht4x.jpg,1,1,SHT4X Temperature and Humidity Sensor,SHT4X Temperature and Humidity Sensor,,,Title too long
/components/sensor/sht3xd/,SHT3X-D Temperature+Humidity Sensor - ESPHome - Smart Home Made Simple,70,SHT3X-D Temperature+Humidity Sensor - ESPHome - Smart Home Made Simple,70,Yes,Instructions for setting up SHT31-D/SHT3x and SHT85 temperature and humidity sensors,84,Instructions for setting up SHT31-D/SHT3x and SHT85 temperature and humidity sensors,84,Yes,https://esphome.io/components/sensor/sht3xd/,,SHT3X-D Temperature+Humidity Sensor,SHT3X-D Temperature+Humidity Sensor,Instructions for setting up SHT31-D/SHT3x and SHT85 temperature and humidity sensors,Instructions for setting up SHT31-D/SHT3x and SHT85 temperature and humidity sensors,https://esphome.io/images/logo.svg,https://esphome.io/images/sht3xd.jpg,article,website,https://esphome.io/components/sensor/sht3xd/,https://esphome.io/components/sensor/sht3xd/,summary_large_image,summary_large_image,https://esphome.io/images/logo.svg,https://esphome.io/images/sht3xd.jpg,1,1,SHT3X-D Temperature+Humidity Sensor,SHT3X-D Temperature+Humidity Sensor,,,Title too long
/components/sensor/sgp4x/,SGP40 Volatile Organic Compound Sensor and SGP41 VOC and NOx Sensor - ESPHome - Smart Home Made Simple,102,SGP40 Volatile Organic Compound Sensor and SGP41 VOC and NOx Sensor - ESPHome - Smart Home Made Simple,102,Yes,Instructions for setting up SGP40/SGP41 Volatile Organic Compound and NOx sensor,80,Instructions for setting up SGP40/SGP41 Volatile Organic Compound and NOx sensor,80,Yes,https://esphome.io/components/sensor/sgp4x/,,SGP40 Volatile Organic Compound Sensor and SGP41 VOC and NOx Sensor,SGP40 Volatile Organic Compound Sensor and SGP41 VOC and NOx Sensor,Instructions for setting up SGP40/SGP41 Volatile Organic Compound and NOx sensor,Instructions for setting up SGP40/SGP41 Volatile Organic Compound and NOx sensor,https://esphome.io/images/logo.svg,https://esphome.io/images/sgp40.jpg,article,website,https://esphome.io/components/sensor/sgp4x/,https://esphome.io/components/sensor/sgp4x/,summary_large_image,summary_large_image,https://esphome.io/images/logo.svg,https://esphome.io/images/sgp40.jpg,1,1,SGP40 Volatile Organic Compound Sensor and SGP41 VOC and NOx Sensor,SGP40 Volatile Organic Compound Sensor and SGP41 VOC and NOx Sensor,,,Title too long
/components/sensor/sgp30/,SGP30 CO₂ and Volatile Organic Compound Sensor - ESPHome - Smart Home Made Simple,81,SGP30 CO₂ and Volatile Organic Compound Sensor - ESPHome - Smart Home Made Simple,81,Yes,Instructions for setting up SGP30 CO₂eq and Volatile Organic Compound sensor,76,Instructions for setting up SGP30 CO₂eq and Volatile Organic Compound sensor,76,Yes,https://esphome.io/components/sensor/sgp30/,,SGP30 CO₂ and Volatile Organic Compound Sensor,SGP30 CO₂ and Volatile Organic Compound Sensor,Instructions for setting up SGP30 CO₂eq and Volatile Organic Compound sensor,Instructions for setting up SGP30 CO₂eq and Volatile Organic Compound sensor,https://esphome.io/images/logo.svg,https://esphome.io/images/sgp30.jpg,article,website,https://esphome.io/components/sensor/sgp30/,https://esphome.io/components/sensor/sgp30/,summary_large_image,summary_large_image,https://esphome.io/images/logo.svg,https://esphome.io/images/sgp30.jpg,1,1,SGP30 CO₂ and Volatile Organic Compound Sensor,SGP30 CO₂ and Volatile Organic Compound Sensor,,,Title too long
/components/sensor/sfa30/,SFA30 Formaldehyde Sensor - ESPHome - Smart Home Made Simple,60,SFA30 Formaldehyde Sensor - ESPHome - Smart Home Made Simple,60,Yes,Instructions for setting up SFA30 Formaldehyde Sensor,53,Instructions for setting up SFA30 Formaldehyde Sensor,53,Yes,https://esphome.io/components/sensor/sfa30/,,SFA30 Formaldehyde Sensor,SFA30 Formaldehyde Sensor,Instructions for setting up SFA30 Formaldehyde Sensor,Instructions for setting up SFA30 Formaldehyde Sensor,https://esphome.io/images/logo.svg,https://esphome.io/images/sfa30.jpg,article,website,https://esphome.io/components/sensor/sfa30/,https://esphome.io/components/sensor/sfa30/,summary_large_image,summary_large_image,https://esphome.io/images/logo.svg,https://esphome.io/images/sfa30.jpg,1,1,SFA30 Formaldehyde Sensor,SFA30 Formaldehyde Sensor,,,
/components/sensor/senseair/,SenseAir CO_2 Sensor - ESPHome - Smart Home Made Simple,55,SenseAir CO_2 Sensor - ESPHome - Smart Home Made Simple,55,Yes,Instructions for setting up SenseAir S8 CO2 sensor,50,Instructions for setting up SenseAir S8 CO2 sensor,50,Yes,https://esphome.io/components/sensor/senseair/,,SenseAir CO_2 Sensor,SenseAir CO_2 Sensor,Instructions for setting up SenseAir S8 CO2 sensor,Instructions for setting up SenseAir S8 CO2 sensor,https://esphome.io/images/logo.svg,https://esphome.io/images/senseair_s8.jpg,article,website,https://esphome.io/components/sensor/senseair/,https://esphome.io/components/sensor/senseair/,summary_large_image,summary_large_image,https://esphome.io/images/logo.svg,https://esphome.io/images/senseair_s8.jpg,1,1,SenseAir CO_2 Sensor,SenseAir CO_2 Sensor,,,
/components/sensor/sen5x/,Sen5x Series Environmental sensor - ESPHome - Smart Home Made Simple,68,Sen5x Series Environmental sensor - ESPHome - Smart Home Made Simple,68,Yes,"Instructions for setting up Sen5x Series Environmental sensor for PM, RH/T, VOC, and NOx measurements.",102,"Instructions for setting up Sen5x Series Environmental sensor for PM, RH/T, VOC, and NOx measurements.",102,Yes,https://esphome.io/components/sensor/sen5x/,,Sen5x Series Environmental sensor,Sen5x Series Environmental sensor,"Instructions for setting up Sen5x Series Environmental sensor for PM, RH/T, VOC, and NOx measurements.","Instructions for setting up Sen5x Series Environmental sensor for PM, RH/T, VOC, and NOx measurements.",https://esphome.io/images/logo.svg,https://esphome.io/images/sen54.jpg,article,website,https://esphome.io/components/sensor/sen5x/,https://esphome.io/components/sensor/sen5x/,summary_large_image,summary_large_image,https://esphome.io/images/logo.svg,https://esphome.io/images/sen54.jpg,1,1,Sen5x Series Environmental sensor,Sen5x Series Environmental sensor,,,Title too long
/components/sensor/sen21231/,SEN21231 Person Sensor from Useful Sensors - ESPHome - Smart Home Made Simple,77,SEN21231 Person Sensor from Useful Sensors - ESPHome - Smart Home Made Simple,77,Yes,Instructions for setting up a SEN21231 Person Sensor from Useful Sensors with ESPHome.,86,Instructions for setting up a SEN21231 Person Sensor from Useful Sensors with ESPHome.,86,Yes,https://esphome.io/components/sensor/sen21231/,,SEN21231 Person Sensor from Useful Sensors,SEN21231 Person Sensor from Useful Sensors,Instructions for setting up a SEN21231 Person Sensor from Useful Sensors with ESPHome.,Instructions for setting up a SEN21231 Person Sensor from Useful Sensors with ESPHome.,https://esphome.io/images/logo.svg,https://esphome.io/images/description.svg,article,website,https://esphome.io/components/sensor/sen21231/,https://esphome.io/components/sensor/sen21231/,summary_large_image,summary_large_image,https://esphome.io/images/logo.svg,https://esphome.io/images/description.svg,1,1,SEN21231 Person Sensor from Useful Sensors,SEN21231 Person Sensor from Useful Sensors,,,Title too long
/components/sensor/sen0321/,SEN0321 DFRobot Ozone Sensor - ESPHome - Smart Home Made Simple,63,SEN0321 DFRobot Ozone Sensor - ESPHome - Smart Home Made Simple,63,Yes,Instructions for setting up SEN0321 DFRobot ozone sensors,57,Instructions for setting up SEN0321 DFRobot ozone sensors,57,Yes,https://esphome.io/components/sensor/sen0321/,,SEN0321 DFRobot Ozone Sensor,SEN0321 DFRobot Ozone Sensor,Instructions for setting up SEN0321 DFRobot ozone sensors,Instructions for setting up SEN0321 DFRobot ozone sensors,https://esphome.io/images/logo.svg,https://esphome.io/images/sen0321.jpg,article,website,https://esphome.io/components/sensor/sen0321/,https://esphome.io/components/sensor/sen0321/,summary_large_image,summary_large_image,https://esphome.io/images/logo.svg,https://esphome.io/images/sen0321.jpg,1,1,SEN0321 DFRobot Ozone Sensor,SEN0321 DFRobot Ozone Sensor,,,Title too long
/components/sensor/selec_meter/,Selec Energy Monitor - ESPHome - Smart Home Made Simple,55,Selec Energy Monitor - ESPHome - Smart Home Made Simple,55,Yes,Instructions for setting up Selec power monitors.,49,Instructions for setting up Selec power monitors.,49,Yes,https://esphome.io/components/sensor/selec_meter/,,Selec Energy Monitor,Selec Energy Monitor,Instructions for setting up Selec power monitors.,Instructions for setting up Selec power monitors.,https://esphome.io/images/logo.svg,https://esphome.io/images/selec_meter_em2m.jpg,article,website,https://esphome.io/components/sensor/selec_meter/,https://esphome.io/components/sensor/selec_meter/,summary_large_image,summary_large_image,https://esphome.io/images/logo.svg,https://esphome.io/images/selec_meter_em2m.jpg,1,1,Selec Energy Monitor,Selec Energy Monitor,,,Desc short
/components/sensor/sds011/,SDS011 Particulate Matter Sensor - ESPHome - Smart Home Made Simple,67,SDS011 Particulate Matter Sensor - ESPHome - Smart Home Made Simple,67,Yes,Instructions for setting up SDS011 Particulate matter sensors,61,Instructions for setting up SDS011 Particulate matter sensors,61,Yes,https://esphome.io/components/sensor/sds011/,,SDS011 Particulate Matter Sensor,SDS011 Particulate Matter Sensor,Instructions for setting up SDS011 Particulate matter sensors,Instructions for setting up SDS011 Particulate matter sensors,https://esphome.io/images/logo.svg,https://esphome.io/images/sds011.jpg,article,website,https://esphome.io/components/sensor/sds011/,https://esphome.io/components/sensor/sds011/,summary_large_image,summary_large_image,https://esphome.io/images/logo.svg,https://esphome.io/images/sds011.jpg,1,1,SDS011 Particulate Matter Sensor,SDS011 Particulate Matter Sensor,,,Title too long
/components/sensor/sdp3x/,SDP3x / SDP800 Series Differential Pressure Sensor - ESPHome - Smart Home Made Simple,85,SDP3x / SDP800 Series Differential Pressure Sensor - ESPHome - Smart Home Made Simple,85,Yes,Instructions for setting up the SDP3x or SDP800 Series Differential Pressure sensor.,84,Instructions for setting up the SDP3x or SDP800 Series Differential Pressure sensor.,84,Yes,https://esphome.io/components/sensor/sdp3x/,,SDP3x / SDP800 Series Differential Pressure Sensor,SDP3x / SDP800 Series Differential Pressure Sensor,Instructions for setting up the SDP3x or SDP800 Series Differential Pressure sensor.,Instructions for setting up the SDP3x or SDP800 Series Differential Pressure sensor.,https://esphome.io/images/logo.svg,https://esphome.io/images/sdp31.jpg,article,website,https://esphome.io/components/sensor/sdp3x/,https://esphome.io/components/sensor/sdp3x/,summary_large_image,summary_large_image,https://esphome.io/images/logo.svg,https://esphome.io/images/sdp31.jpg,1,1,SDP3x / SDP800 Series Differential Pressure Sensor,SDP3x / SDP800 Series Differential Pressure Sensor,,,Title too long
/components/sensor/sdm_meter/,Eastron SDM Energy Monitor - ESPHome - Smart Home Made Simple,61,Eastron SDM Energy Monitor - ESPHome - Smart Home Made Simple,61,Yes,Instructions for setting up SDM power monitors.,47,Instructions for setting up SDM power monitors.,47,Yes,https://esphome.io/components/sensor/sdm_meter/,,Eastron SDM Energy Monitor,Eastron SDM Energy Monitor,Instructions for setting up SDM power monitors.,Instructions for setting up SDM power monitors.,https://esphome.io/images/logo.svg,https://esphome.io/images/sdm220m.jpg,article,website,https://esphome.io/components/sensor/sdm_meter/,https://esphome.io/components/sensor/sdm_meter/,summary_large_image,summary_large_image,https://esphome.io/images/logo.svg,https://esphome.io/images/sdm220m.jpg,1,1,Eastron SDM Energy Monitor,Eastron SDM Energy Monitor,,,Title too long; Desc short
/components/sensor/scd4x/,"SCD4X CO₂, Temperature and Relative Humidity Sensor - ESPHome - Smart Home Made Simple",86,"SCD4X CO₂, Temperature and Relative Humidity Sensor - ESPHome - Smart Home Made Simple",86,Yes,Instructions for setting up SCD4X CO₂ Temperature and Relative Humidity Sensor,78,Instructions for setting up SCD4X CO₂ Temperature and Relative Humidity Sensor,78,Yes,https://esphome.io/components/sensor/scd4x/,,"SCD4X CO₂, Temperature and Relative Humidity Sensor","SCD4X CO₂, Temperature and Relative Humidity Sensor",Instructions for setting up SCD4X CO₂ Temperature and Relative Humidity Sensor,Instructions for setting up SCD4X CO₂ Temperature and Relative Humidity Sensor,https://esphome.io/images/logo.svg,https://esphome.io/images/scd4x.jpg,article,website,https://esphome.io/components/sensor/scd4x/,https://esphome.io/components/sensor/scd4x/,summary_large_image,summary_large_image,https://esphome.io/images/logo.svg,https://esphome.io/images/scd4x.jpg,1,1,"SCD4X CO₂, Temperature and Relative Humidity Sensor","SCD4X CO₂, Temperature and Relative Humidity Sensor",,,Title too long
/components/sensor/scd30/,"SCD30 CO₂, Temperature and Relative Humidity Sensor - ESPHome - Smart Home Made Simple",86,"SCD30 CO₂, Temperature and Relative Humidity Sensor - ESPHome - Smart Home Made Simple",86,Yes,Instructions for setting up SCD30 CO₂ Temperature and Relative Humidity Sensor,78,Instructions for setting up SCD30 CO₂ Temperature and Relative Humidity Sensor,78,Yes,https://esphome.io/components/sensor/scd30/,,"SCD30 CO₂, Temperature and Relative Humidity Sensor","SCD30 CO₂, Temperature and Relative Humidity Sensor",Instructions for setting up SCD30 CO₂ Temperature and Relative Humidity Sensor,Instructions for setting up SCD30 CO₂ Temperature and Relative Humidity Sensor,https://esphome.io/images/logo.svg,https://esphome.io/images/scd30.jpg,article,website,https://esphome.io/components/sensor/scd30/,https://esphome.io/components/sensor/scd30/,summary_large_image,summary_large_image,https://esphome.io/images/logo.svg,https://esphome.io/images/scd30.jpg,1,1,"SCD30 CO₂, Temperature and Relative Humidity Sensor","SCD30 CO₂, Temperature and Relative Humidity Sensor",,,Title too long
/components/sensor/ruuvitag/,RuuviTag Open Source BLE Sensor - ESPHome - Smart Home Made Simple,66,RuuviTag Open Source BLE Sensor - ESPHome - Smart Home Made Simple,66,Yes,Instructions for setting up RuuviTag bluetooth-based sensors in ESPHome.,72,Instructions for setting up RuuviTag bluetooth-based sensors in ESPHome.,72,Yes,https://esphome.io/components/sensor/ruuvitag/,,RuuviTag Open Source BLE Sensor,RuuviTag Open Source BLE Sensor,Instructions for setting up RuuviTag bluetooth-based sensors in ESPHome.,Instructions for setting up RuuviTag bluetooth-based sensors in ESPHome.,https://esphome.io/images/logo.svg,https://esphome.io/images/ruuvitag.jpg,article,website,https://esphome.io/components/sensor/ruuvitag/,https://esphome.io/components/sensor/ruuvitag/,summary_large_image,summary_large_image,https://esphome.io/images/logo.svg,https://esphome.io/images/ruuvitag.jpg,1,1,RuuviTag Open Source BLE Sensor,RuuviTag Open Source BLE Sensor,,,Title too long
/components/sensor/rotary_encoder/,Rotary Encoder Sensor - ESPHome - Smart Home Made Simple,56,Rotary Encoder Sensor - ESPHome - Smart Home Made Simple,56,Yes,Instructions for setting up rotary encoders.,44,Instructions for setting up rotary encoders.,44,Yes,https://esphome.io/components/sensor/rotary_encoder/,,Rotary Encoder Sensor,Rotary Encoder Sensor,Instructions for setting up rotary encoders.,Instructions for setting up rotary encoders.,https://esphome.io/images/logo.svg,https://esphome.io/images/rotary_encoder.jpg,article,website,https://esphome.io/components/sensor/rotary_encoder/,https://esphome.io/components/sensor/rotary_encoder/,summary_large_image,summary_large_image,https://esphome.io/images/logo.svg,https://esphome.io/images/rotary_encoder.jpg,1,1,Rotary Encoder Sensor,Rotary Encoder Sensor,,,Desc short
/components/sensor/resistance/,Resistance Sensor - ESPHome - Smart Home Made Simple,52,Resistance Sensor - ESPHome - Smart Home Made Simple,52,Yes,Instructions for setting up resistance sensors in ESPHome,57,Instructions for setting up resistance sensors in ESPHome,57,Yes,https://esphome.io/components/sensor/resistance/,,Resistance Sensor,Resistance Sensor,Instructions for setting up resistance sensors in ESPHome,Instructions for setting up resistance sensors in ESPHome,https://esphome.io/images/logo.svg,https://esphome.io/images/omega.svg,article,website,https://esphome.io/components/sensor/resistance/,https://esphome.io/components/sensor/resistance/,summary_large_image,summary_large_image,https://esphome.io/images/logo.svg,https://esphome.io/images/omega.svg,1,1,Resistance Sensor,Resistance Sensor,,,
/components/sensor/rd03d/,RD-03D mmWave Radar - ESPHome - Smart Home Made Simple,54,RD-03D mmWave Radar - ESPHome - Smart Home Made Simple,54,Yes,Instructions for setting up RD-03D mmWave radar sensors.,56,Instructions for setting up RD-03D mmWave radar sensors.,56,Yes,https://esphome.io/components/sensor/rd03d/,,RD-03D mmWave Radar,RD-03D mmWave Radar,Instructions for setting up RD-03D mmWave radar sensors.,Instructions for setting up RD-03D mmWave radar sensors.,https://esphome.io/images/logo.svg,,article,website,https://esphome.io/components/sensor/rd03d/,https://esphome.io/components/sensor/rd03d/,summary_large_image,summary_large_image,https://esphome.io/images/logo.svg,,1,1,RD-03D mmWave Radar,RD-03D mmWave Radar,,,
/components/sensor/radon_eye_ble/,Radon Eye BLE Sensors - ESPHome - Smart Home Made Simple,56,Radon Eye BLE Sensors - ESPHome - Smart Home Made Simple,56,Yes,Instructions for setting up Radon Eye bluetooth-based sensors in ESPHome.,73,Instructions for setting up Radon Eye bluetooth-based sensors in ESPHome.,73,Yes,https://esphome.io/components/sensor/radon_eye_ble/,,Radon Eye BLE Sensors,Radon Eye BLE Sensors,Instructions for setting up Radon Eye bluetooth-based sensors in ESPHome.,Instructions for setting up Radon Eye bluetooth-based sensors in ESPHome.,https://esphome.io/images/logo.svg,,article,website,https://esphome.io/components/sensor/radon_eye_ble/,https://esphome.io/components/sensor/radon_eye_ble/,summary_large_image,summary_large_image,https://esphome.io/images/logo.svg,,1,1,Radon Eye BLE Sensors,Radon Eye BLE Sensors,,,
/components/sensor/qmp6988/,QMP6988 Temperature+Pressure Sensor - ESPHome - Smart Home Made Simple,70,QMP6988 Temperature+Pressure Sensor - ESPHome - Smart Home Made Simple,70,Yes,Instructions for setting up QMP6988 temperature and pressure sensors with ESPHome,81,Instructions for setting up QMP6988 temperature and pressure sensors with ESPHome,81,Yes,https://esphome.io/components/sensor/qmp6988/,,QMP6988 Temperature+Pressure Sensor,QMP6988 Temperature+Pressure Sensor,Instructions for setting up QMP6988 temperature and pressure sensors with ESPHome,Instructions for setting up QMP6988 temperature and pressure sensors with ESPHome,https://esphome.io/images/logo.svg,,article,website,https://esphome.io/components/sensor/qmp6988/,https://esphome.io/components/sensor/qmp6988/,summary_large_image,summary_large_image,https://esphome.io/images/logo.svg,,1,1,QMP6988 Temperature+Pressure Sensor,QMP6988 Temperature+Pressure Sensor,,,Title too long
/components/sensor/qmc5883l/,QMC5883L Magnetometer - ESPHome - Smart Home Made Simple,56,QMC5883L Magnetometer - ESPHome - Smart Home Made Simple,56,Yes,Instructions for setting up QMC5883L IMU compass sensors.,57,Instructions for setting up QMC5883L IMU compass sensors.,57,Yes,https://esphome.io/components/sensor/qmc5883l/,,QMC5883L Magnetometer,QMC5883L Magnetometer,Instructions for setting up QMC5883L IMU compass sensors.,Instructions for setting up QMC5883L IMU compass sensors.,https://esphome.io/images/logo.svg,https://esphome.io/images/qmc5883l.jpg,article,website,https://esphome.io/components/sensor/qmc5883l/,https://esphome.io/components/sensor/qmc5883l/,summary_large_image,summary_large_image,https://esphome.io/images/logo.svg,https://esphome.io/images/qmc5883l.jpg,1,1,QMC5883L Magnetometer,QMC5883L Magnetometer,,,
/components/sensor/pzemdc/,Peacefair PZEM-00X DC Energy Monitor - ESPHome - Smart Home Made Simple,71,Peacefair PZEM-00X DC Energy Monitor - ESPHome - Smart Home Made Simple,71,Yes,Instructions for setting up DC PZEM power monitors.,51,Instructions for setting up DC PZEM power monitors.,51,Yes,https://esphome.io/components/sensor/pzemdc/,,Peacefair PZEM-00X DC Energy Monitor,Peacefair PZEM-00X DC Energy Monitor,Instructions for setting up DC PZEM power monitors.,Instructions for setting up DC PZEM power monitors.,https://esphome.io/images/logo.svg,https://esphome.io/images/pzem-dc.jpg,article,website,https://esphome.io/components/sensor/pzemdc/,https://esphome.io/components/sensor/pzemdc/,summary_large_image,summary_large_image,https://esphome.io/images/logo.svg,https://esphome.io/images/pzem-dc.jpg,1,1,Peacefair PZEM-00X DC Energy Monitor,Peacefair PZEM-00X DC Energy Monitor,,,Title too long
/components/sensor/pzemac/,Peacefair PZEM-004T V3 Energy Monitor - ESPHome - Smart Home Made Simple,72,Peacefair PZEM-004T V3 Energy Monitor - ESPHome - Smart Home Made Simple,72,Yes,Instructions for setting up PZEM-004T power monitors.,53,Instructions for setting up PZEM-004T power monitors.,53,Yes,https://esphome.io/components/sensor/pzemac/,,Peacefair PZEM-004T V3 Energy Monitor,Peacefair PZEM-004T V3 Energy Monitor,Instructions for setting up PZEM-004T power monitors.,Instructions for setting up PZEM-004T power monitors.,https://esphome.io/images/logo.svg,https://esphome.io/images/pzem-ac.jpg,article,website,https://esphome.io/components/sensor/pzemac/,https://esphome.io/components/sensor/pzemac/,summary_large_image,summary_large_image,https://esphome.io/images/logo.svg,https://esphome.io/images/pzem-ac.jpg,1,1,Peacefair PZEM-004T V3 Energy Monitor,Peacefair PZEM-004T V3 Energy Monitor,,,Title too long
/components/sensor/pzem004t/,Peacefair PZEM-004T Energy Monitor - ESPHome - Smart Home Made Simple,69,Peacefair PZEM-004T Energy Monitor - ESPHome - Smart Home Made Simple,69,Yes,Instructions for setting up PZEM-004 and PZEM-004T V1 power monitors.,69,Instructions for setting up PZEM-004 and PZEM-004T V1 power monitors.,69,Yes,https://esphome.io/components/sensor/pzem004t/,,Peacefair PZEM-004T Energy Monitor,Peacefair PZEM-004T Energy Monitor,Instructions for setting up PZEM-004 and PZEM-004T V1 power monitors.,Instructions for setting up PZEM-004 and PZEM-004T V1 power monitors.,https://esphome.io/images/logo.svg,https://esphome.io/images/pzem004t.svg,article,website,https://esphome.io/components/sensor/pzem004t/,https://esphome.io/components/sensor/pzem004t/,summary_large_image,summary_large_image,https://esphome.io/images/logo.svg,https://esphome.io/images/pzem004t.svg,1,1,Peacefair PZEM-004T Energy Monitor,Peacefair PZEM-004T Energy Monitor,,,Title too long
/components/sensor/pulse_width/,Pulse Width Sensor - ESPHome - Smart Home Made Simple,53,Pulse Width Sensor - ESPHome - Smart Home Made Simple,53,Yes,Instructions for setting up pulse width sensors in ESPHome,58,Instructions for setting up pulse width sensors in ESPHome,58,Yes,https://esphome.io/components/sensor/pulse_width/,,Pulse Width Sensor,Pulse Width Sensor,Instructions for setting up pulse width sensors in ESPHome,Instructions for setting up pulse width sensors in ESPHome,https://esphome.io/images/logo.svg,https://esphome.io/images/pulse.svg,article,website,https://esphome.io/components/sensor/pulse_width/,https://esphome.io/components/sensor/pulse_width/,summary_large_image,summary_large_image,https://esphome.io/images/logo.svg,https://esphome.io/images/pulse.svg,1,1,Pulse Width Sensor,Pulse Width Sensor,,,
/components/sensor/pulse_meter/,Pulse Meter Sensor - ESPHome - Smart Home Made Simple,53,Pulse Meter Sensor - ESPHome - Smart Home Made Simple,53,Yes,Instructions for setting up pulse meter sensors.,48,Instructions for setting up pulse meter sensors.,48,Yes,https://esphome.io/components/sensor/pulse_meter/,,Pulse Meter Sensor,Pulse Meter Sensor,Instructions for setting up pulse meter sensors.,Instructions for setting up pulse meter sensors.,https://esphome.io/images/logo.svg,https://esphome.io/images/pulse.svg,article,website,https://esphome.io/components/sensor/pulse_meter/,https://esphome.io/components/sensor/pulse_meter/,summary_large_image,summary_large_image,https://esphome.io/images/logo.svg,https://esphome.io/images/pulse.svg,1,1,Pulse Meter Sensor,Pulse Meter Sensor,,,Desc short
/components/sensor/pulse_counter/,Pulse Counter Sensor - ESPHome - Smart Home Made Simple,55,Pulse Counter Sensor - ESPHome - Smart Home Made Simple,55,Yes,Instructions for setting up pulse counter sensors.,50,Instructions for setting up pulse counter sensors.,50,Yes,https://esphome.io/components/sensor/pulse_counter/,,Pulse Counter Sensor,Pulse Counter Sensor,Instructions for setting up pulse counter sensors.,Instructions for setting up pulse counter sensors.,https://esphome.io/images/logo.svg,https://esphome.io/images/pulse.svg,article,website,https://esphome.io/components/sensor/pulse_counter/,https://esphome.io/components/sensor/pulse_counter/,summary_large_image,summary_large_image,https://esphome.io/images/logo.svg,https://esphome.io/images/pulse.svg,1,1,Pulse Counter Sensor,Pulse Counter Sensor,,,
/components/sensor/pmwcs3/,PMWCS3 Capacitive Soil Moisture and Temperature Sensor - ESPHome - Smart Home Made Simple,89,PMWCS3 Capacitive Soil Moisture and Temperature Sensor - ESPHome - Smart Home Made Simple,89,Yes,Instructions for setting up PMWCS3 capacitive soil moisture sensor in ESPHome.,78,Instructions for setting up PMWCS3 capacitive soil moisture sensor in ESPHome.,78,Yes,https://esphome.io/components/sensor/pmwcs3/,,PMWCS3 Capacitive Soil Moisture and Temperature Sensor,PMWCS3 Capacitive Soil Moisture and Temperature Sensor,Instructions for setting up PMWCS3 capacitive soil moisture sensor in ESPHome.,Instructions for setting up PMWCS3 capacitive soil moisture sensor in ESPHome.,https://esphome.io/images/logo.svg,https://esphome.io/images/pmwcs3.jpg,article,website,https://esphome.io/components/sensor/pmwcs3/,https://esphome.io/components/sensor/pmwcs3/,summary_large_image,summary_large_image,https://esphome.io/images/logo.svg,https://esphome.io/images/pmwcs3.jpg,1,1,PMWCS3 Capacitive Soil Moisture and Temperature Sensor,PMWCS3 Capacitive Soil Moisture and Temperature Sensor,,,Title too long
/components/sensor/pmsx003/,PMSX003 Particulate Matter Sensor - ESPHome - Smart Home Made Simple,68,PMSX003 Particulate Matter Sensor - ESPHome - Smart Home Made Simple,68,Yes,Instructions for setting up PMSX003 Particulate matter sensors,62,Instructions for setting up PMSX003 Particulate matter sensors,62,Yes,https://esphome.io/components/sensor/pmsx003/,,PMSX003 Particulate Matter Sensor,PMSX003 Particulate Matter Sensor,Instructions for setting up PMSX003 Particulate matter sensors,Instructions for setting up PMSX003 Particulate matter sensors,https://esphome.io/images/logo.svg,https://esphome.io/images/pmsx003.svg,article,website,https://esphome.io/components/sensor/pmsx003/,https://esphome.io/components/sensor/pmsx003/,summary_large_image,summary_large_image,https://esphome.io/images/logo.svg,https://esphome.io/images/pmsx003.svg,1,1,PMSX003 Particulate Matter Sensor,PMSX003 Particulate Matter Sensor,,,Title too long
/components/sensor/pmsa003i/,PMSA003I Particulate Matter Sensor - ESPHome - Smart Home Made Simple,69,PMSA003I Particulate Matter Sensor - ESPHome - Smart Home Made Simple,69,Yes,Instructions for setting up PMSX003 Particulate matter sensors,62,Instructions for setting up PMSX003 Particulate matter sensors,62,Yes,https://esphome.io/components/sensor/pmsa003i/,,PMSA003I Particulate Matter Sensor,PMSA003I Particulate Matter Sensor,Instructions for setting up PMSX003 Particulate matter sensors,Instructions for setting up PMSX003 Particulate matter sensors,https://esphome.io/images/logo.svg,https://esphome.io/images/pmsa003i.jpg,article,website,https://esphome.io/components/sensor/pmsa003i/,https://esphome.io/components/sensor/pmsa003i/,summary_large_image,summary_large_image,https://esphome.io/images/logo.svg,https://esphome.io/images/pmsa003i.jpg,1,1,PMSA003I Particulate Matter Sensor,PMSA003I Particulate Matter Sensor,,,Title too long
/components/sensor/pm2005/,CUBIC PM2005/PM2105 Laser Particle Sensor Module - ESPHome - Smart Home Made Simple,83,CUBIC PM2005/PM2105 Laser Particle Sensor Module - ESPHome - Smart Home Made Simple,83,Yes,Instructions for setting up PM2005/PM2105 Particulate matter sensor,67,Instructions for setting up PM2005/PM2105 Particulate matter sensor,67,Yes,https://esphome.io/components/sensor/pm2005/,,CUBIC PM2005/PM2105 Laser Particle Sensor Module,CUBIC PM2005/PM2105 Laser Particle Sensor Module,Instructions for setting up PM2005/PM2105 Particulate matter sensor,Instructions for setting up PM2005/PM2105 Particulate matter sensor,https://esphome.io/images/logo.svg,https://esphome.io/images/pm2005.png,article,website,https://esphome.io/components/sensor/pm2005/,https://esphome.io/components/sensor/pm2005/,summary_large_image,summary_large_image,https://esphome.io/images/logo.svg,https://esphome.io/images/pm2005.png,1,1,CUBIC PM2005/PM2105 Laser Particle Sensor Module,CUBIC PM2005/PM2105 Laser Particle Sensor Module,,,Title too long
/components/sensor/pm1006/,PM1006 Particulate Matter Sensor - ESPHome - Smart Home Made Simple,67,PM1006 Particulate Matter Sensor - ESPHome - Smart Home Made Simple,67,Yes,"Instructions for setting up PM1006 Particulate matter sensors, such as in the IKEA VINDRIKTNING",95,"Instructions for setting up PM1006 Particulate matter sensors, such as in the IKEA VINDRIKTNING",95,Yes,https://esphome.io/components/sensor/pm1006/,,PM1006 Particulate Matter Sensor,PM1006 Particulate Matter Sensor,"Instructions for setting up PM1006 Particulate matter sensors, such as in the IKEA VINDRIKTNING","Instructions for setting up PM1006 Particulate matter sensors, such as in the IKEA VINDRIKTNING",https://esphome.io/images/logo.svg,https://esphome.io/images/pm1006.jpg,article,website,https://esphome.io/components/sensor/pm1006/,https://esphome.io/components/sensor/pm1006/,summary_large_image,summary_large_image,https://esphome.io/images/logo.svg,https://esphome.io/images/pm1006.jpg,1,1,PM1006 Particulate Matter Sensor,PM1006 Particulate Matter Sensor,,,Title too long
/components/sensor/packet_transport/,Packet Transport Sensor - ESPHome - Smart Home Made Simple,58,Packet Transport Sensor - ESPHome - Smart Home Made Simple,58,Yes,Instructions for setting up a packet transport sensor.,54,Instructions for setting up a packet transport sensor.,54,Yes,https://esphome.io/components/sensor/packet_transport/,,Packet Transport Sensor,Packet Transport Sensor,Instructions for setting up a packet transport sensor.,Instructions for setting up a packet transport sensor.,https://esphome.io/images/logo.svg,https://esphome.io/images/packet_transport.svg,article,website,https://esphome.io/components/sensor/packet_transport/,https://esphome.io/components/sensor/packet_transport/,summary_large_image,summary_large_image,https://esphome.io/images/logo.svg,https://esphome.io/images/packet_transport.svg,1,1,Packet Transport Sensor,Packet Transport Sensor,,,
/components/sensor/opt3001/,OPT3001 Ambient Light Sensor - ESPHome - Smart Home Made Simple,63,OPT3001 Ambient Light Sensor - ESPHome - Smart Home Made Simple,63,Yes,Instructions for setting up OPT3001 ambient light sensors in ESPHome.,69,Instructions for setting up OPT3001 ambient light sensors in ESPHome.,69,Yes,https://esphome.io/components/sensor/opt3001/,,OPT3001 Ambient Light Sensor,OPT3001 Ambient Light Sensor,Instructions for setting up OPT3001 ambient light sensors in ESPHome.,Instructions for setting up OPT3001 ambient light sensors in ESPHome.,https://esphome.io/images/logo.svg,https://esphome.io/images/opt3001.jpg,article,website,https://esphome.io/components/sensor/opt3001/,https://esphome.io/components/sensor/opt3001/,summary_large_image,summary_large_image,https://esphome.io/images/logo.svg,https://esphome.io/images/opt3001.jpg,1,1,OPT3001 Ambient Light Sensor,OPT3001 Ambient Light Sensor,,,Title too long
/components/sensor/ntc/,NTC Sensor - ESPHome - Smart Home Made Simple,45,NTC Sensor - ESPHome - Smart Home Made Simple,45,Yes,Instructions for setting up NTC thermistor sensor in ESPHome,60,Instructions for setting up NTC thermistor sensor in ESPHome,60,Yes,https://esphome.io/components/sensor/ntc/,,NTC Sensor,NTC Sensor,Instructions for setting up NTC thermistor sensor in ESPHome,Instructions for setting up NTC thermistor sensor in ESPHome,https://esphome.io/images/logo.svg,https://esphome.io/images/ntc.jpg,article,website,https://esphome.io/components/sensor/ntc/,https://esphome.io/components/sensor/ntc/,summary_large_image,summary_large_image,https://esphome.io/images/logo.svg,https://esphome.io/images/ntc.jpg,1,1,NTC Sensor,NTC Sensor,,,
/components/sensor/npi19/,NPI-19 Pressure Sensor - ESPHome - Smart Home Made Simple,57,NPI-19 Pressure Sensor - ESPHome - Smart Home Made Simple,57,Yes,Instructions for setting up NPI-19 pressure sensors with ESPHome,64,Instructions for setting up NPI-19 pressure sensors with ESPHome,64,Yes,https://esphome.io/components/sensor/npi19/,,NPI-19 Pressure Sensor,NPI-19 Pressure Sensor,Instructions for setting up NPI-19 pressure sensors with ESPHome,Instructions for setting up NPI-19 pressure sensors with ESPHome,https://esphome.io/images/logo.svg,https://esphome.io/images/npi19.jpg,article,website,https://esphome.io/components/sensor/npi19/,https://esphome.io/components/sensor/npi19/,summary_large_image,summary_large_image,https://esphome.io/images/logo.svg,https://esphome.io/images/npi19.jpg,1,1,NPI-19 Pressure Sensor,NPI-19 Pressure Sensor,,,
/components/sensor/nextion/,Nextion Sensor Component - ESPHome - Smart Home Made Simple,59,Nextion Sensor Component - ESPHome - Smart Home Made Simple,59,Yes,Instructions for setting up Nextion sensor.,43,Instructions for setting up Nextion sensor.,43,Yes,https://esphome.io/components/sensor/nextion/,,Nextion Sensor Component,Nextion Sensor Component,Instructions for setting up Nextion sensor.,Instructions for setting up Nextion sensor.,https://esphome.io/images/logo.svg,https://esphome.io/images/nextion.jpg,article,website,https://esphome.io/components/sensor/nextion/,https://esphome.io/components/sensor/nextion/,summary_large_image,summary_large_image,https://esphome.io/images/logo.svg,https://esphome.io/images/nextion.jpg,1,1,Nextion Sensor Component,Nextion Sensor Component,,,Desc short
/components/sensor/nau7802/,NAU7802 24-bit ADC - ESPHome - Smart Home Made Simple,53,NAU7802 24-bit ADC - ESPHome - Smart Home Made Simple,53,Yes,Instructions for setting up NAU7802 ADC with ESPHome,52,Instructions for setting up NAU7802 ADC with ESPHome,52,Yes,https://esphome.io/components/sensor/nau7802/,,NAU7802 24-bit ADC,NAU7802 24-bit ADC,Instructions for setting up NAU7802 ADC with ESPHome,Instructions for setting up NAU7802 ADC with ESPHome,https://esphome.io/images/logo.svg,https://esphome.io/images/nau7802.jpg,article,website,https://esphome.io/components/sensor/nau7802/,https://esphome.io/components/sensor/nau7802/,summary_large_image,summary_large_image,https://esphome.io/images/logo.svg,https://esphome.io/images/nau7802.jpg,1,1,NAU7802 24-bit ADC,NAU7802 24-bit ADC,,,
/components/sensor/msa3xx/,MSA301 and MSA311 Sensors - ESPHome - Smart Home Made Simple,60,MSA301 and MSA311 Sensors - ESPHome - Smart Home Made Simple,60,Yes,Instructions for setting up MSA301 and MSA311 digital tri-axial accelerometers.,79,Instructions for setting up MSA301 and MSA311 digital tri-axial accelerometers.,79,Yes,https://esphome.io/components/sensor/msa3xx/,,MSA301 and MSA311 Sensors,MSA301 and MSA311 Sensors,Instructions for setting up MSA301 and MSA311 digital tri-axial accelerometers.,Instructions for setting up MSA301 and MSA311 digital tri-axial accelerometers.,https://esphome.io/images/logo.svg,https://esphome.io/images/msa311.jpg,article,website,https://esphome.io/components/sensor/msa3xx/,https://esphome.io/components/sensor/msa3xx/,summary_large_image,summary_large_image,https://esphome.io/images/logo.svg,https://esphome.io/images/msa311.jpg,1,1,MSA301 and MSA311 Sensors,MSA301 and MSA311 Sensors,,,
/components/sensor/ms8607/,MS8607 Temperature+Pressure+Humidity Sensor - ESPHome - Smart Home Made Simple,78,MS8607 Temperature+Pressure+Humidity Sensor - ESPHome - Smart Home Made Simple,78,Yes,"Instructions for setting up MS8607 temperature, humidity, and pressure sensors.",79,"Instructions for setting up MS8607 temperature, humidity, and pressure sensors.",79,Yes,https://esphome.io/components/sensor/ms8607/,,MS8607 Temperature+Pressure+Humidity Sensor,MS8607 Temperature+Pressure+Humidity Sensor,"Instructions for setting up MS8607 temperature, humidity, and pressure sensors.","Instructions for setting up MS8607 temperature, humidity, and pressure sensors.",https://esphome.io/images/logo.svg,https://esphome.io/images/ms8607.jpg,article,website,https://esphome.io/components/sensor/ms8607/,https://esphome.io/components/sensor/ms8607/,summary_large_image,summary_large_image,https://esphome.io/images/logo.svg,https://esphome.io/images/ms8607.jpg,1,1,MS8607 Temperature+Pressure+Humidity Sensor,MS8607 Temperature+Pressure+Humidity Sensor,,,Title too long
/components/sensor/ms5611/,MS5611 Atmospheric Pressure Sensor - ESPHome - Smart Home Made Simple,69,MS5611 Atmospheric Pressure Sensor - ESPHome - Smart Home Made Simple,69,Yes,Instructions for setting up MS5611 atmospheric pressure sensors.,64,Instructions for setting up MS5611 atmospheric pressure sensors.,64,Yes,https://esphome.io/components/sensor/ms5611/,,MS5611 Atmospheric Pressure Sensor,MS5611 Atmospheric Pressure Sensor,Instructions for setting up MS5611 atmospheric pressure sensors.,Instructions for setting up MS5611 atmospheric pressure sensors.,https://esphome.io/images/logo.svg,https://esphome.io/images/ms5611.jpg,article,website,https://esphome.io/components/sensor/ms5611/,https://esphome.io/components/sensor/ms5611/,summary_large_image,summary_large_image,https://esphome.io/images/logo.svg,https://esphome.io/images/ms5611.jpg,1,1,MS5611 Atmospheric Pressure Sensor,MS5611 Atmospheric Pressure Sensor,,,Title too long
/components/sensor/mqtt_subscribe/,MQTT Subscribe Sensor - ESPHome - Smart Home Made Simple,56,MQTT Subscribe Sensor - ESPHome - Smart Home Made Simple,56,Yes,Instructions for setting up MQTT subscribe sensors,50,Instructions for setting up MQTT subscribe sensors,50,Yes,https://esphome.io/components/sensor/mqtt_subscribe/,,MQTT Subscribe Sensor,MQTT Subscribe Sensor,Instructions for setting up MQTT subscribe sensors,Instructions for setting up MQTT subscribe sensors,https://esphome.io/images/logo.svg,https://esphome.io/images/mqtt.png,article,website,https://esphome.io/components/sensor/mqtt_subscribe/,https://esphome.io/components/sensor/mqtt_subscribe/,summary_large_image,summary_large_image,https://esphome.io/images/logo.svg,https://esphome.io/images/mqtt.png,1,1,MQTT Subscribe Sensor,MQTT Subscribe Sensor,,,
/components/sensor/mpu6886/,MPU6886 Accelerometer/Gyroscope Sensor - ESPHome - Smart Home Made Simple,73,MPU6886 Accelerometer/Gyroscope Sensor - ESPHome - Smart Home Made Simple,73,Yes,Instructions for setting up MPU6886 Accelerometer and Gyroscope sensors.,72,Instructions for setting up MPU6886 Accelerometer and Gyroscope sensors.,72,Yes,https://esphome.io/components/sensor/mpu6886/,,MPU6886 Accelerometer/Gyroscope Sensor,MPU6886 Accelerometer/Gyroscope Sensor,Instructions for setting up MPU6886 Accelerometer and Gyroscope sensors.,Instructions for setting up MPU6886 Accelerometer and Gyroscope sensors.,https://esphome.io/images/logo.svg,https://esphome.io/images/mpu6886.jpg,article,website,https://esphome.io/components/sensor/mpu6886/,https://esphome.io/components/sensor/mpu6886/,summary_large_image,summary_large_image,https://esphome.io/images/logo.svg,https://esphome.io/images/mpu6886.jpg,1,1,MPU6886 Accelerometer/Gyroscope Sensor,MPU6886 Accelerometer/Gyroscope Sensor,,,Title too long
/components/sensor/mpu6050/,MPU6050 Accelerometer/Gyroscope Sensor - ESPHome - Smart Home Made Simple,73,MPU6050 Accelerometer/Gyroscope Sensor - ESPHome - Smart Home Made Simple,73,Yes,Instructions for setting up MPU6050 Accelerometer and Gyroscope sensors.,72,Instructions for setting up MPU6050 Accelerometer and Gyroscope sensors.,72,Yes,https://esphome.io/components/sensor/mpu6050/,,MPU6050 Accelerometer/Gyroscope Sensor,MPU6050 Accelerometer/Gyroscope Sensor,Instructions for setting up MPU6050 Accelerometer and Gyroscope sensors.,Instructions for setting up MPU6050 Accelerometer and Gyroscope sensors.,https://esphome.io/images/logo.svg,https://esphome.io/images/mpu6050.jpg,article,website,https://esphome.io/components/sensor/mpu6050/,https://esphome.io/components/sensor/mpu6050/,summary_large_image,summary_large_image,https://esphome.io/images/logo.svg,https://esphome.io/images/mpu6050.jpg,1,1,MPU6050 Accelerometer/Gyroscope Sensor,MPU6050 Accelerometer/Gyroscope Sensor,,,Title too long
/components/sensor/mpl3115a2/,MPL3115A2 Barometric Pressure/Altitude/Temperature Sensor - ESPHome - Smart Home Made Simple,92,MPL3115A2 Barometric Pressure/Altitude/Temperature Sensor - ESPHome - Smart Home Made Simple,92,Yes,Instructions for setting up MPL3115A2 atmospheric pressure sensors.,67,Instructions for setting up MPL3115A2 atmospheric pressure sensors.,67,Yes,https://esphome.io/components/sensor/mpl3115a2/,,MPL3115A2 Barometric Pressure/Altitude/Temperature Sensor,MPL3115A2 Barometric Pressure/Altitude/Temperature Sensor,Instructions for setting up MPL3115A2 atmospheric pressure sensors.,Instructions for setting up MPL3115A2 atmospheric pressure sensors.,https://esphome.io/images/logo.svg,https://esphome.io/images/mpl3115a2.jpg,article,website,https://esphome.io/components/sensor/mpl3115a2/,https://esphome.io/components/sensor/mpl3115a2/,summary_large_image,summary_large_image,https://esphome.io/images/logo.svg,https://esphome.io/images/mpl3115a2.jpg,1,1,MPL3115A2 Barometric Pressure/Altitude/Temperature Sensor,MPL3115A2 Barometric Pressure/Altitude/Temperature Sensor,,,Title too long
/components/sensor/mopeka_std_check/,Mopeka Standard Check BLE Sensor - ESPHome - Smart Home Made Simple,67,Mopeka Standard Check BLE Sensor - ESPHome - Smart Home Made Simple,67,Yes,Instructions for setting up Mopeka Standard Check bluetooth-based sensors in ESPHome.,85,Instructions for setting up Mopeka Standard Check bluetooth-based sensors in ESPHome.,85,Yes,https://esphome.io/components/sensor/mopeka_std_check/,,Mopeka Standard Check BLE Sensor,Mopeka Standard Check BLE Sensor,Instructions for setting up Mopeka Standard Check bluetooth-based sensors in ESPHome.,Instructions for setting up Mopeka Standard Check bluetooth-based sensors in ESPHome.,https://esphome.io/images/logo.svg,https://esphome.io/images/mopeka_std_check.jpg,article,website,https://esphome.io/components/sensor/mopeka_std_check/,https://esphome.io/components/sensor/mopeka_std_check/,summary_large_image,summary_large_image,https://esphome.io/images/logo.svg,https://esphome.io/images/mopeka_std_check.jpg,1,1,Mopeka Standard Check BLE Sensor,Mopeka Standard Check BLE Sensor,,,Title too long
/components/sensor/mopeka_pro_check/,Mopeka Pro Check BLE Sensor - ESPHome - Smart Home Made Simple,62,Mopeka Pro Check BLE Sensor - ESPHome - Smart Home Made Simple,62,Yes,Instructions for setting up Mopeka Pro Check or Lippert Propane Tank bluetooth-based sensors in ESPHome.,104,Instructions for setting up Mopeka Pro Check or Lippert Propane Tank bluetooth-based sensors in ESPHome.,104,Yes,https://esphome.io/components/sensor/mopeka_pro_check/,,Mopeka Pro Check BLE Sensor,Mopeka Pro Check BLE Sensor,Instructions for setting up Mopeka Pro Check or Lippert Propane Tank bluetooth-based sensors in ESPHome.,Instructions for setting up Mopeka Pro Check or Lippert Propane Tank bluetooth-based sensors in ESPHome.,https://esphome.io/images/logo.svg,https://esphome.io/images/mopeka_pro_check.jpg,article,website,https://esphome.io/components/sensor/mopeka_pro_check/,https://esphome.io/components/sensor/mopeka_pro_check/,summary_large_image,summary_large_image,https://esphome.io/images/logo.svg,https://esphome.io/images/mopeka_pro_check.jpg,1,1,Mopeka Pro Check BLE Sensor,Mopeka Pro Check BLE Sensor,,,Title too long
/components/sensor/modbus_controller/,Modbus Controller Sensor - ESPHome - Smart Home Made Simple,59,Modbus Controller Sensor - ESPHome - Smart Home Made Simple,59,Yes,Instructions for setting up a modbus_controller device sensor.,62,Instructions for setting up a modbus_controller device sensor.,62,Yes,https://esphome.io/components/sensor/modbus_controller/,,Modbus Controller Sensor,Modbus Controller Sensor,Instructions for setting up a modbus_controller device sensor.,Instructions for setting up a modbus_controller device sensor.,https://esphome.io/images/logo.svg,https://esphome.io/images/modbus.png,article,website,https://esphome.io/components/sensor/modbus_controller/,https://esphome.io/components/sensor/modbus_controller/,summary_large_image,summary_large_image,https://esphome.io/images/logo.svg,https://esphome.io/images/modbus.png,1,1,Modbus Controller Sensor,Modbus Controller Sensor,,,
/components/sensor/mmc5983/,MMC5983 Magnetometer - ESPHome - Smart Home Made Simple,55,MMC5983 Magnetometer - ESPHome - Smart Home Made Simple,55,Yes,Instructions for setting up MMC5983 magnetometer.,49,Instructions for setting up MMC5983 magnetometer.,49,Yes,https://esphome.io/components/sensor/mmc5983/,,MMC5983 Magnetometer,MMC5983 Magnetometer,Instructions for setting up MMC5983 magnetometer.,Instructions for setting up MMC5983 magnetometer.,https://esphome.io/images/logo.svg,https://esphome.io/images/mmc5983.jpg,article,website,https://esphome.io/components/sensor/mmc5983/,https://esphome.io/components/sensor/mmc5983/,summary_large_image,summary_large_image,https://esphome.io/images/logo.svg,https://esphome.io/images/mmc5983.jpg,1,1,MMC5983 Magnetometer,MMC5983 Magnetometer,,,Desc short
/components/sensor/mmc5603/,MMC5603 Magnetometer - ESPHome - Smart Home Made Simple,55,MMC5603 Magnetometer - ESPHome - Smart Home Made Simple,55,Yes,Instructions for setting up MMC5603 IMU compass sensors.,56,Instructions for setting up MMC5603 IMU compass sensors.,56,Yes,https://esphome.io/components/sensor/mmc5603/,,MMC5603 Magnetometer,MMC5603 Magnetometer,Instructions for setting up MMC5603 IMU compass sensors.,Instructions for setting up MMC5603 IMU compass sensors.,https://esphome.io/images/logo.svg,https://esphome.io/images/mmc5603.jpg,article,website,https://esphome.io/components/sensor/mmc5603/,https://esphome.io/components/sensor/mmc5603/,summary_large_image,summary_large_image,https://esphome.io/images/logo.svg,https://esphome.io/images/mmc5603.jpg,1,1,MMC5603 Magnetometer,MMC5603 Magnetometer,,,
/components/sensor/mlx90614/,MLX90614  non-contact thermometer - ESPHome - Smart Home Made Simple,68,MLX90614 non-contact thermometer - ESPHome - Smart Home Made Simple,67,No,Instructions for setting up Melexis MLX90614 non-contact thermometer.,69,Instructions for setting up Melexis MLX90614 non-contact thermometer.,69,Yes,https://esphome.io/components/sensor/mlx90614/,,MLX90614  non-contact thermometer,MLX90614  non-contact thermometer,Instructions for setting up Melexis MLX90614 non-contact thermometer.,Instructions for setting up Melexis MLX90614 non-contact thermometer.,https://esphome.io/images/logo.svg,https://esphome.io/images/mlx90614.jpg,article,website,https://esphome.io/components/sensor/mlx90614/,https://esphome.io/components/sensor/mlx90614/,summary_large_image,summary_large_image,https://esphome.io/images/logo.svg,https://esphome.io/images/mlx90614.jpg,1,1,MLX90614  non-contact thermometer,MLX90614 non-contact thermometer,,,Title too long
/components/sensor/mlx90393/,MLX90393 Triple-axis Magnetometer - ESPHome - Smart Home Made Simple,68,MLX90393 Triple-axis Magnetometer - ESPHome - Smart Home Made Simple,68,Yes,Instructions for setting up MLX90393 Triple-Axis magnetometer sensor.,69,Instructions for setting up MLX90393 Triple-Axis magnetometer sensor.,69,Yes,https://esphome.io/components/sensor/mlx90393/,,MLX90393 Triple-axis Magnetometer,MLX90393 Triple-axis Magnetometer,Instructions for setting up MLX90393 Triple-Axis magnetometer sensor.,Instructions for setting up MLX90393 Triple-Axis magnetometer sensor.,https://esphome.io/images/logo.svg,https://esphome.io/images/mlx90393.jpg,article,website,https://esphome.io/components/sensor/mlx90393/,https://esphome.io/components/sensor/mlx90393/,summary_large_image,summary_large_image,https://esphome.io/images/logo.svg,https://esphome.io/images/mlx90393.jpg,1,1,MLX90393 Triple-axis Magnetometer,MLX90393 Triple-axis Magnetometer,,,Title too long
/components/sensor/mics_4514/,MiCS 4514 Gas Sensor - ESPHome - Smart Home Made Simple,55,MiCS 4514 Gas Sensor - ESPHome - Smart Home Made Simple,55,Yes,Instructions for setting up MiCS 4514 Gas sensors.,50,Instructions for setting up MiCS 4514 Gas sensors.,50,Yes,https://esphome.io/components/sensor/mics_4514/,,MiCS 4514 Gas Sensor,MiCS 4514 Gas Sensor,Instructions for setting up MiCS 4514 Gas sensors.,Instructions for setting up MiCS 4514 Gas sensors.,https://esphome.io/images/logo.svg,https://esphome.io/images/mics_4514.jpg,article,website,https://esphome.io/components/sensor/mics_4514/,https://esphome.io/components/sensor/mics_4514/,summary_large_image,summary_large_image,https://esphome.io/images/logo.svg,https://esphome.io/images/mics_4514.jpg,1,1,MiCS 4514 Gas Sensor,MiCS 4514 Gas Sensor,,,
/components/sensor/mhz19/,MH-Z19 CO_2 and Temperature Sensor - ESPHome - Smart Home Made Simple,69,MH-Z19 CO_2 and Temperature Sensor - ESPHome - Smart Home Made Simple,69,Yes,Instructions for setting up MH-Z19 CO2 and temperature sensors,62,Instructions for setting up MH-Z19 CO2 and temperature sensors,62,Yes,https://esphome.io/components/sensor/mhz19/,,MH-Z19 CO_2 and Temperature Sensor,MH-Z19 CO_2 and Temperature Sensor,Instructions for setting up MH-Z19 CO2 and temperature sensors,Instructions for setting up MH-Z19 CO2 and temperature sensors,https://esphome.io/images/logo.svg,https://esphome.io/images/mhz19.jpg,article,website,https://esphome.io/components/sensor/mhz19/,https://esphome.io/components/sensor/mhz19/,summary_large_image,summary_large_image,https://esphome.io/images/logo.svg,https://esphome.io/images/mhz19.jpg,1,1,MH-Z19 CO_2 and Temperature Sensor,MH-Z19 CO_2 and Temperature Sensor,,,Title too long
/components/sensor/mcp9808/,MCP9808 Temperature Sensor - ESPHome - Smart Home Made Simple,61,MCP9808 Temperature Sensor - ESPHome - Smart Home Made Simple,61,Yes,Instructions for setting up MCP9808 temperature sensor.,55,Instructions for setting up MCP9808 temperature sensor.,55,Yes,https://esphome.io/components/sensor/mcp9808/,,MCP9808 Temperature Sensor,MCP9808 Temperature Sensor,Instructions for setting up MCP9808 temperature sensor.,Instructions for setting up MCP9808 temperature sensor.,https://esphome.io/images/logo.svg,https://esphome.io/images/mcp9808.jpg,article,website,https://esphome.io/components/sensor/mcp9808/,https://esphome.io/components/sensor/mcp9808/,summary_large_image,summary_large_image,https://esphome.io/images/logo.svg,https://esphome.io/images/mcp9808.jpg,1,1,MCP9808 Temperature Sensor,MCP9808 Temperature Sensor,,,Title too long
/components/sensor/mcp9600/,MCP9600 Thermocouple Amplifier - ESPHome - Smart Home Made Simple,65,MCP9600 Thermocouple Amplifier - ESPHome - Smart Home Made Simple,65,Yes,Instructions for setting up the MCP9600 thermocouple amplifier,62,Instructions for setting up the MCP9600 thermocouple amplifier,62,Yes,https://esphome.io/components/sensor/mcp9600/,,MCP9600 Thermocouple Amplifier,MCP9600 Thermocouple Amplifier,Instructions for setting up the MCP9600 thermocouple amplifier,Instructions for setting up the MCP9600 thermocouple amplifier,https://esphome.io/images/logo.svg,https://esphome.io/images/mcp9600.jpg,article,website,https://esphome.io/components/sensor/mcp9600/,https://esphome.io/components/sensor/mcp9600/,summary_large_image,summary_large_image,https://esphome.io/images/logo.svg,https://esphome.io/images/mcp9600.jpg,1,1,MCP9600 Thermocouple Amplifier,MCP9600 Thermocouple Amplifier,,,Title too long
/components/sensor/mcp3221/,MCP3221 12-bit ADC - ESPHome - Smart Home Made Simple,53,MCP3221 12-bit ADC - ESPHome - Smart Home Made Simple,53,Yes,Instructions for setting up MCP3221 ADC with ESPHome.,53,Instructions for setting up MCP3221 ADC with ESPHome.,53,Yes,https://esphome.io/components/sensor/mcp3221/,,MCP3221 12-bit ADC,MCP3221 12-bit ADC,Instructions for setting up MCP3221 ADC with ESPHome.,Instructions for setting up MCP3221 ADC with ESPHome.,https://esphome.io/images/logo.svg,https://esphome.io/images/mcp3221.png,article,website,https://esphome.io/components/sensor/mcp3221/,https://esphome.io/components/sensor/mcp3221/,summary_large_image,summary_large_image,https://esphome.io/images/logo.svg,https://esphome.io/images/mcp3221.png,1,1,MCP3221 12-bit ADC,MCP3221 12-bit ADC,,,
/components/sensor/mcp3204/,MCP3204 & MCP3208 12-Bit A/D Converters - ESPHome - Smart Home Made Simple,74,MCP3204 & MCP3208 12-Bit A/D Converters - ESPHome - Smart Home Made Simple,74,Yes,Instructions for setting up MCP3204 & MCP3208 12-Bit Analog to Digital Converter in ESPHome.,92,Instructions for setting up MCP3204 & MCP3208 12-Bit Analog to Digital Converter in ESPHome.,92,Yes,https://esphome.io/components/sensor/mcp3204/,,MCP3204 & MCP3208 12-Bit A/D Converters,MCP3204 & MCP3208 12-Bit A/D Converters,Instructions for setting up MCP3204 & MCP3208 12-Bit Analog to Digital Converter in ESPHome.,Instructions for setting up MCP3204 & MCP3208 12-Bit Analog to Digital Converter in ESPHome.,https://esphome.io/images/logo.svg,https://esphome.io/images/mcp3204.jpg,article,website,https://esphome.io/components/sensor/mcp3204/,https://esphome.io/components/sensor/mcp3204/,summary_large_image,summary_large_image,https://esphome.io/images/logo.svg,https://esphome.io/images/mcp3204.jpg,1,1,MCP3204 & MCP3208 12-Bit A/D Converters,MCP3204 & MCP3208 12-Bit A/D Converters,,,Title too long
/components/sensor/mcp3008/,MCP3008 8-Channel 10-Bit A/D Converter - ESPHome - Smart Home Made Simple,73,MCP3008 8-Channel 10-Bit A/D Converter - ESPHome - Smart Home Made Simple,73,Yes,Instructions for setting up MCP3008 10 Bit Analog to Digital Converter in ESPHome.,82,Instructions for setting up MCP3008 10 Bit Analog to Digital Converter in ESPHome.,82,Yes,https://esphome.io/components/sensor/mcp3008/,,MCP3008 8-Channel 10-Bit A/D Converter,MCP3008 8-Channel 10-Bit A/D Converter,Instructions for setting up MCP3008 10 Bit Analog to Digital Converter in ESPHome.,Instructions for setting up MCP3008 10 Bit Analog to Digital Converter in ESPHome.,https://esphome.io/images/logo.svg,https://esphome.io/images/mcp3008.jpg,article,website,https://esphome.io/components/sensor/mcp3008/,https://esphome.io/components/sensor/mcp3008/,summary_large_image,summary_large_image,https://esphome.io/images/logo.svg,https://esphome.io/images/mcp3008.jpg,1,1,MCP3008 8-Channel 10-Bit A/D Converter,MCP3008 8-Channel 10-Bit A/D Converter,,,Title too long
/components/sensor/max9611/,MAX9611/9612 High Side Current+Voltage+Temperature Sensor - ESPHome - Smart Home Made Simple,92,MAX9611/9612 High Side Current+Voltage+Temperature Sensor - ESPHome - Smart Home Made Simple,92,Yes,Instructions for setting up MAX9611 MAX9612 High-Side Current-Sense Amplifier,77,Instructions for setting up MAX9611 MAX9612 High-Side Current-Sense Amplifier,77,Yes,https://esphome.io/components/sensor/max9611/,,MAX9611/9612 High Side Current+Voltage+Temperature Sensor,MAX9611/9612 High Side Current+Voltage+Temperature Sensor,Instructions for setting up MAX9611 MAX9612 High-Side Current-Sense Amplifier,Instructions for setting up MAX9611 MAX9612 High-Side Current-Sense Amplifier,https://esphome.io/images/logo.svg,https://esphome.io/images/max9611.jpg,article,website,https://esphome.io/components/sensor/max9611/,https://esphome.io/components/sensor/max9611/,summary_large_image,summary_large_image,https://esphome.io/images/logo.svg,https://esphome.io/images/max9611.jpg,1,1,MAX9611/9612 High Side Current+Voltage+Temperature Sensor,MAX9611/9612 High Side Current+Voltage+Temperature Sensor,,,Title too long
/components/sensor/max6675/,MAX6675 K-Type Thermocouple Temperature Sensor - ESPHome - Smart Home Made Simple,81,MAX6675 K-Type Thermocouple Temperature Sensor - ESPHome - Smart Home Made Simple,81,Yes,Instructions for setting up MAX6675 Thermocouple temperature sensors.,69,Instructions for setting up MAX6675 Thermocouple temperature sensors.,69,Yes,https://esphome.io/components/sensor/max6675/,,MAX6675 K-Type Thermocouple Temperature Sensor,MAX6675 K-Type Thermocouple Temperature Sensor,Instructions for setting up MAX6675 Thermocouple temperature sensors.,Instructions for setting up MAX6675 Thermocouple temperature sensors.,https://esphome.io/images/logo.svg,https://esphome.io/images/max6675.jpg,article,website,https://esphome.io/components/sensor/max6675/,https://esphome.io/components/sensor/max6675/,summary_large_image,summary_large_image,https://esphome.io/images/logo.svg,https://esphome.io/images/max6675.jpg,1,1,MAX6675 K-Type Thermocouple Temperature Sensor,MAX6675 K-Type Thermocouple Temperature Sensor,,,Title too long
/components/sensor/max44009/,MAX44009 Ambient Light Sensor - ESPHome - Smart Home Made Simple,64,MAX44009 Ambient Light Sensor - ESPHome - Smart Home Made Simple,64,Yes,Instructions for setting up MAX44009 ambient light sensors in ESPHome.,70,Instructions for setting up MAX44009 ambient light sensors in ESPHome.,70,Yes,https://esphome.io/components/sensor/max44009/,,MAX44009 Ambient Light Sensor,MAX44009 Ambient Light Sensor,Instructions for setting up MAX44009 ambient light sensors in ESPHome.,Instructions for setting up MAX44009 ambient light sensors in ESPHome.,https://esphome.io/images/logo.svg,https://esphome.io/images/max44009.svg,article,website,https://esphome.io/components/sensor/max44009/,https://esphome.io/components/sensor/max44009/,summary_large_image,summary_large_image,https://esphome.io/images/logo.svg,https://esphome.io/images/max44009.svg,1,1,MAX44009 Ambient Light Sensor,MAX44009 Ambient Light Sensor,,,Title too long
/components/sensor/max31865/,MAX31865 Platinum RTD Temperature Sensor - ESPHome - Smart Home Made Simple,75,MAX31865 Platinum RTD Temperature Sensor - ESPHome - Smart Home Made Simple,75,Yes,Instructions for setting up MAX31865 platinum RTD temperature sensors.,70,Instructions for setting up MAX31865 platinum RTD temperature sensors.,70,Yes,https://esphome.io/components/sensor/max31865/,,MAX31865 Platinum RTD Temperature Sensor,MAX31865 Platinum RTD Temperature Sensor,Instructions for setting up MAX31865 platinum RTD temperature sensors.,Instructions for setting up MAX31865 platinum RTD temperature sensors.,https://esphome.io/images/logo.svg,https://esphome.io/images/max31865.jpg,article,website,https://esphome.io/components/sensor/max31865/,https://esphome.io/components/sensor/max31865/,summary_large_image,summary_large_image,https://esphome.io/images/logo.svg,https://esphome.io/images/max31865.jpg,1,1,MAX31865 Platinum RTD Temperature Sensor,MAX31865 Platinum RTD Temperature Sensor,,,Title too long
/components/sensor/max31856/,MAX31856 Thermocouple Temperature Sensor - ESPHome - Smart Home Made Simple,75,MAX31856 Thermocouple Temperature Sensor - ESPHome - Smart Home Made Simple,75,Yes,Instructions for setting up MAX31856 Thermocouple temperature sensors.,70,Instructions for setting up MAX31856 Thermocouple temperature sensors.,70,Yes,https://esphome.io/components/sensor/max31856/,,MAX31856 Thermocouple Temperature Sensor,MAX31856 Thermocouple Temperature Sensor,Instructions for setting up MAX31856 Thermocouple temperature sensors.,Instructions for setting up MAX31856 Thermocouple temperature sensors.,https://esphome.io/images/logo.svg,https://esphome.io/images/max31856.jpg,article,website,https://esphome.io/components/sensor/max31856/,https://esphome.io/components/sensor/max31856/,summary_large_image,summary_large_image,https://esphome.io/images/logo.svg,https://esphome.io/images/max31856.jpg,1,1,MAX31856 Thermocouple Temperature Sensor,MAX31856 Thermocouple Temperature Sensor,,,Title too long
/components/sensor/max31855/,MAX31855 K-Type Thermocouple Temperature Sensor - ESPHome - Smart Home Made Simple,82,MAX31855 K-Type Thermocouple Temperature Sensor - ESPHome - Smart Home Made Simple,82,Yes,Instructions for setting up MAX31855 Thermocouple temperature sensors.,70,Instructions for setting up MAX31855 Thermocouple temperature sensors.,70,Yes,https://esphome.io/components/sensor/max31855/,,MAX31855 K-Type Thermocouple Temperature Sensor,MAX31855 K-Type Thermocouple Temperature Sensor,Instructions for setting up MAX31855 Thermocouple temperature sensors.,Instructions for setting up MAX31855 Thermocouple temperature sensors.,https://esphome.io/images/logo.svg,https://esphome.io/images/max31855.jpg,article,website,https://esphome.io/components/sensor/max31855/,https://esphome.io/components/sensor/max31855/,summary_large_image,summary_large_image,https://esphome.io/images/logo.svg,https://esphome.io/images/max31855.jpg,1,1,MAX31855 K-Type Thermocouple Temperature Sensor,MAX31855 K-Type Thermocouple Temperature Sensor,,,Title too long
/components/sensor/max17043/,Analog Devices MAX17043 battery fuel gauge - ESPHome - Smart Home Made Simple,77,Analog Devices MAX17043 battery fuel gauge - ESPHome - Smart Home Made Simple,77,Yes,Instructions for setting up Analog Devices MAX17043 battery fuel gauge in ESPHome.,82,Instructions for setting up Analog Devices MAX17043 battery fuel gauge in ESPHome.,82,Yes,https://esphome.io/components/sensor/max17043/,,Analog Devices MAX17043 battery fuel gauge,Analog Devices MAX17043 battery fuel gauge,Instructions for setting up Analog Devices MAX17043 battery fuel gauge in ESPHome.,Instructions for setting up Analog Devices MAX17043 battery fuel gauge in ESPHome.,https://esphome.io/images/logo.svg,https://esphome.io/images/max17043.jpg,article,website,https://esphome.io/components/sensor/max17043/,https://esphome.io/components/sensor/max17043/,summary_large_image,summary_large_image,https://esphome.io/images/logo.svg,https://esphome.io/images/max17043.jpg,1,1,Analog Devices MAX17043 battery fuel gauge,Analog Devices MAX17043 battery fuel gauge,,,Title too long
/components/sensor/m5stack_8angle/,M5Stack Unit 8 Angle - ESPHome - Smart Home Made Simple,55,M5Stack Unit 8 Angle - ESPHome - Smart Home Made Simple,55,Yes,Setting up the M5Stack Unit 8 Angle input device with 8 knobs.,62,Setting up the M5Stack Unit 8 Angle input device with 8 knobs.,62,Yes,https://esphome.io/components/sensor/m5stack_8angle/,,M5Stack Unit 8 Angle,M5Stack Unit 8 Angle,Setting up the M5Stack Unit 8 Angle input device with 8 knobs.,Setting up the M5Stack Unit 8 Angle input device with 8 knobs.,https://esphome.io/images/logo.svg,https://esphome.io/images/m5stack_8angle.png,article,website,https://esphome.io/components/sensor/m5stack_8angle/,https://esphome.io/components/sensor/m5stack_8angle/,summary_large_image,summary_large_image,https://esphome.io/images/logo.svg,https://esphome.io/images/m5stack_8angle.png,1,1,M5Stack Unit 8 Angle,M5Stack Unit 8 Angle,,,
/components/sensor/lvgl/,LVGL Sensor - ESPHome - Smart Home Made Simple,46,LVGL Sensor - ESPHome - Smart Home Made Simple,46,Yes,Instructions for setting up an LVGL widget sensor component.,60,Instructions for setting up an LVGL widget sensor component.,60,Yes,https://esphome.io/components/sensor/lvgl/,,LVGL Sensor,LVGL Sensor,Instructions for setting up an LVGL widget sensor component.,Instructions for setting up an LVGL widget sensor component.,https://esphome.io/images/logo.svg,https://esphome.io/images/lvgl_c_num.png,article,website,https://esphome.io/components/sensor/lvgl/,https://esphome.io/components/sensor/lvgl/,summary_large_image,summary_large_image,https://esphome.io/images/logo.svg,https://esphome.io/images/lvgl_c_num.png,1,1,LVGL Sensor,LVGL Sensor,,,
/components/sensor/ltr_als_ps/,Lite-On Ambient Light & Proximity Sensors - ESPHome - Smart Home Made Simple,76,Lite-On Ambient Light & Proximity Sensors - ESPHome - Smart Home Made Simple,76,Yes,"Instructions for setting up LTR303, LTR329, LTR553, LTR556, LTR559, LTR659 ambient light sensors/proximity sensors with ESPHome.",128,"Instructions for setting up LTR303, LTR329, LTR553, LTR556, LTR559, LTR659 ambient light sensors/proximity sensors with ESPHome.",128,Yes,https://esphome.io/components/sensor/ltr_als_ps/,,Lite-On Ambient Light & Proximity Sensors,Lite-On Ambient Light & Proximity Sensors,"Instructions for setting up LTR303, LTR329, LTR553, LTR556, LTR559, LTR659 ambient light sensors/proximity sensors with ESPHome.","Instructions for setting up LTR303, LTR329, LTR553, LTR556, LTR559, LTR659 ambient light sensors/proximity sensors with ESPHome.",https://esphome.io/images/logo.svg,https://esphome.io/images/ltr303.jpg,article,website,https://esphome.io/components/sensor/ltr_als_ps/,https://esphome.io/components/sensor/ltr_als_ps/,summary_large_image,summary_large_image,https://esphome.io/images/logo.svg,https://esphome.io/images/ltr303.jpg,1,1,Lite-On Ambient Light & Proximity Sensors,Lite-On Ambient Light & Proximity Sensors,,,Title too long
/components/sensor/ltr501/,Lite-On Ambient Light & Proximity Sensors - ESPHome - Smart Home Made Simple,76,Lite-On Ambient Light & Proximity Sensors - ESPHome - Smart Home Made Simple,76,Yes,"Instructions for setting up LTR301, LTR501, LTR558 ambient light sensors/proximity sensors with ESPHome.",104,"Instructions for setting up LTR301, LTR501, LTR558 ambient light sensors/proximity sensors with ESPHome.",104,Yes,https://esphome.io/components/sensor/ltr501/,,Lite-On Ambient Light & Proximity Sensors,Lite-On Ambient Light & Proximity Sensors,"Instructions for setting up LTR301, LTR501, LTR558 ambient light sensors/proximity sensors with ESPHome.","Instructions for setting up LTR301, LTR501, LTR558 ambient light sensors/proximity sensors with ESPHome.",https://esphome.io/images/logo.svg,https://esphome.io/images/ltr501.jpg,article,website,https://esphome.io/components/sensor/ltr501/,https://esphome.io/components/sensor/ltr501/,summary_large_image,summary_large_image,https://esphome.io/images/logo.svg,https://esphome.io/images/ltr501.jpg,1,1,Lite-On Ambient Light & Proximity Sensors,Lite-On Ambient Light & Proximity Sensors,,,Title too long
/components/sensor/ltr390/,LTR390 UV and Ambient Light Sensor - ESPHome - Smart Home Made Simple,69,LTR390 UV and Ambient Light Sensor - ESPHome - Smart Home Made Simple,69,Yes,Instructions for setting up LTR390 UV and light sensor,54,Instructions for setting up LTR390 UV and light sensor,54,Yes,https://esphome.io/components/sensor/ltr390/,,LTR390 UV and Ambient Light Sensor,LTR390 UV and Ambient Light Sensor,Instructions for setting up LTR390 UV and light sensor,Instructions for setting up LTR390 UV and light sensor,https://esphome.io/images/logo.svg,https://esphome.io/images/ltr390.jpg,article,website,https://esphome.io/components/sensor/ltr390/,https://esphome.io/components/sensor/ltr390/,summary_large_image,summary_large_image,https://esphome.io/images/logo.svg,https://esphome.io/images/ltr390.jpg,1,1,LTR390 UV and Ambient Light Sensor,LTR390 UV and Ambient Light Sensor,,,Title too long
/components/sensor/lps22/,LPS22 Barometric Pressure Sensor - ESPHome - Smart Home Made Simple,67,LPS22 Barometric Pressure Sensor - ESPHome - Smart Home Made Simple,67,Yes,Instructions for setting up LPS22 barometric pressure sensor,60,Instructions for setting up LPS22 barometric pressure sensor,60,Yes,https://esphome.io/components/sensor/lps22/,,LPS22 Barometric Pressure Sensor,LPS22 Barometric Pressure Sensor,Instructions for setting up LPS22 barometric pressure sensor,Instructions for setting up LPS22 barometric pressure sensor,https://esphome.io/images/logo.svg,,article,website,https://esphome.io/components/sensor/lps22/,https://esphome.io/components/sensor/lps22/,summary_large_image,summary_large_image,https://esphome.io/images/logo.svg,,1,1,LPS22 Barometric Pressure Sensor,LPS22 Barometric Pressure Sensor,,,Title too long
/components/sensor/lm75b/,LM75B Temperature Sensor - ESPHome - Smart Home Made Simple,59,LM75B Temperature Sensor - ESPHome - Smart Home Made Simple,59,Yes,Instructions for setting up LM75B temperature sensor.,53,Instructions for setting up LM75B temperature sensor.,53,Yes,https://esphome.io/components/sensor/lm75b/,,LM75B Temperature Sensor,LM75B Temperature Sensor,Instructions for setting up LM75B temperature sensor.,Instructions for setting up LM75B temperature sensor.,https://esphome.io/images/logo.svg,https://esphome.io/images/lm75b.jpg,article,website,https://esphome.io/components/sensor/lm75b/,https://esphome.io/components/sensor/lm75b/,summary_large_image,summary_large_image,https://esphome.io/images/logo.svg,https://esphome.io/images/lm75b.jpg,1,1,LM75B Temperature Sensor,LM75B Temperature Sensor,,,
/components/sensor/ld2450/,LD2450 Sensor - ESPHome - Smart Home Made Simple,48,LD2450 Sensor - ESPHome - Smart Home Made Simple,48,Yes,Instructions for setting up LD2450 sensors.,43,Instructions for setting up LD2450 sensors.,43,Yes,https://esphome.io/components/sensor/ld2450/,,LD2450 Sensor,LD2450 Sensor,Instructions for setting up LD2450 sensors.,Instructions for setting up LD2450 sensors.,https://esphome.io/images/logo.svg,https://esphome.io/images/ld2450.png,article,website,https://esphome.io/components/sensor/ld2450/,https://esphome.io/components/sensor/ld2450/,summary_large_image,summary_large_image,https://esphome.io/images/logo.svg,https://esphome.io/images/ld2450.png,1,1,LD2450 Sensor,LD2450 Sensor,,,Desc short
/components/sensor/ld2420/,LD2420 24GHz mmWave Radar Sensor - ESPHome - Smart Home Made Simple,67,LD2420 24GHz mmWave Radar Sensor - ESPHome - Smart Home Made Simple,67,Yes,Instructions for setting up LD2420 sensors.,43,Instructions for setting up LD2420 sensors.,43,Yes,https://esphome.io/components/sensor/ld2420/,,LD2420 24GHz mmWave Radar Sensor,LD2420 24GHz mmWave Radar Sensor,Instructions for setting up LD2420 sensors.,Instructions for setting up LD2420 sensors.,https://esphome.io/images/logo.svg,https://esphome.io/images/ld2420.jpg,article,website,https://esphome.io/components/sensor/ld2420/,https://esphome.io/components/sensor/ld2420/,summary_large_image,summary_large_image,https://esphome.io/images/logo.svg,https://esphome.io/images/ld2420.jpg,1,1,LD2420 24GHz mmWave Radar Sensor,LD2420 24GHz mmWave Radar Sensor,,,Title too long; Desc short
/components/sensor/ld2412/,LD2412 Sensor - ESPHome - Smart Home Made Simple,48,LD2412 Sensor - ESPHome - Smart Home Made Simple,48,Yes,Instructions for setting up LD2412 sensors for use with ESPHome.,64,Instructions for setting up LD2412 sensors for use with ESPHome.,64,Yes,https://esphome.io/components/sensor/ld2412/,,LD2412 Sensor,LD2412 Sensor,Instructions for setting up LD2412 sensors for use with ESPHome.,Instructions for setting up LD2412 sensors for use with ESPHome.,https://esphome.io/images/logo.svg,https://esphome.io/images/ld2412.jpg,article,website,https://esphome.io/components/sensor/ld2412/,https://esphome.io/components/sensor/ld2412/,summary_large_image,summary_large_image,https://esphome.io/images/logo.svg,https://esphome.io/images/ld2412.jpg,1,1,LD2412 Sensor,LD2412 Sensor,,,
/components/sensor/ld2410/,LD2410 Sensor - ESPHome - Smart Home Made Simple,48,LD2410 Sensor - ESPHome - Smart Home Made Simple,48,Yes,Instructions for setting up LD2410 sensors.,43,Instructions for setting up LD2410 sensors.,43,Yes,https://esphome.io/components/sensor/ld2410/,,LD2410 Sensor,LD2410 Sensor,Instructions for setting up LD2410 sensors.,Instructions for setting up LD2410 sensors.,https://esphome.io/images/logo.svg,https://esphome.io/images/ld2410.jpg,article,website,https://esphome.io/components/sensor/ld2410/,https://esphome.io/components/sensor/ld2410/,summary_large_image,summary_large_image,https://esphome.io/images/logo.svg,https://esphome.io/images/ld2410.jpg,1,1,LD2410 Sensor,LD2410 Sensor,,,Desc short
/components/sensor/lc709203f/,LC709203F Battery Monitor - ESPHome - Smart Home Made Simple,60,LC709203F Battery Monitor - ESPHome - Smart Home Made Simple,60,Yes,Instructions for setting up LC709203F battery monitor.,54,Instructions for setting up LC709203F battery monitor.,54,Yes,https://esphome.io/components/sensor/lc709203f/,,LC709203F Battery Monitor,LC709203F Battery Monitor,Instructions for setting up LC709203F battery monitor.,Instructions for setting up LC709203F battery monitor.,https://esphome.io/images/logo.svg,https://esphome.io/images/lc709203f.jpg,article,website,https://esphome.io/components/sensor/lc709203f/,https://esphome.io/components/sensor/lc709203f/,summary_large_image,summary_large_image,https://esphome.io/images/logo.svg,https://esphome.io/images/lc709203f.jpg,1,1,LC709203F Battery Monitor,LC709203F Battery Monitor,,,
/components/sensor/kuntze/,Kuntze pool monitor - ESPHome - Smart Home Made Simple,54,Kuntze pool monitor - ESPHome - Smart Home Made Simple,54,Yes,Instructions for setting up Kuntze pool monitor in ESPHome.,59,Instructions for setting up Kuntze pool monitor in ESPHome.,59,Yes,https://esphome.io/components/sensor/kuntze/,,Kuntze pool monitor,Kuntze pool monitor,Instructions for setting up Kuntze pool monitor in ESPHome.,Instructions for setting up Kuntze pool monitor in ESPHome.,https://esphome.io/images/logo.svg,https://esphome.io/images/kuntze.jpg,article,website,https://esphome.io/components/sensor/kuntze/,https://esphome.io/components/sensor/kuntze/,summary_large_image,summary_large_image,https://esphome.io/images/logo.svg,https://esphome.io/images/kuntze.jpg,1,1,Kuntze pool monitor,Kuntze pool monitor,,,
/components/sensor/kmeteriso/,M5Stack KMeterISO I2C K-Type probe temperature sensor - ESPHome - Smart Home Made Simple,88,M5Stack KMeterISO I2C K-Type probe temperature sensor - ESPHome - Smart Home Made Simple,88,Yes,Instructions for setting up KMeterISO temperature sensors,57,Instructions for setting up KMeterISO temperature sensors,57,Yes,https://esphome.io/components/sensor/kmeteriso/,,M5Stack KMeterISO I2C K-Type probe temperature sensor,M5Stack KMeterISO I2C K-Type probe temperature sensor,Instructions for setting up KMeterISO temperature sensors,Instructions for setting up KMeterISO temperature sensors,https://esphome.io/images/logo.svg,https://esphome.io/images/kmeteriso.jpg,article,website,https://esphome.io/components/sensor/kmeteriso/,https://esphome.io/components/sensor/kmeteriso/,summary_large_image,summary_large_image,https://esphome.io/images/logo.svg,https://esphome.io/images/kmeteriso.jpg,1,1,M5Stack KMeterISO I2C K-Type probe temperature sensor,M5Stack KMeterISO I2C K-Type probe temperature sensor,,,Title too long
/components/sensor/kamstrup_kmp/,Kamstrup Meter Protocol [KMP] - ESPHome - Smart Home Made Simple,64,Kamstrup Meter Protocol [KMP] - ESPHome - Smart Home Made Simple,64,Yes,Kamstrup Meter Protocol [KMP],29,,,No,https://esphome.io/components/sensor/kamstrup_kmp/,,Kamstrup Meter Protocol [KMP],Kamstrup Meter Protocol [KMP],Kamstrup Meter Protocol [KMP],,https://esphome.io/images/logo.svg,,article,website,https://esphome.io/components/sensor/kamstrup_kmp/,https://esphome.io/components/sensor/kamstrup_kmp/,summary_large_image,summary_large_image,https://esphome.io/images/logo.svg,,1,1,Kamstrup Meter Protocol [KMP],Kamstrup Meter Protocol [KMP],,,Title too long; Desc short
/components/sensor/jsn_sr04t/,JSN-SR04T Waterproof Ultrasonic Range Finder - ESPHome - Smart Home Made Simple,79,JSN-SR04T Waterproof Ultrasonic Range Finder - ESPHome - Smart Home Made Simple,79,Yes,Instructions for setting up JSN-SR04T waterproof ultrasonic distance sensor in ESPHome.,87,Instructions for setting up JSN-SR04T waterproof ultrasonic distance sensor in ESPHome.,87,Yes,https://esphome.io/components/sensor/jsn_sr04t/,,JSN-SR04T Waterproof Ultrasonic Range Finder,JSN-SR04T Waterproof Ultrasonic Range Finder,Instructions for setting up JSN-SR04T waterproof ultrasonic distance sensor in ESPHome.,Instructions for setting up JSN-SR04T waterproof ultrasonic distance sensor in ESPHome.,https://esphome.io/images/logo.svg,https://esphome.io/images/jsn-sr04t-v3.jpg,article,website,https://esphome.io/components/sensor/jsn_sr04t/,https://esphome.io/components/sensor/jsn_sr04t/,summary_large_image,summary_large_image,https://esphome.io/images/logo.svg,https://esphome.io/images/jsn-sr04t-v3.jpg,1,1,JSN-SR04T Waterproof Ultrasonic Range Finder,JSN-SR04T Waterproof Ultrasonic Range Finder,,,Title too long
/components/sensor/internal_temperature/,Internal Temperature Sensor - ESPHome - Smart Home Made Simple,62,Internal Temperature Sensor - ESPHome - Smart Home Made Simple,62,Yes,"Instructions for setting up the integrated temperature sensor of the ESP32, RP2040 and BK72XX.",94,"Instructions for setting up the integrated temperature sensor of the ESP32, RP2040 and BK72XX.",94,Yes,https://esphome.io/components/sensor/internal_temperature/,,Internal Temperature Sensor,Internal Temperature Sensor,"Instructions for setting up the integrated temperature sensor of the ESP32, RP2040 and BK72XX.","Instructions for setting up the integrated temperature sensor of the ESP32, RP2040 and BK72XX.",https://esphome.io/images/logo.svg,https://esphome.io/images/thermometer.svg,article,website,https://esphome.io/components/sensor/internal_temperature/,https://esphome.io/components/sensor/internal_temperature/,summary_large_image,summary_large_image,https://esphome.io/images/logo.svg,https://esphome.io/images/thermometer.svg,1,1,Internal Temperature Sensor,Internal Temperature Sensor,,,Title too long
/components/sensor/integration/,Integration Sensor - ESPHome - Smart Home Made Simple,53,Integration Sensor - ESPHome - Smart Home Made Simple,53,Yes,Instructions for setting up sensors that integrate values over time.,68,Instructions for setting up sensors that integrate values over time.,68,Yes,https://esphome.io/components/sensor/integration/,,Integration Sensor,Integration Sensor,Instructions for setting up sensors that integrate values over time.,Instructions for setting up sensors that integrate values over time.,https://esphome.io/images/logo.svg,https://esphome.io/images/sigma.svg,article,website,https://esphome.io/components/sensor/integration/,https://esphome.io/components/sensor/integration/,summary_large_image,summary_large_image,https://esphome.io/images/logo.svg,https://esphome.io/images/sigma.svg,1,1,Integration Sensor,Integration Sensor,,,
/components/sensor/inkbird_ibsth1_mini/,"Inkbird IBS-TH1, IBS-TH1 Mini, and IBS-TH2 BLE Sensor - ESPHome - Smart Home Made Simple",88,"Inkbird IBS-TH1, IBS-TH1 Mini, and IBS-TH2 BLE Sensor - ESPHome - Smart Home Made Simple",88,Yes,Instructions for setting up Inkbird IBS-TH1/TH2 Bluetooth-based temperature and humidity sensors in ESPHome.,108,Instructions for setting up Inkbird IBS-TH1/TH2 Bluetooth-based temperature and humidity sensors in ESPHome.,108,Yes,https://esphome.io/components/sensor/inkbird_ibsth1_mini/,,"Inkbird IBS-TH1, IBS-TH1 Mini, and IBS-TH2 BLE Sensor","Inkbird IBS-TH1, IBS-TH1 Mini, and IBS-TH2 BLE Sensor",Instructions for setting up Inkbird IBS-TH1/TH2 Bluetooth-based temperature and humidity sensors in ESPHome.,Instructions for setting up Inkbird IBS-TH1/TH2 Bluetooth-based temperature and humidity sensors in ESPHome.,https://esphome.io/images/logo.svg,https://esphome.io/images/inkbird_isbth1_mini.jpg,article,website,https://esphome.io/components/sensor/inkbird_ibsth1_mini/,https://esphome.io/components/sensor/inkbird_ibsth1_mini/,summary_large_image,summary_large_image,https://esphome.io/images/logo.svg,https://esphome.io/images/inkbird_isbth1_mini.jpg,1,1,"Inkbird IBS-TH1, IBS-TH1 Mini, and IBS-TH2 BLE Sensor","Inkbird IBS-TH1, IBS-TH1 Mini, and IBS-TH2 BLE Sensor",,,Title too long
/components/sensor/ina3221/,INA3221 3-Channel DC Current Sensor - ESPHome - Smart Home Made Simple,70,INA3221 3-Channel DC Current Sensor - ESPHome - Smart Home Made Simple,70,Yes,Instructions for setting up INA3221 3-channel DC current sensors.,65,Instructions for setting up INA3221 3-channel DC current sensors.,65,Yes,https://esphome.io/components/sensor/ina3221/,,INA3221 3-Channel DC Current Sensor,INA3221 3-Channel DC Current Sensor,Instructions for setting up INA3221 3-channel DC current sensors.,Instructions for setting up INA3221 3-channel DC current sensors.,https://esphome.io/images/logo.svg,https://esphome.io/images/ina3221.jpg,article,website,https://esphome.io/components/sensor/ina3221/,https://esphome.io/components/sensor/ina3221/,summary_large_image,summary_large_image,https://esphome.io/images/logo.svg,https://esphome.io/images/ina3221.jpg,1,1,INA3221 3-Channel DC Current Sensor,INA3221 3-Channel DC Current Sensor,,,Title too long
/components/sensor/ina2xx/,INA2xx family of digital power monitors - ESPHome - Smart Home Made Simple,74,INA2xx family of digital power monitors - ESPHome - Smart Home Made Simple,74,Yes,"Instructions for setting up INA228, INA229, INA237, INA238, INA239 DC current, power, and charge sensors",104,"Instructions for setting up INA228, INA229, INA237, INA238, INA239 DC current, power, and charge sensors",104,Yes,https://esphome.io/components/sensor/ina2xx/,,INA2xx family of digital power monitors,INA2xx family of digital power monitors,"Instructions for setting up INA228, INA229, INA237, INA238, INA239 DC current, power, and charge sensors","Instructions for setting up INA228, INA229, INA237, INA238, INA239 DC current, power, and charge sensors",https://esphome.io/images/logo.svg,https://esphome.io/images/ina228.jpg,article,website,https://esphome.io/components/sensor/ina2xx/,https://esphome.io/components/sensor/ina2xx/,summary_large_image,summary_large_image,https://esphome.io/images/logo.svg,https://esphome.io/images/ina228.jpg,1,1,INA2xx family of digital power monitors,INA2xx family of digital power monitors,,,Title too long
/components/sensor/ina260/,INA260 DC Current and Power sensor - ESPHome - Smart Home Made Simple,69,INA260 DC Current and Power sensor - ESPHome - Smart Home Made Simple,69,Yes,Instructions for setting up INA260 DC current and power sensors,63,Instructions for setting up INA260 DC current and power sensors,63,Yes,https://esphome.io/components/sensor/ina260/,,INA260 DC Current and Power sensor,INA260 DC Current and Power sensor,Instructions for setting up INA260 DC current and power sensors,Instructions for setting up INA260 DC current and power sensors,https://esphome.io/images/logo.svg,https://esphome.io/images/ina260.jpg,article,website,https://esphome.io/components/sensor/ina260/,https://esphome.io/components/sensor/ina260/,summary_large_image,summary_large_image,https://esphome.io/images/logo.svg,https://esphome.io/images/ina260.jpg,1,1,INA260 DC Current and Power sensor,INA260 DC Current and Power sensor,,,Title too long
/components/sensor/ina226/,INA226 DC current and power sensor - ESPHome - Smart Home Made Simple,69,INA226 DC current and power sensor - ESPHome - Smart Home Made Simple,69,Yes,Instructions for setting up INA226 DC current and power sensors,63,Instructions for setting up INA226 DC current and power sensors,63,Yes,https://esphome.io/components/sensor/ina226/,,INA226 DC current and power sensor,INA226 DC current and power sensor,Instructions for setting up INA226 DC current and power sensors,Instructions for setting up INA226 DC current and power sensors,https://esphome.io/images/logo.svg,https://esphome.io/images/ina226.jpg,article,website,https://esphome.io/components/sensor/ina226/,https://esphome.io/components/sensor/ina226/,summary_large_image,summary_large_image,https://esphome.io/images/logo.svg,https://esphome.io/images/ina226.jpg,1,1,INA226 DC current and power sensor,INA226 DC current and power sensor,,,Title too long
/components/sensor/ina219/,INA219 DC Current Sensor - ESPHome - Smart Home Made Simple,59,INA219 DC Current Sensor - ESPHome - Smart Home Made Simple,59,Yes,Instructions for setting up INA219 DC current sensors,53,Instructions for setting up INA219 DC current sensors,53,Yes,https://esphome.io/components/sensor/ina219/,,INA219 DC Current Sensor,INA219 DC Current Sensor,Instructions for setting up INA219 DC current sensors,Instructions for setting up INA219 DC current sensors,https://esphome.io/images/logo.svg,https://esphome.io/images/ina219.jpg,article,website,https://esphome.io/components/sensor/ina219/,https://esphome.io/components/sensor/ina219/,summary_large_image,summary_large_image,https://esphome.io/images/logo.svg,https://esphome.io/images/ina219.jpg,1,1,INA219 DC Current Sensor,INA219 DC Current Sensor,,,
/components/sensor/iaqcore/,AMS iAQ-Core Indoor Air Quality Sensor - ESPHome - Smart Home Made Simple,73,AMS iAQ-Core Indoor Air Quality Sensor - ESPHome - Smart Home Made Simple,73,Yes,Instructions for setting up the iAQ-Core sensor.,48,Instructions for setting up the iAQ-Core sensor.,48,Yes,https://esphome.io/components/sensor/iaqcore/,,AMS iAQ-Core Indoor Air Quality Sensor,AMS iAQ-Core Indoor Air Quality Sensor,Instructions for setting up the iAQ-Core sensor.,Instructions for setting up the iAQ-Core sensor.,https://esphome.io/images/logo.svg,https://esphome.io/images/iaqcore.jpg,article,website,https://esphome.io/components/sensor/iaqcore/,https://esphome.io/components/sensor/iaqcore/,summary_large_image,summary_large_image,https://esphome.io/images/logo.svg,https://esphome.io/images/iaqcore.jpg,1,1,AMS iAQ-Core Indoor Air Quality Sensor,AMS iAQ-Core Indoor Air Quality Sensor,,,Title too long; Desc short
/components/sensor/hyt271/,HYT271 Temperature & Humidity Sensor - ESPHome - Smart Home Made Simple,71,HYT271 Temperature & Humidity Sensor - ESPHome - Smart Home Made Simple,71,Yes,Instructions for setting up HYT271 temperature and humidity sensors.,68,Instructions for setting up HYT271 temperature and humidity sensors.,68,Yes,https://esphome.io/components/sensor/hyt271/,,HYT271 Temperature & Humidity Sensor,HYT271 Temperature & Humidity Sensor,Instructions for setting up HYT271 temperature and humidity sensors.,Instructions for setting up HYT271 temperature and humidity sensors.,https://esphome.io/images/logo.svg,https://esphome.io/images/hyt271.jpg,article,website,https://esphome.io/components/sensor/hyt271/,https://esphome.io/components/sensor/hyt271/,summary_large_image,summary_large_image,https://esphome.io/images/logo.svg,https://esphome.io/images/hyt271.jpg,1,1,HYT271 Temperature & Humidity Sensor,HYT271 Temperature & Humidity Sensor,,,Title too long
/components/sensor/hydreon_rgxx/,Hydreon Rain Sensor - ESPHome - Smart Home Made Simple,54,Hydreon Rain Sensor - ESPHome - Smart Home Made Simple,54,Yes,Instructions for setting up Hydreon rain sensors,48,Instructions for setting up Hydreon rain sensors,48,Yes,https://esphome.io/components/sensor/hydreon_rgxx/,,Hydreon Rain Sensor,Hydreon Rain Sensor,Instructions for setting up Hydreon rain sensors,Instructions for setting up Hydreon rain sensors,https://esphome.io/images/logo.svg,https://esphome.io/images/hydreon_rg9.jpg,article,website,https://esphome.io/components/sensor/hydreon_rgxx/,https://esphome.io/components/sensor/hydreon_rgxx/,summary_large_image,summary_large_image,https://esphome.io/images/logo.svg,https://esphome.io/images/hydreon_rg9.jpg,1,1,Hydreon Rain Sensor,Hydreon Rain Sensor,,,Desc short
/components/sensor/hx711/,HX711 Load Cell Amplifier - ESPHome - Smart Home Made Simple,60,HX711 Load Cell Amplifier - ESPHome - Smart Home Made Simple,60,Yes,Instructions for setting up HX711 load cell amplifiers with ESPHome,67,Instructions for setting up HX711 load cell amplifiers with ESPHome,67,Yes,https://esphome.io/components/sensor/hx711/,,HX711 Load Cell Amplifier,HX711 Load Cell Amplifier,Instructions for setting up HX711 load cell amplifiers with ESPHome,Instructions for setting up HX711 load cell amplifiers with ESPHome,https://esphome.io/images/logo.svg,https://esphome.io/images/hx711.jpg,article,website,https://esphome.io/components/sensor/hx711/,https://esphome.io/components/sensor/hx711/,summary_large_image,summary_large_image,https://esphome.io/images/logo.svg,https://esphome.io/images/hx711.jpg,1,1,HX711 Load Cell Amplifier,HX711 Load Cell Amplifier,,,
/components/sensor/htu31d/,HTU31D Temperature & Humidity Sensor - ESPHome - Smart Home Made Simple,71,HTU31D Temperature & Humidity Sensor - ESPHome - Smart Home Made Simple,71,Yes,Instructions for setting up HTU31D temperature and humidity sensors.,68,Instructions for setting up HTU31D temperature and humidity sensors.,68,Yes,https://esphome.io/components/sensor/htu31d/,,HTU31D Temperature & Humidity Sensor,HTU31D Temperature & Humidity Sensor,Instructions for setting up HTU31D temperature and humidity sensors.,Instructions for setting up HTU31D temperature and humidity sensors.,https://esphome.io/images/logo.svg,https://esphome.io/images/htu31d.jpg,article,website,https://esphome.io/components/sensor/htu31d/,https://esphome.io/components/sensor/htu31d/,summary_large_image,summary_large_image,https://esphome.io/images/logo.svg,https://esphome.io/images/htu31d.jpg,1,1,HTU31D Temperature & Humidity Sensor,HTU31D Temperature & Humidity Sensor,,,Title too long
/components/sensor/htu21d/,HTU21D | Si7021 | SHT21 Temperature & Humidity Sensor - ESPHome - Smart Home Made Simple,88,HTU21D | Si7021 | SHT21 Temperature & Humidity Sensor - ESPHome - Smart Home Made Simple,88,Yes,Instructions for setting up HTU21D temperature and humidity sensors.,68,Instructions for setting up HTU21D temperature and humidity sensors.,68,Yes,https://esphome.io/components/sensor/htu21d/,,HTU21D | Si7021 | SHT21 Temperature & Humidity Sensor,HTU21D | Si7021 | SHT21 Temperature & Humidity Sensor,Instructions for setting up HTU21D temperature and humidity sensors.,Instructions for setting up HTU21D temperature and humidity sensors.,https://esphome.io/images/logo.svg,https://esphome.io/images/htu21d.jpg,article,website,https://esphome.io/components/sensor/htu21d/,https://esphome.io/components/sensor/htu21d/,summary_large_image,summary_large_image,https://esphome.io/images/logo.svg,https://esphome.io/images/htu21d.jpg,1,1,HTU21D | Si7021 | SHT21 Temperature & Humidity Sensor,HTU21D | Si7021 | SHT21 Temperature & Humidity Sensor,,,Title too long
/components/sensor/hte501/,HTE501 Temperature+Humidity Sensor - ESPHome - Smart Home Made Simple,69,HTE501 Temperature+Humidity Sensor - ESPHome - Smart Home Made Simple,69,Yes,Instructions for setting up HTE501 temperature and humidity sensors,67,Instructions for setting up HTE501 temperature and humidity sensors,67,Yes,https://esphome.io/components/sensor/hte501/,,HTE501 Temperature+Humidity Sensor,HTE501 Temperature+Humidity Sensor,Instructions for setting up HTE501 temperature and humidity sensors,Instructions for setting up HTE501 temperature and humidity sensors,https://esphome.io/images/logo.svg,https://esphome.io/images/HTE501.png,article,website,https://esphome.io/components/sensor/hte501/,https://esphome.io/components/sensor/hte501/,summary_large_image,summary_large_image,https://esphome.io/images/logo.svg,https://esphome.io/images/HTE501.png,1,1,HTE501 Temperature+Humidity Sensor,HTE501 Temperature+Humidity Sensor,,,Title too long
/components/sensor/hrxl_maxsonar_wr/,HRXL/XL MaxSonar WR Series - ESPHome - Smart Home Made Simple,61,HRXL/XL MaxSonar WR Series - ESPHome - Smart Home Made Simple,61,Yes,Instructions for setting up MaxBotix HRXL or XL MaxSonar WR ultrasonic distance measurement sensors in ESPHome.,111,Instructions for setting up MaxBotix HRXL or XL MaxSonar WR ultrasonic distance measurement sensors in ESPHome.,111,Yes,https://esphome.io/components/sensor/hrxl_maxsonar_wr/,,HRXL/XL MaxSonar WR Series,HRXL/XL MaxSonar WR Series,Instructions for setting up MaxBotix HRXL or XL MaxSonar WR ultrasonic distance measurement sensors in ESPHome.,Instructions for setting up MaxBotix HRXL or XL MaxSonar WR ultrasonic distance measurement sensors in ESPHome.,https://esphome.io/images/logo.svg,https://esphome.io/images/hrxl_maxsonar_wr.jpg,article,website,https://esphome.io/components/sensor/hrxl_maxsonar_wr/,https://esphome.io/components/sensor/hrxl_maxsonar_wr/,summary_large_image,summary_large_image,https://esphome.io/images/logo.svg,https://esphome.io/images/hrxl_maxsonar_wr.jpg,1,1,HRXL/XL MaxSonar WR Series,HRXL/XL MaxSonar WR Series,,,Title too long
/components/sensor/honeywellabp2_i2c/,Honeywell ABP 2 Pressure Sensors - ESPHome - Smart Home Made Simple,67,Honeywell ABP 2 Pressure Sensors - ESPHome - Smart Home Made Simple,67,Yes,Instructions for setting up Honeywell ABP2 Pressure sensors,59,Instructions for setting up Honeywell ABP2 Pressure sensors,59,Yes,https://esphome.io/components/sensor/honeywellabp2_i2c/,,Honeywell ABP 2 Pressure Sensors,Honeywell ABP 2 Pressure Sensors,Instructions for setting up Honeywell ABP2 Pressure sensors,Instructions for setting up Honeywell ABP2 Pressure sensors,https://esphome.io/images/logo.svg,https://esphome.io/images/honeywellabp.jpg,article,website,https://esphome.io/components/sensor/honeywellabp2_i2c/,https://esphome.io/components/sensor/honeywellabp2_i2c/,summary_large_image,summary_large_image,https://esphome.io/images/logo.svg,https://esphome.io/images/honeywellabp.jpg,1,1,Honeywell ABP 2 Pressure Sensors,Honeywell ABP 2 Pressure Sensors,,,Title too long
/components/sensor/honeywellabp/,Honeywell ABP Pressure Sensors - ESPHome - Smart Home Made Simple,65,Honeywell ABP Pressure Sensors - ESPHome - Smart Home Made Simple,65,Yes,Instructions for setting up Honeywell ABP Pressure sensors,58,Instructions for setting up Honeywell ABP Pressure sensors,58,Yes,https://esphome.io/components/sensor/honeywellabp/,,Honeywell ABP Pressure Sensors,Honeywell ABP Pressure Sensors,Instructions for setting up Honeywell ABP Pressure sensors,Instructions for setting up Honeywell ABP Pressure sensors,https://esphome.io/images/logo.svg,https://esphome.io/images/honeywellabp.jpg,article,website,https://esphome.io/components/sensor/honeywellabp/,https://esphome.io/components/sensor/honeywellabp/,summary_large_image,summary_large_image,https://esphome.io/images/logo.svg,https://esphome.io/images/honeywellabp.jpg,1,1,Honeywell ABP Pressure Sensors,Honeywell ABP Pressure Sensors,,,Title too long
/components/sensor/honeywell_hih_i2c/,Honeywell HumidIcon (I2C HIH series) Temperature & Humidity Sensor - ESPHome - Smart Home Made Simple,101,Honeywell HumidIcon (I2C HIH series) Temperature & Humidity Sensor - ESPHome - Smart Home Made Simple,101,Yes,Instructions for setting up Honeywell HumidIcon temperature and humidity sensors.,81,Instructions for setting up Honeywell HumidIcon temperature and humidity sensors.,81,Yes,https://esphome.io/components/sensor/honeywell_hih_i2c/,,Honeywell HumidIcon (I2C HIH series) Temperature & Humidity Sensor,Honeywell HumidIcon (I2C HIH series) Temperature & Humidity Sensor,Instructions for setting up Honeywell HumidIcon temperature and humidity sensors.,Instructions for setting up Honeywell HumidIcon temperature and humidity sensors.,https://esphome.io/images/logo.svg,https://esphome.io/images/honeywellhih.jpg,article,website,https://esphome.io/components/sensor/honeywell_hih_i2c/,https://esphome.io/components/sensor/honeywell_hih_i2c/,summary_large_image,summary_large_image,https://esphome.io/images/logo.svg,https://esphome.io/images/honeywellhih.jpg,1,1,Honeywell HumidIcon (I2C HIH series) Temperature & Humidity Sensor,Honeywell HumidIcon (I2C HIH series) Temperature & Humidity Sensor,,,Title too long
/components/sensor/homeassistant/,Home Assistant Sensor - ESPHome - Smart Home Made Simple,56,Home Assistant Sensor - ESPHome - Smart Home Made Simple,56,Yes,Instructions for setting up Home Assistant sensors with ESPHome that import states from your Home Assistant instance.,117,Instructions for setting up Home Assistant sensors with ESPHome that import states from your Home Assistant instance.,117,Yes,https://esphome.io/components/sensor/homeassistant/,,Home Assistant Sensor,Home Assistant Sensor,Instructions for setting up Home Assistant sensors with ESPHome that import states from your Home Assistant instance.,Instructions for setting up Home Assistant sensors with ESPHome that import states from your Home Assistant instance.,https://esphome.io/images/logo.svg,https://esphome.io/images/home-assistant.svg,article,website,https://esphome.io/components/sensor/homeassistant/,https://esphome.io/components/sensor/homeassistant/,summary_large_image,summary_large_image,https://esphome.io/images/logo.svg,https://esphome.io/images/home-assistant.svg,1,1,Home Assistant Sensor,Home Assistant Sensor,,,
/components/sensor/hmc5883l/,HMC5883L Magnetometer - ESPHome - Smart Home Made Simple,56,HMC5883L Magnetometer - ESPHome - Smart Home Made Simple,56,Yes,Instructions for setting up HMC5883L IMU compass sensors.,57,Instructions for setting up HMC5883L IMU compass sensors.,57,Yes,https://esphome.io/components/sensor/hmc5883l/,,HMC5883L Magnetometer,HMC5883L Magnetometer,Instructions for setting up HMC5883L IMU compass sensors.,Instructions for setting up HMC5883L IMU compass sensors.,https://esphome.io/images/logo.svg,https://esphome.io/images/hmc5883l.jpg,article,website,https://esphome.io/components/sensor/hmc5883l/,https://esphome.io/components/sensor/hmc5883l/,summary_large_image,summary_large_image,https://esphome.io/images/logo.svg,https://esphome.io/images/hmc5883l.jpg,1,1,HMC5883L Magnetometer,HMC5883L Magnetometer,,,
/components/sensor/hm3301/,The Grove - Laser PM2.5 Sensor (HM3301) - ESPHome - Smart Home Made Simple,74,The Grove - Laser PM2.5 Sensor (HM3301) - ESPHome - Smart Home Made Simple,74,Yes,Instructions for setting up HM3301 Particulate matter sensor,60,Instructions for setting up HM3301 Particulate matter sensor,60,Yes,https://esphome.io/components/sensor/hm3301/,,The Grove - Laser PM2.5 Sensor (HM3301),The Grove - Laser PM2.5 Sensor (HM3301),Instructions for setting up HM3301 Particulate matter sensor,Instructions for setting up HM3301 Particulate matter sensor,https://esphome.io/images/logo.svg,https://esphome.io/images/hm3301.jpg,article,website,https://esphome.io/components/sensor/hm3301/,https://esphome.io/components/sensor/hm3301/,summary_large_image,summary_large_image,https://esphome.io/images/logo.svg,https://esphome.io/images/hm3301.jpg,1,1,The Grove - Laser PM2.5 Sensor (HM3301),The Grove - Laser PM2.5 Sensor (HM3301),,,Title too long
/components/sensor/hlw8032/,HLW8032 Power Sensor - ESPHome - Smart Home Made Simple,55,HLW8032 Power Sensor - ESPHome - Smart Home Made Simple,55,Yes,Instructions for setting up HLW8032 power sensors,49,Instructions for setting up HLW8032 power sensors,49,Yes,https://esphome.io/components/sensor/hlw8032/,,HLW8032 Power Sensor,HLW8032 Power Sensor,Instructions for setting up HLW8032 power sensors,Instructions for setting up HLW8032 power sensors,https://esphome.io/images/logo.svg,https://esphome.io/images/hlw8032.png,article,website,https://esphome.io/components/sensor/hlw8032/,https://esphome.io/components/sensor/hlw8032/,summary_large_image,summary_large_image,https://esphome.io/images/logo.svg,https://esphome.io/images/hlw8032.png,1,1,HLW8032 Power Sensor,HLW8032 Power Sensor,,,Desc short
/components/sensor/hlw8012/,HLW8012 Power Sensor - ESPHome - Smart Home Made Simple,55,HLW8012 Power Sensor - ESPHome - Smart Home Made Simple,55,Yes,Instructions for setting up HLW8012 power sensors for the Sonoff Pow R1,71,Instructions for setting up HLW8012 power sensors for the Sonoff Pow R1,71,Yes,https://esphome.io/components/sensor/hlw8012/,,HLW8012 Power Sensor,HLW8012 Power Sensor,Instructions for setting up HLW8012 power sensors for the Sonoff Pow R1,Instructions for setting up HLW8012 power sensors for the Sonoff Pow R1,https://esphome.io/images/logo.svg,https://esphome.io/images/hlw8012.svg,article,website,https://esphome.io/components/sensor/hlw8012/,https://esphome.io/components/sensor/hlw8012/,summary_large_image,summary_large_image,https://esphome.io/images/logo.svg,https://esphome.io/images/hlw8012.svg,1,1,HLW8012 Power Sensor,HLW8012 Power Sensor,,,
/components/sensor/hdc2010/,HDC2010 High Precision Temperature and Humidity Sensor - ESPHome - Smart Home Made Simple,89,HDC2010 High Precision Temperature and Humidity Sensor - ESPHome - Smart Home Made Simple,89,Yes,Instructions for setting up HDC2010 temperature and humidity sensors.,69,Instructions for setting up HDC2010 temperature and humidity sensors.,69,Yes,https://esphome.io/components/sensor/hdc2010/,,HDC2010 High Precision Temperature and Humidity Sensor,HDC2010 High Precision Temperature and Humidity Sensor,Instructions for setting up HDC2010 temperature and humidity sensors.,Instructions for setting up HDC2010 temperature and humidity sensors.,https://esphome.io/images/logo.svg,https://esphome.io/images/hdc2010.png,article,website,https://esphome.io/components/sensor/hdc2010/,https://esphome.io/components/sensor/hdc2010/,summary_large_image,summary_large_image,https://esphome.io/images/logo.svg,https://esphome.io/images/hdc2010.png,1,1,HDC2010 High Precision Temperature and Humidity Sensor,HDC2010 High Precision Temperature and Humidity Sensor,,,Title too long
/components/sensor/hdc1080/,HDC1080 Temperature+Humidity Sensor - ESPHome - Smart Home Made Simple,70,HDC1080 Temperature+Humidity Sensor - ESPHome - Smart Home Made Simple,70,Yes,Instructions for setting up HDC1080 temperature and humidity sensors.,69,Instructions for setting up HDC1080 temperature and humidity sensors.,69,Yes,https://esphome.io/components/sensor/hdc1080/,,HDC1080 Temperature+Humidity Sensor,HDC1080 Temperature+Humidity Sensor,Instructions for setting up HDC1080 temperature and humidity sensors.,Instructions for setting up HDC1080 temperature and humidity sensors.,https://esphome.io/images/logo.svg,https://esphome.io/images/hdc1080.jpg,article,website,https://esphome.io/components/sensor/hdc1080/,https://esphome.io/components/sensor/hdc1080/,summary_large_image,summary_large_image,https://esphome.io/images/logo.svg,https://esphome.io/images/hdc1080.jpg,1,1,HDC1080 Temperature+Humidity Sensor,HDC1080 Temperature+Humidity Sensor,,,Title too long
/components/sensor/hc8/,HC8 CO₂ Sensor - ESPHome - Smart Home Made Simple,49,HC8 CO₂ Sensor - ESPHome - Smart Home Made Simple,49,Yes,Instructions for setting up HC8 CO2 sensors,43,Instructions for setting up HC8 CO2 sensors,43,Yes,https://esphome.io/components/sensor/hc8/,,HC8 CO₂ Sensor,HC8 CO₂ Sensor,Instructions for setting up HC8 CO2 sensors,Instructions for setting up HC8 CO2 sensors,https://esphome.io/images/logo.svg,https://esphome.io/images/hc8.png,article,website,https://esphome.io/components/sensor/hc8/,https://esphome.io/components/sensor/hc8/,summary_large_image,summary_large_image,https://esphome.io/images/logo.svg,https://esphome.io/images/hc8.png,1,1,HC8 CO₂ Sensor,HC8 CO₂ Sensor,,,Desc short
/components/sensor/havells_solar/,Havells Solar - ESPHome - Smart Home Made Simple,48,Havells Solar - ESPHome - Smart Home Made Simple,48,Yes,Instructions for setting up Havells inverter reading on modbus.,63,Instructions for setting up Havells inverter reading on modbus.,63,Yes,https://esphome.io/components/sensor/havells_solar/,,Havells Solar,Havells Solar,Instructions for setting up Havells inverter reading on modbus.,Instructions for setting up Havells inverter reading on modbus.,https://esphome.io/images/logo.svg,https://esphome.io/images/havellsgti5000d_s.jpg,article,website,https://esphome.io/components/sensor/havells_solar/,https://esphome.io/components/sensor/havells_solar/,summary_large_image,summary_large_image,https://esphome.io/images/logo.svg,https://esphome.io/images/havellsgti5000d_s.jpg,1,1,Havells Solar,Havells Solar,,,
/components/sensor/haier/,Haier Climate Sensors - ESPHome - Smart Home Made Simple,56,Haier Climate Sensors - ESPHome - Smart Home Made Simple,56,Yes,Instructions for setting up additional sensors for Haier climate devices.,73,Instructions for setting up additional sensors for Haier climate devices.,73,Yes,https://esphome.io/components/sensor/haier/,,Haier Climate Sensors,Haier Climate Sensors,Instructions for setting up additional sensors for Haier climate devices.,Instructions for setting up additional sensors for Haier climate devices.,https://esphome.io/images/logo.svg,https://esphome.io/images/haier.svg,article,website,https://esphome.io/components/sensor/haier/,https://esphome.io/components/sensor/haier/,summary_large_image,summary_large_image,https://esphome.io/images/logo.svg,https://esphome.io/images/haier.svg,1,1,Haier Climate Sensors,Haier Climate Sensors,,,
/components/sensor/growatt_solar/,Growatt Solar - ESPHome - Smart Home Made Simple,48,Growatt Solar - ESPHome - Smart Home Made Simple,48,Yes,Instructions for setting up a Growatt inverter reading on modbus.,65,Instructions for setting up a Growatt inverter reading on modbus.,65,Yes,https://esphome.io/components/sensor/growatt_solar/,,Growatt Solar,Growatt Solar,Instructions for setting up a Growatt inverter reading on modbus.,Instructions for setting up a Growatt inverter reading on modbus.,https://esphome.io/images/logo.svg,https://esphome.io/images/growatt.jpg,article,website,https://esphome.io/components/sensor/growatt_solar/,https://esphome.io/components/sensor/growatt_solar/,summary_large_image,summary_large_image,https://esphome.io/images/logo.svg,https://esphome.io/images/growatt.jpg,1,1,Growatt Solar,Growatt Solar,,,
/components/sensor/grove_gas_mc_v2/,Grove Multichannel Gas Sensor V2 - ESPHome - Smart Home Made Simple,67,Grove Multichannel Gas Sensor V2 - ESPHome - Smart Home Made Simple,67,Yes,Instructions for setting up Grove Multichannel Gas Sensor V2 that,65,Instructions for setting up Grove Multichannel Gas Sensor V2 that,65,Yes,https://esphome.io/components/sensor/grove_gas_mc_v2/,,Grove Multichannel Gas Sensor V2,Grove Multichannel Gas Sensor V2,Instructions for setting up Grove Multichannel Gas Sensor V2 that,Instructions for setting up Grove Multichannel Gas Sensor V2 that,https://esphome.io/images/logo.svg,https://esphome.io/images/grove-gas-mc-v2.png,article,website,https://esphome.io/components/sensor/grove_gas_mc_v2/,https://esphome.io/components/sensor/grove_gas_mc_v2/,summary_large_image,summary_large_image,https://esphome.io/images/logo.svg,https://esphome.io/images/grove-gas-mc-v2.png,1,1,Grove Multichannel Gas Sensor V2,Grove Multichannel Gas Sensor V2,,,Title too long
/components/sensor/gp2y1010au0f/,Sharp GP2Y1010AU0F PM2.5 Sensor - ESPHome - Smart Home Made Simple,66,Sharp GP2Y1010AU0F PM2.5 Sensor - ESPHome - Smart Home Made Simple,66,Yes,Instructions for setting up Sharp GP2Y1010AU0F particulate matter sensor,72,Instructions for setting up Sharp GP2Y1010AU0F particulate matter sensor,72,Yes,https://esphome.io/components/sensor/gp2y1010au0f/,,Sharp GP2Y1010AU0F PM2.5 Sensor,Sharp GP2Y1010AU0F PM2.5 Sensor,Instructions for setting up Sharp GP2Y1010AU0F particulate matter sensor,Instructions for setting up Sharp GP2Y1010AU0F particulate matter sensor,https://esphome.io/images/logo.svg,https://esphome.io/images/gp2y1010au0f.png,article,website,https://esphome.io/components/sensor/gp2y1010au0f/,https://esphome.io/components/sensor/gp2y1010au0f/,summary_large_image,summary_large_image,https://esphome.io/images/logo.svg,https://esphome.io/images/gp2y1010au0f.png,1,1,Sharp GP2Y1010AU0F PM2.5 Sensor,Sharp GP2Y1010AU0F PM2.5 Sensor,,,Title too long
/components/sensor/gl_r01/,GL-R01 I²C - Time Of Flight Mini LiDAR Laser Ranging Sensor - ESPHome - Smart Home Made Simple,94,GL-R01 I²C - Time Of Flight Mini LiDAR Laser Ranging Sensor - ESPHome - Smart Home Made Simple,94,Yes,GL-R01 I²C - Time Of Flight Mini LiDAR Laser Ranging Sensor,59,,,No,https://esphome.io/components/sensor/gl_r01/,,GL-R01 I²C - Time Of Flight Mini LiDAR Laser Ranging Sensor,GL-R01 I²C - Time Of Flight Mini LiDAR Laser Ranging Sensor,GL-R01 I²C - Time Of Flight Mini LiDAR Laser Ranging Sensor,,https://esphome.io/images/logo.svg,,article,website,https://esphome.io/components/sensor/gl_r01/,https://esphome.io/components/sensor/gl_r01/,summary_large_image,summary_large_image,https://esphome.io/images/logo.svg,,1,1,GL-R01 I²C - Time Of Flight Mini LiDAR Laser Ranging Sensor,GL-R01 I²C - Time Of Flight Mini LiDAR Laser Ranging Sensor,,,Title too long
/components/sensor/gdk101/,FTLab GDK101 Gamma Radiation Sensor Module - ESPHome - Smart Home Made Simple,77,FTLab GDK101 Gamma Radiation Sensor Module - ESPHome - Smart Home Made Simple,77,Yes,Instructions for setting up GDK101 Gamma Radiation Sensor Module,64,Instructions for setting up GDK101 Gamma Radiation Sensor Module,64,Yes,https://esphome.io/components/sensor/gdk101/,,FTLab GDK101 Gamma Radiation Sensor Module,FTLab GDK101 Gamma Radiation Sensor Module,Instructions for setting up GDK101 Gamma Radiation Sensor Module,Instructions for setting up GDK101 Gamma Radiation Sensor Module,https://esphome.io/images/logo.svg,https://esphome.io/images/gdk101.jpg,article,website,https://esphome.io/components/sensor/gdk101/,https://esphome.io/components/sensor/gdk101/,summary_large_image,summary_large_image,https://esphome.io/images/logo.svg,https://esphome.io/images/gdk101.jpg,1,1,FTLab GDK101 Gamma Radiation Sensor Module,FTLab GDK101 Gamma Radiation Sensor Module,,,Title too long
/components/sensor/gcja5/,Panasonic SN-GCJA5 Particulate Matter Sensor - ESPHome - Smart Home Made Simple,79,Panasonic SN-GCJA5 Particulate Matter Sensor - ESPHome - Smart Home Made Simple,79,Yes,Instructions for setting up Panasonic SN-GCJA5 Particulate matter sensors,73,Instructions for setting up Panasonic SN-GCJA5 Particulate matter sensors,73,Yes,https://esphome.io/components/sensor/gcja5/,,Panasonic SN-GCJA5 Particulate Matter Sensor,Panasonic SN-GCJA5 Particulate Matter Sensor,Instructions for setting up Panasonic SN-GCJA5 Particulate matter sensors,Instructions for setting up Panasonic SN-GCJA5 Particulate matter sensors,https://esphome.io/images/logo.svg,https://esphome.io/images/gcja5.svg,article,website,https://esphome.io/components/sensor/gcja5/,https://esphome.io/components/sensor/gcja5/,summary_large_image,summary_large_image,https://esphome.io/images/logo.svg,https://esphome.io/images/gcja5.svg,1,1,Panasonic SN-GCJA5 Particulate Matter Sensor,Panasonic SN-GCJA5 Particulate Matter Sensor,,,Title too long
/components/sensor/fs3000/,FS3000 Air Velocity Sensor - ESPHome - Smart Home Made Simple,61,FS3000 Air Velocity Sensor - ESPHome - Smart Home Made Simple,61,Yes,Instructions for setting up the FS3000 Air Velocity sensor.,59,Instructions for setting up the FS3000 Air Velocity sensor.,59,Yes,https://esphome.io/components/sensor/fs3000/,,FS3000 Air Velocity Sensor,FS3000 Air Velocity Sensor,Instructions for setting up the FS3000 Air Velocity sensor.,Instructions for setting up the FS3000 Air Velocity sensor.,https://esphome.io/images/logo.svg,https://esphome.io/images/fs3000.jpg,article,website,https://esphome.io/components/sensor/fs3000/,https://esphome.io/components/sensor/fs3000/,summary_large_image,summary_large_image,https://esphome.io/images/logo.svg,https://esphome.io/images/fs3000.jpg,1,1,FS3000 Air Velocity Sensor,FS3000 Air Velocity Sensor,,,Title too long
/components/sensor/filter/to_ntc_temperature/,To Ntc Temperature Filter - ESPHome - Smart Home Made Simple,60,,,N/A,Sensor filter documentation,27,,,N/A,https://esphome.io/components/sensor/filter/to_ntc_temperature/,,To Ntc Temperature Filter,,Sensor filter documentation,,https://esphome.io/images/logo.svg,,article,,https://esphome.io/components/sensor/filter/to_ntc_temperature/,,summary_large_image,,https://esphome.io/images/logo.svg,,1,,To Ntc Temperature Filter,,,,Desc short
/components/sensor/filter/to_ntc_resistance/,To Ntc Resistance Filter - ESPHome - Smart Home Made Simple,59,,,N/A,Sensor filter documentation,27,,,N/A,https://esphome.io/components/sensor/filter/to_ntc_resistance/,,To Ntc Resistance Filter,,Sensor filter documentation,,https://esphome.io/images/logo.svg,,article,,https://esphome.io/components/sensor/filter/to_ntc_resistance/,,summary_large_image,,https://esphome.io/images/logo.svg,,1,,To Ntc Resistance Filter,,,,Desc short
/components/sensor/filter/timeout/,Timeout Filter - ESPHome - Smart Home Made Simple,49,,,N/A,Sensor filter documentation,27,,,N/A,https://esphome.io/components/sensor/filter/timeout/,,Timeout Filter,,Sensor filter documentation,,https://esphome.io/images/logo.svg,,article,,https://esphome.io/components/sensor/filter/timeout/,,summary_large_image,,https://esphome.io/images/logo.svg,,1,,Timeout Filter,,,,Desc short
/components/sensor/filter/throttle_with_priority/,Throttle With Priority Filter - ESPHome - Smart Home Made Simple,64,,,N/A,Sensor filter documentation,27,,,N/A,https://esphome.io/components/sensor/filter/throttle_with_priority/,,Throttle With Priority Filter,,Sensor filter documentation,,https://esphome.io/images/logo.svg,,article,,https://esphome.io/components/sensor/filter/throttle_with_priority/,,summary_large_image,,https://esphome.io/images/logo.svg,,1,,Throttle With Priority Filter,,,,Title too long; Desc short
/components/sensor/filter/throttle_average/,Throttle Average Filter - ESPHome - Smart Home Made Simple,58,,,N/A,Sensor filter documentation,27,,,N/A,https://esphome.io/components/sensor/filter/throttle_average/,,Throttle Average Filter,,Sensor filter documentation,,https://esphome.io/images/logo.svg,,article,,https://esphome.io/components/sensor/filter/throttle_average/,,summary_large_image,,https://esphome.io/images/logo.svg,,1,,Throttle Average Filter,,,,Desc short
/components/sensor/filter/throttle/,Throttle Filter - ESPHome - Smart Home Made Simple,50,,,N/A,Sensor filter documentation,27,,,N/A,https://esphome.io/components/sensor/filter/throttle/,,Throttle Filter,,Sensor filter documentation,,https://esphome.io/images/logo.svg,,article,,https://esphome.io/components/sensor/filter/throttle/,,summary_large_image,,https://esphome.io/images/logo.svg,,1,,Throttle Filter,,,,Desc short
/components/sensor/filter/sliding_window_moving_average/,Sliding Window Moving Average Filter - ESPHome - Smart Home Made Simple,71,,,N/A,Sensor filter documentation,27,,,N/A,https://esphome.io/components/sensor/filter/sliding_window_moving_average/,,Sliding Window Moving Average Filter,,Sensor filter documentation,,https://esphome.io/images/logo.svg,,article,,https://esphome.io/components/sensor/filter/sliding_window_moving_average/,,summary_large_image,,https://esphome.io/images/logo.svg,,1,,Sliding Window Moving Average Filter,,,,Title too long; Desc short
/components/sensor/filter/skip_initial/,Skip Initial Filter - ESPHome - Smart Home Made Simple,54,,,N/A,Sensor filter documentation,27,,,N/A,https://esphome.io/components/sensor/filter/skip_initial/,,Skip Initial Filter,,Sensor filter documentation,,https://esphome.io/images/logo.svg,,article,,https://esphome.io/components/sensor/filter/skip_initial/,,summary_large_image,,https://esphome.io/images/logo.svg,,1,,Skip Initial Filter,,,,Desc short
/components/sensor/filter/round_to_multiple_of/,Round To Multiple Of Filter - ESPHome - Smart Home Made Simple,62,,,N/A,Sensor filter documentation,27,,,N/A,https://esphome.io/components/sensor/filter/round_to_multiple_of/,,Round To Multiple Of Filter,,Sensor filter documentation,,https://esphome.io/images/logo.svg,,article,,https://esphome.io/components/sensor/filter/round_to_multiple_of/,,summary_large_image,,https://esphome.io/images/logo.svg,,1,,Round To Multiple Of Filter,,,,Title too long; Desc short
/components/sensor/filter/round/,Round Filter - ESPHome - Smart Home Made Simple,47,,,N/A,Sensor filter documentation,27,,,N/A,https://esphome.io/components/sensor/filter/round/,,Round Filter,,Sensor filter documentation,,https://esphome.io/images/logo.svg,,article,,https://esphome.io/components/sensor/filter/round/,,summary_large_image,,https://esphome.io/images/logo.svg,,1,,Round Filter,,,,Desc short
/components/sensor/filter/quantile/,Quantile Filter - ESPHome - Smart Home Made Simple,50,,,N/A,Sensor filter documentation,27,,,N/A,https://esphome.io/components/sensor/filter/quantile/,,Quantile Filter,,Sensor filter documentation,,https://esphome.io/images/logo.svg,,article,,https://esphome.io/components/sensor/filter/quantile/,,summary_large_image,,https://esphome.io/images/logo.svg,,1,,Quantile Filter,,,,Desc short
/components/sensor/filter/or/,Or Filter - ESPHome - Smart Home Made Simple,44,,,N/A,Sensor filter documentation,27,,,N/A,https://esphome.io/components/sensor/filter/or/,,Or Filter,,Sensor filter documentation,,https://esphome.io/images/logo.svg,,article,,https://esphome.io/components/sensor/filter/or/,,summary_large_image,,https://esphome.io/images/logo.svg,,1,,Or Filter,,,,Desc short
/components/sensor/filter/offset/,Offset Filter - ESPHome - Smart Home Made Simple,48,,,N/A,Sensor filter documentation,27,,,N/A,https://esphome.io/components/sensor/filter/offset/,,Offset Filter,,Sensor filter documentation,,https://esphome.io/images/logo.svg,,article,,https://esphome.io/components/sensor/filter/offset/,,summary_large_image,,https://esphome.io/images/logo.svg,,1,,Offset Filter,,,,Desc short
/components/sensor/filter/multiply/,Multiply Filter - ESPHome - Smart Home Made Simple,50,,,N/A,Sensor filter documentation,27,,,N/A,https://esphome.io/components/sensor/filter/multiply/,,Multiply Filter,,Sensor filter documentation,,https://esphome.io/images/logo.svg,,article,,https://esphome.io/components/sensor/filter/multiply/,,summary_large_image,,https://esphome.io/images/logo.svg,,1,,Multiply Filter,,,,Desc short
/components/sensor/filter/min/,Min Filter - ESPHome - Smart Home Made Simple,45,,,N/A,Sensor filter documentation,27,,,N/A,https://esphome.io/components/sensor/filter/min/,,Min Filter,,Sensor filter documentation,,https://esphome.io/images/logo.svg,,article,,https://esphome.io/components/sensor/filter/min/,,summary_large_image,,https://esphome.io/images/logo.svg,,1,,Min Filter,,,,Desc short
/components/sensor/filter/median/,Median Filter - ESPHome - Smart Home Made Simple,48,,,N/A,Sensor filter documentation,27,,,N/A,https://esphome.io/components/sensor/filter/median/,,Median Filter,,Sensor filter documentation,,https://esphome.io/images/logo.svg,,article,,https://esphome.io/components/sensor/filter/median/,,summary_large_image,,https://esphome.io/images/logo.svg,,1,,Median Filter,,,,Desc short
/components/sensor/filter/max/,Max Filter - ESPHome - Smart Home Made Simple,45,,,N/A,Sensor filter documentation,27,,,N/A,https://esphome.io/components/sensor/filter/max/,,Max Filter,,Sensor filter documentation,,https://esphome.io/images/logo.svg,,article,,https://esphome.io/components/sensor/filter/max/,,summary_large_image,,https://esphome.io/images/logo.svg,,1,,Max Filter,,,,Desc short
/components/sensor/filter/lambda/,Lambda Filter - ESPHome - Smart Home Made Simple,48,,,N/A,Sensor filter documentation,27,,,N/A,https://esphome.io/components/sensor/filter/lambda/,,Lambda Filter,,Sensor filter documentation,,https://esphome.io/images/logo.svg,,article,,https://esphome.io/components/sensor/filter/lambda/,,summary_large_image,,https://esphome.io/images/logo.svg,,1,,Lambda Filter,,,,Desc short
/components/sensor/filter/heartbeat/,Heartbeat Filter - ESPHome - Smart Home Made Simple,51,,,N/A,Sensor filter documentation,27,,,N/A,https://esphome.io/components/sensor/filter/heartbeat/,,Heartbeat Filter,,Sensor filter documentation,,https://esphome.io/images/logo.svg,,article,,https://esphome.io/components/sensor/filter/heartbeat/,,summary_large_image,,https://esphome.io/images/logo.svg,,1,,Heartbeat Filter,,,,Desc short
/components/sensor/filter/filter_out/,Filter Out Filter - ESPHome - Smart Home Made Simple,52,,,N/A,Sensor filter documentation,27,,,N/A,https://esphome.io/components/sensor/filter/filter_out/,,Filter Out Filter,,Sensor filter documentation,,https://esphome.io/images/logo.svg,,article,,https://esphome.io/components/sensor/filter/filter_out/,,summary_large_image,,https://esphome.io/images/logo.svg,,1,,Filter Out Filter,,,,Desc short
/components/sensor/filter/exponential_moving_average/,Exponential Moving Average Filter - ESPHome - Smart Home Made Simple,68,,,N/A,Sensor filter documentation,27,,,N/A,https://esphome.io/components/sensor/filter/exponential_moving_average/,,Exponential Moving Average Filter,,Sensor filter documentation,,https://esphome.io/images/logo.svg,,article,,https://esphome.io/components/sensor/filter/exponential_moving_average/,,summary_large_image,,https://esphome.io/images/logo.svg,,1,,Exponential Moving Average Filter,,,,Title too long; Desc short
/components/sensor/filter/delta/,Delta Filter - ESPHome - Smart Home Made Simple,47,,,N/A,Sensor filter documentation,27,,,N/A,https://esphome.io/components/sensor/filter/delta/,,Delta Filter,,Sensor filter documentation,,https://esphome.io/images/logo.svg,,article,,https://esphome.io/components/sensor/filter/delta/,,summary_large_image,,https://esphome.io/images/logo.svg,,1,,Delta Filter,,,,Desc short
/components/sensor/filter/debounce/,Debounce Filter - ESPHome - Smart Home Made Simple,50,,,N/A,Sensor filter documentation,27,,,N/A,https://esphome.io/components/sensor/filter/debounce/,,Debounce Filter,,Sensor filter documentation,,https://esphome.io/images/logo.svg,,article,,https://esphome.io/components/sensor/filter/debounce/,,summary_large_image,,https://esphome.io/images/logo.svg,,1,,Debounce Filter,,,,Desc short
/components/sensor/filter/clamp/,Clamp Filter - ESPHome - Smart Home Made Simple,47,,,N/A,Sensor filter documentation,27,,,N/A,https://esphome.io/components/sensor/filter/clamp/,,Clamp Filter,,Sensor filter documentation,,https://esphome.io/images/logo.svg,,article,,https://esphome.io/components/sensor/filter/clamp/,,summary_large_image,,https://esphome.io/images/logo.svg,,1,,Clamp Filter,,,,Desc short
/components/sensor/filter/calibrate_polynomial/,Calibrate Polynomial Filter - ESPHome - Smart Home Made Simple,62,,,N/A,Sensor filter documentation,27,,,N/A,https://esphome.io/components/sensor/filter/calibrate_polynomial/,,Calibrate Polynomial Filter,,Sensor filter documentation,,https://esphome.io/images/logo.svg,,article,,https://esphome.io/components/sensor/filter/calibrate_polynomial/,,summary_large_image,,https://esphome.io/images/logo.svg,,1,,Calibrate Polynomial Filter,,,,Title too long; Desc short
/components/sensor/filter/calibrate_linear/,Calibrate Linear Filter - ESPHome - Smart Home Made Simple,58,,,N/A,Calibrate your sensor values using linear interpolation,55,,,N/A,https://esphome.io/components/sensor/filter/calibrate_linear/,,Calibrate Linear Filter,,Calibrate your sensor values using linear interpolation,,https://esphome.io/images/logo.svg,,article,,https://esphome.io/components/sensor/filter/calibrate_linear/,,summary_large_image,,https://esphome.io/images/logo.svg,,1,,Calibrate Linear Filter,,,,
/components/sensor/ezo/,EZO sensor circuits - ESPHome - Smart Home Made Simple,54,EZO sensor circuits - ESPHome - Smart Home Made Simple,54,Yes,Instructions for setting up EZO sensor circuits in esphome,58,Instructions for setting up EZO sensor circuits in esphome,58,Yes,https://esphome.io/components/sensor/ezo/,,EZO sensor circuits,EZO sensor circuits,Instructions for setting up EZO sensor circuits in esphome,Instructions for setting up EZO sensor circuits in esphome,https://esphome.io/images/logo.svg,https://esphome.io/images/ezo-ph-circuit.png,article,website,https://esphome.io/components/sensor/ezo/,https://esphome.io/components/sensor/ezo/,summary_large_image,summary_large_image,https://esphome.io/images/logo.svg,https://esphome.io/images/ezo-ph-circuit.png,1,1,EZO sensor circuits,EZO sensor circuits,,,
/components/sensor/ens210/,ENS210 Temperature+Humidity Sensor - ESPHome - Smart Home Made Simple,69,ENS210 Temperature+Humidity Sensor - ESPHome - Smart Home Made Simple,69,Yes,Instructions for setting up ENS210 temperature and humidity sensors,67,Instructions for setting up ENS210 temperature and humidity sensors,67,Yes,https://esphome.io/components/sensor/ens210/,,ENS210 Temperature+Humidity Sensor,ENS210 Temperature+Humidity Sensor,Instructions for setting up ENS210 temperature and humidity sensors,Instructions for setting up ENS210 temperature and humidity sensors,https://esphome.io/images/logo.svg,https://esphome.io/images/ens210.jpg,article,website,https://esphome.io/components/sensor/ens210/,https://esphome.io/components/sensor/ens210/,summary_large_image,summary_large_image,https://esphome.io/images/logo.svg,https://esphome.io/images/ens210.jpg,1,1,ENS210 Temperature+Humidity Sensor,ENS210 Temperature+Humidity Sensor,,,Title too long
/components/sensor/ens160/,ENS160 Volatile Organic Compound (VOC) and eCO₂ Sensor - ESPHome - Smart Home Made Simple,89,ENS160 Volatile Organic Compound (VOC) and eCO₂ Sensor - ESPHome - Smart Home Made Simple,89,Yes,Instructions for setting up ENS160 air-quality sensors,54,Instructions for setting up ENS160 air-quality sensors,54,Yes,https://esphome.io/components/sensor/ens160/,,ENS160 Volatile Organic Compound (VOC) and eCO₂ Sensor,ENS160 Volatile Organic Compound (VOC) and eCO₂ Sensor,Instructions for setting up ENS160 air-quality sensors,Instructions for setting up ENS160 air-quality sensors,https://esphome.io/images/logo.svg,,article,website,https://esphome.io/components/sensor/ens160/,https://esphome.io/components/sensor/ens160/,summary_large_image,summary_large_image,https://esphome.io/images/logo.svg,,1,1,ENS160 Volatile Organic Compound (VOC) and eCO₂ Sensor,ENS160 Volatile Organic Compound (VOC) and eCO₂ Sensor,,,Title too long
/components/sensor/ee895/,"EE895 CO₂, Temperature and Pressure Sensor - ESPHome - Smart Home Made Simple",77,"EE895 CO₂, Temperature and Pressure Sensor - ESPHome - Smart Home Made Simple",77,Yes,Instructions for setting up EE895 CO₂ Temperature and Pressure,62,Instructions for setting up EE895 CO₂ Temperature and Pressure,62,Yes,https://esphome.io/components/sensor/ee895/,,"EE895 CO₂, Temperature and Pressure Sensor","EE895 CO₂, Temperature and Pressure Sensor",Instructions for setting up EE895 CO₂ Temperature and Pressure,Instructions for setting up EE895 CO₂ Temperature and Pressure,https://esphome.io/images/logo.svg,https://esphome.io/images/EE895.png,article,website,https://esphome.io/components/sensor/ee895/,https://esphome.io/components/sensor/ee895/,summary_large_image,summary_large_image,https://esphome.io/images/logo.svg,https://esphome.io/images/EE895.png,1,1,"EE895 CO₂, Temperature and Pressure Sensor","EE895 CO₂, Temperature and Pressure Sensor",,,Title too long
/components/sensor/duty_time/,Duty Time - ESPHome - Smart Home Made Simple,44,Duty Time - ESPHome - Smart Home Made Simple,44,Yes,Instructions for setting up a sensor that tracks the duty time of some object.,78,Instructions for setting up a sensor that tracks the duty time of some object.,78,Yes,https://esphome.io/components/sensor/duty_time/,,Duty Time,Duty Time,Instructions for setting up a sensor that tracks the duty time of some object.,Instructions for setting up a sensor that tracks the duty time of some object.,https://esphome.io/images/logo.svg,https://esphome.io/images/timer-play-outline.svg,article,website,https://esphome.io/components/sensor/duty_time/,https://esphome.io/components/sensor/duty_time/,summary_large_image,summary_large_image,https://esphome.io/images/logo.svg,https://esphome.io/images/timer-play-outline.svg,1,1,Duty Time,Duty Time,,,
/components/sensor/duty_cycle/,Duty Cycle Sensor - ESPHome - Smart Home Made Simple,52,Duty Cycle Sensor - ESPHome - Smart Home Made Simple,52,Yes,Instructions for setting up duty cycle sensors in ESPHome,57,Instructions for setting up duty cycle sensors in ESPHome,57,Yes,https://esphome.io/components/sensor/duty_cycle/,,Duty Cycle Sensor,Duty Cycle Sensor,Instructions for setting up duty cycle sensors in ESPHome,Instructions for setting up duty cycle sensors in ESPHome,https://esphome.io/images/logo.svg,https://esphome.io/images/percent.svg,article,website,https://esphome.io/components/sensor/duty_cycle/,https://esphome.io/components/sensor/duty_cycle/,summary_large_image,summary_large_image,https://esphome.io/images/logo.svg,https://esphome.io/images/percent.svg,1,1,Duty Cycle Sensor,Duty Cycle Sensor,,,
/components/sensor/dsmr/,DSMR Component - ESPHome - Smart Home Made Simple,49,DSMR Component - ESPHome - Smart Home Made Simple,49,Yes,Instructions for setting up DSMR Meter component in ESPHome.,60,Instructions for setting up DSMR Meter component in ESPHome.,60,Yes,https://esphome.io/components/sensor/dsmr/,,DSMR Component,DSMR Component,Instructions for setting up DSMR Meter component in ESPHome.,Instructions for setting up DSMR Meter component in ESPHome.,https://esphome.io/images/logo.svg,https://esphome.io/images/dsmr.svg,article,website,https://esphome.io/components/sensor/dsmr/,https://esphome.io/components/sensor/dsmr/,summary_large_image,summary_large_image,https://esphome.io/images/logo.svg,https://esphome.io/images/dsmr.svg,1,1,DSMR Component,DSMR Component,,,
/components/sensor/dps310/,DPS310 Atmospheric Pressure Sensor - ESPHome - Smart Home Made Simple,69,DPS310 Atmospheric Pressure Sensor - ESPHome - Smart Home Made Simple,69,Yes,Instructions for setting up DPS310 atmospheric pressure sensors,63,Instructions for setting up DPS310 atmospheric pressure sensors,63,Yes,https://esphome.io/components/sensor/dps310/,,DPS310 Atmospheric Pressure Sensor,DPS310 Atmospheric Pressure Sensor,Instructions for setting up DPS310 atmospheric pressure sensors,Instructions for setting up DPS310 atmospheric pressure sensors,https://esphome.io/images/logo.svg,https://esphome.io/images/dps310.jpg,article,website,https://esphome.io/components/sensor/dps310/,https://esphome.io/components/sensor/dps310/,summary_large_image,summary_large_image,https://esphome.io/images/logo.svg,https://esphome.io/images/dps310.jpg,1,1,DPS310 Atmospheric Pressure Sensor,DPS310 Atmospheric Pressure Sensor,,,Title too long
/components/sensor/dht12/,DHT12 Temperature+Humidity Sensor - ESPHome - Smart Home Made Simple,68,DHT12 Temperature+Humidity Sensor - ESPHome - Smart Home Made Simple,68,Yes,Instructions for setting up DHT12 temperature and humidity sensors,66,Instructions for setting up DHT12 temperature and humidity sensors,66,Yes,https://esphome.io/components/sensor/dht12/,,DHT12 Temperature+Humidity Sensor,DHT12 Temperature+Humidity Sensor,Instructions for setting up DHT12 temperature and humidity sensors,Instructions for setting up DHT12 temperature and humidity sensors,https://esphome.io/images/logo.svg,https://esphome.io/images/dht12.jpg,article,website,https://esphome.io/components/sensor/dht12/,https://esphome.io/components/sensor/dht12/,summary_large_image,summary_large_image,https://esphome.io/images/logo.svg,https://esphome.io/images/dht12.jpg,1,1,DHT12 Temperature+Humidity Sensor,DHT12 Temperature+Humidity Sensor,,,Title too long
/components/sensor/dht/,DHT Temperature+Humidity Sensor - ESPHome - Smart Home Made Simple,66,DHT Temperature+Humidity Sensor - ESPHome - Smart Home Made Simple,66,Yes,Instructions for setting up DHT11 and DHT22 temperature and humidity sensors.,77,Instructions for setting up DHT11 and DHT22 temperature and humidity sensors.,77,Yes,https://esphome.io/components/sensor/dht/,,DHT Temperature+Humidity Sensor,DHT Temperature+Humidity Sensor,Instructions for setting up DHT11 and DHT22 temperature and humidity sensors.,Instructions for setting up DHT11 and DHT22 temperature and humidity sensors.,https://esphome.io/images/logo.svg,https://esphome.io/images/dht.jpg,article,website,https://esphome.io/components/sensor/dht/,https://esphome.io/components/sensor/dht/,summary_large_image,summary_large_image,https://esphome.io/images/logo.svg,https://esphome.io/images/dht.jpg,1,1,DHT Temperature+Humidity Sensor,DHT Temperature+Humidity Sensor,,,Title too long
/components/sensor/daly_bms/,Daly BMS Sensor - ESPHome - Smart Home Made Simple,50,Daly BMS Sensor - ESPHome - Smart Home Made Simple,50,Yes,Instructions for setting up a Daly Smart BMS,44,Instructions for setting up a Daly Smart BMS,44,Yes,https://esphome.io/components/sensor/daly_bms/,,Daly BMS Sensor,Daly BMS Sensor,Instructions for setting up a Daly Smart BMS,Instructions for setting up a Daly Smart BMS,https://esphome.io/images/logo.svg,https://esphome.io/images/daly_bms.jpg,article,website,https://esphome.io/components/sensor/daly_bms/,https://esphome.io/components/sensor/daly_bms/,summary_large_image,summary_large_image,https://esphome.io/images/logo.svg,https://esphome.io/images/daly_bms.jpg,1,1,Daly BMS Sensor,Daly BMS Sensor,,,Desc short
/components/sensor/dallas_temp/,Dallas Temperature Sensor - ESPHome - Smart Home Made Simple,60,Dallas Temperature Sensor - ESPHome - Smart Home Made Simple,60,Yes,Instructions for setting up Dallas 1-Wire temperature sensors,61,Instructions for setting up Dallas 1-Wire temperature sensors,61,Yes,https://esphome.io/components/sensor/dallas_temp/,,Dallas Temperature Sensor,Dallas Temperature Sensor,Instructions for setting up Dallas 1-Wire temperature sensors,Instructions for setting up Dallas 1-Wire temperature sensors,https://esphome.io/images/logo.svg,https://esphome.io/images/dallas.jpg,article,website,https://esphome.io/components/sensor/dallas_temp/,https://esphome.io/components/sensor/dallas_temp/,summary_large_image,summary_large_image,https://esphome.io/images/logo.svg,https://esphome.io/images/dallas.jpg,1,1,Dallas Temperature Sensor,Dallas Temperature Sensor,,,
/components/sensor/ct_clamp/,CT Clamp Current Sensor - ESPHome - Smart Home Made Simple,58,CT Clamp Current Sensor - ESPHome - Smart Home Made Simple,58,Yes,Instructions for setting up ct clamp sensors.,45,Instructions for setting up ct clamp sensors.,45,Yes,https://esphome.io/components/sensor/ct_clamp/,,CT Clamp Current Sensor,CT Clamp Current Sensor,Instructions for setting up ct clamp sensors.,Instructions for setting up ct clamp sensors.,https://esphome.io/images/logo.svg,https://esphome.io/images/ct_clamp.jpg,article,website,https://esphome.io/components/sensor/ct_clamp/,https://esphome.io/components/sensor/ct_clamp/,summary_large_image,summary_large_image,https://esphome.io/images/logo.svg,https://esphome.io/images/ct_clamp.jpg,1,1,CT Clamp Current Sensor,CT Clamp Current Sensor,,,Desc short
/components/sensor/cse7766/,CSE7766 Power Sensor - ESPHome - Smart Home Made Simple,55,CSE7766 Power Sensor - ESPHome - Smart Home Made Simple,55,Yes,Instructions for setting up CSE7766 power sensors for the Sonoff Pow R2,71,Instructions for setting up CSE7766 power sensors for the Sonoff Pow R2,71,Yes,https://esphome.io/components/sensor/cse7766/,,CSE7766 Power Sensor,CSE7766 Power Sensor,Instructions for setting up CSE7766 power sensors for the Sonoff Pow R2,Instructions for setting up CSE7766 power sensors for the Sonoff Pow R2,https://esphome.io/images/logo.svg,https://esphome.io/images/cse7766.svg,article,website,https://esphome.io/components/sensor/cse7766/,https://esphome.io/components/sensor/cse7766/,summary_large_image,summary_large_image,https://esphome.io/images/logo.svg,https://esphome.io/images/cse7766.svg,1,1,CSE7766 Power Sensor,CSE7766 Power Sensor,,,
/components/sensor/cse7761/,CSE7761 Power Sensor - ESPHome - Smart Home Made Simple,55,CSE7761 Power Sensor - ESPHome - Smart Home Made Simple,55,Yes,Instructions for setting up CSE7761 power sensors for the Sonoff Dual R3 v1.x,77,Instructions for setting up CSE7761 power sensors for the Sonoff Dual R3 v1.x,77,Yes,https://esphome.io/components/sensor/cse7761/,,CSE7761 Power Sensor,CSE7761 Power Sensor,Instructions for setting up CSE7761 power sensors for the Sonoff Dual R3 v1.x,Instructions for setting up CSE7761 power sensors for the Sonoff Dual R3 v1.x,https://esphome.io/images/logo.svg,https://esphome.io/images/cse7761.svg,article,website,https://esphome.io/components/sensor/cse7761/,https://esphome.io/components/sensor/cse7761/,summary_large_image,summary_large_image,https://esphome.io/images/logo.svg,https://esphome.io/images/cse7761.svg,1,1,CSE7761 Power Sensor,CSE7761 Power Sensor,,,
/components/sensor/cs5460a/,CS5460A Power Sensor - ESPHome - Smart Home Made Simple,55,CS5460A Power Sensor - ESPHome - Smart Home Made Simple,55,Yes,CS5460A component configuration,31,CS5460A component configuration,31,Yes,https://esphome.io/components/sensor/cs5460a/,,CS5460A Power Sensor,CS5460A Power Sensor,CS5460A component configuration,CS5460A component configuration,https://esphome.io/images/logo.svg,https://esphome.io/images/cs5460a.png,article,website,https://esphome.io/components/sensor/cs5460a/,https://esphome.io/components/sensor/cs5460a/,summary_large_image,summary_large_image,https://esphome.io/images/logo.svg,https://esphome.io/images/cs5460a.png,1,1,CS5460A Power Sensor,CS5460A Power Sensor,,,Desc short
/components/sensor/combination/,Combine the state of several sensors - ESPHome - Smart Home Made Simple,71,Combine the state of several sensors - ESPHome - Smart Home Made Simple,71,Yes,Instructions for setting up a combination sensor,48,Instructions for setting up a combination sensor,48,Yes,https://esphome.io/components/sensor/combination/,,Combine the state of several sensors,Combine the state of several sensors,Instructions for setting up a combination sensor,Instructions for setting up a combination sensor,https://esphome.io/images/logo.svg,,article,website,https://esphome.io/components/sensor/combination/,https://esphome.io/components/sensor/combination/,summary_large_image,summary_large_image,https://esphome.io/images/logo.svg,,1,1,Combine the state of several sensors,Combine the state of several sensors,,,Title too long; Desc short
/components/sensor/cm1106/,CUBIC CM1106 Single Beam NDIR CO2 Sensor Module - ESPHome - Smart Home Made Simple,82,CUBIC CM1106 Single Beam NDIR CO2 Sensor Module - ESPHome - Smart Home Made Simple,82,Yes,Instructions for setting up CM1106 CO2 sensors,46,Instructions for setting up CM1106 CO2 sensors,46,Yes,https://esphome.io/components/sensor/cm1106/,,CUBIC CM1106 Single Beam NDIR CO2 Sensor Module,CUBIC CM1106 Single Beam NDIR CO2 Sensor Module,Instructions for setting up CM1106 CO2 sensors,Instructions for setting up CM1106 CO2 sensors,https://esphome.io/images/logo.svg,https://esphome.io/images/cm1106.png,article,website,https://esphome.io/components/sensor/cm1106/,https://esphome.io/components/sensor/cm1106/,summary_large_image,summary_large_image,https://esphome.io/images/logo.svg,https://esphome.io/images/cm1106.png,1,1,CUBIC CM1106 Single Beam NDIR CO2 Sensor Module,CUBIC CM1106 Single Beam NDIR CO2 Sensor Module,,,Title too long; Desc short
/components/sensor/cd74hc4067/,cd74hc4067 Analog Multiplexer - ESPHome - Smart Home Made Simple,64,cd74hc4067 Analog Multiplexer - ESPHome - Smart Home Made Simple,64,Yes,Instructions for setting up cd74hc4067 Analog Multiplexer and sensors.,70,Instructions for setting up cd74hc4067 Analog Multiplexer and sensors.,70,Yes,https://esphome.io/components/sensor/cd74hc4067/,,cd74hc4067 Analog Multiplexer,cd74hc4067 Analog Multiplexer,Instructions for setting up cd74hc4067 Analog Multiplexer and sensors.,Instructions for setting up cd74hc4067 Analog Multiplexer and sensors.,https://esphome.io/images/logo.svg,https://esphome.io/images/cd74hc4067.jpg,article,website,https://esphome.io/components/sensor/cd74hc4067/,https://esphome.io/components/sensor/cd74hc4067/,summary_large_image,summary_large_image,https://esphome.io/images/logo.svg,https://esphome.io/images/cd74hc4067.jpg,1,1,cd74hc4067 Analog Multiplexer,cd74hc4067 Analog Multiplexer,,,Title too long
/components/sensor/ccs811/,CCS811 eCO_2 and Volatile Organic Compound Sensor - ESPHome - Smart Home Made Simple,84,CCS811 eCO_2 and Volatile Organic Compound Sensor - ESPHome - Smart Home Made Simple,84,Yes,Instructions for setting up CCS811 sensors.,43,Instructions for setting up CCS811 sensors.,43,Yes,https://esphome.io/components/sensor/ccs811/,,CCS811 eCO_2 and Volatile Organic Compound Sensor,CCS811 eCO_2 and Volatile Organic Compound Sensor,Instructions for setting up CCS811 sensors.,Instructions for setting up CCS811 sensors.,https://esphome.io/images/logo.svg,https://esphome.io/images/ccs811.jpg,article,website,https://esphome.io/components/sensor/ccs811/,https://esphome.io/components/sensor/ccs811/,summary_large_image,summary_large_image,https://esphome.io/images/logo.svg,https://esphome.io/images/ccs811.jpg,1,1,CCS811 eCO_2 and Volatile Organic Compound Sensor,CCS811 eCO_2 and Volatile Organic Compound Sensor,,,Title too long; Desc short
/components/sensor/bmp581/,BMP581 Temperature+Pressure Sensor - ESPHome - Smart Home Made Simple,69,BMP581 Temperature+Pressure Sensor - ESPHome - Smart Home Made Simple,69,Yes,Instructions for setting up BMP581 temperature and pressure sensors with ESPHome,80,Instructions for setting up BMP581 temperature and pressure sensors with ESPHome,80,Yes,https://esphome.io/components/sensor/bmp581/,,BMP581 Temperature+Pressure Sensor,BMP581 Temperature+Pressure Sensor,Instructions for setting up BMP581 temperature and pressure sensors with ESPHome,Instructions for setting up BMP581 temperature and pressure sensors with ESPHome,https://esphome.io/images/logo.svg,https://esphome.io/images/bmp581.jpg,article,website,https://esphome.io/components/sensor/bmp581/,https://esphome.io/components/sensor/bmp581/,summary_large_image,summary_large_image,https://esphome.io/images/logo.svg,https://esphome.io/images/bmp581.jpg,1,1,BMP581 Temperature+Pressure Sensor,BMP581 Temperature+Pressure Sensor,,,Title too long
/components/sensor/bmp3xx/,BMP388 / BMP390 Temperature+Pressure Sensor - ESPHome - Smart Home Made Simple,78,BMP388 / BMP390 Temperature+Pressure Sensor - ESPHome - Smart Home Made Simple,78,Yes,Instructions for setting up BMP388 or BMP390 temperature and pressure sensors with ESPHome,90,Instructions for setting up BMP388 or BMP390 temperature and pressure sensors with ESPHome,90,Yes,https://esphome.io/components/sensor/bmp3xx/,,BMP388 / BMP390 Temperature+Pressure Sensor,BMP388 / BMP390 Temperature+Pressure Sensor,Instructions for setting up BMP388 or BMP390 temperature and pressure sensors with ESPHome,Instructions for setting up BMP388 or BMP390 temperature and pressure sensors with ESPHome,https://esphome.io/images/logo.svg,https://esphome.io/images/bmp388.jpg,article,website,https://esphome.io/components/sensor/bmp3xx/,https://esphome.io/components/sensor/bmp3xx/,summary_large_image,summary_large_image,https://esphome.io/images/logo.svg,https://esphome.io/images/bmp388.jpg,1,1,BMP388 / BMP390 Temperature+Pressure Sensor,BMP388 / BMP390 Temperature+Pressure Sensor,,,Title too long
/components/sensor/bmp280/,BMP280 Temperature+Pressure Sensor - ESPHome - Smart Home Made Simple,69,BMP280 Temperature+Pressure Sensor - ESPHome - Smart Home Made Simple,69,Yes,Instructions for setting up BMP280 temperature and pressure sensors with ESPHome,80,Instructions for setting up BMP280 temperature and pressure sensors with ESPHome,80,Yes,https://esphome.io/components/sensor/bmp280/,,BMP280 Temperature+Pressure Sensor,BMP280 Temperature+Pressure Sensor,Instructions for setting up BMP280 temperature and pressure sensors with ESPHome,Instructions for setting up BMP280 temperature and pressure sensors with ESPHome,https://esphome.io/images/logo.svg,https://esphome.io/images/bmp280.jpg,article,website,https://esphome.io/components/sensor/bmp280/,https://esphome.io/components/sensor/bmp280/,summary_large_image,summary_large_image,https://esphome.io/images/logo.svg,https://esphome.io/images/bmp280.jpg,1,1,BMP280 Temperature+Pressure Sensor,BMP280 Temperature+Pressure Sensor,,,Title too long
/components/sensor/bmp085/,BMP085 Temperature+Pressure Sensor - ESPHome - Smart Home Made Simple,69,BMP085 Temperature+Pressure Sensor - ESPHome - Smart Home Made Simple,69,Yes,Instructions for setting up BMP085 temperature and temperature sensors,70,Instructions for setting up BMP085 temperature and temperature sensors,70,Yes,https://esphome.io/components/sensor/bmp085/,,BMP085 Temperature+Pressure Sensor,BMP085 Temperature+Pressure Sensor,Instructions for setting up BMP085 temperature and temperature sensors,Instructions for setting up BMP085 temperature and temperature sensors,https://esphome.io/images/logo.svg,https://esphome.io/images/bmp180.jpg,article,website,https://esphome.io/components/sensor/bmp085/,https://esphome.io/components/sensor/bmp085/,summary_large_image,summary_large_image,https://esphome.io/images/logo.svg,https://esphome.io/images/bmp180.jpg,1,1,BMP085 Temperature+Pressure Sensor,BMP085 Temperature+Pressure Sensor,,,Title too long
/components/sensor/bmi160/,BMI160 Accelerometer/Gyroscope Sensor - ESPHome - Smart Home Made Simple,72,BMI160 Accelerometer/Gyroscope Sensor - ESPHome - Smart Home Made Simple,72,Yes,Instructions for setting up BMI160 Accelerometer and Gyroscope sensors.,71,Instructions for setting up BMI160 Accelerometer and Gyroscope sensors.,71,Yes,https://esphome.io/components/sensor/bmi160/,,BMI160 Accelerometer/Gyroscope Sensor,BMI160 Accelerometer/Gyroscope Sensor,Instructions for setting up BMI160 Accelerometer and Gyroscope sensors.,Instructions for setting up BMI160 Accelerometer and Gyroscope sensors.,https://esphome.io/images/logo.svg,https://esphome.io/images/bmi160.jpg,article,website,https://esphome.io/components/sensor/bmi160/,https://esphome.io/components/sensor/bmi160/,summary_large_image,summary_large_image,https://esphome.io/images/logo.svg,https://esphome.io/images/bmi160.jpg,1,1,BMI160 Accelerometer/Gyroscope Sensor,BMI160 Accelerometer/Gyroscope Sensor,,,Title too long
/components/sensor/bme68x_bsec2/,"BME68x Temperature, Humidity, Pressure & Gas Sensor via BSEC2 - ESPHome - Smart Home Made Simple",96,"BME68x Temperature, Humidity, Pressure & Gas Sensor via BSEC2 - ESPHome - Smart Home Made Simple",96,Yes,"Instructions for setting up BME68x temperature, humidity, pressure, and gas sensors via BSEC2.",94,"Instructions for setting up BME68x temperature, humidity, pressure, and gas sensors via BSEC2.",94,Yes,https://esphome.io/components/sensor/bme68x_bsec2/,,"BME68x Temperature, Humidity, Pressure & Gas Sensor via BSEC2","BME68x Temperature, Humidity, Pressure & Gas Sensor via BSEC2","Instructions for setting up BME68x temperature, humidity, pressure, and gas sensors via BSEC2.","Instructions for setting up BME68x temperature, humidity, pressure, and gas sensors via BSEC2.",https://esphome.io/images/logo.svg,https://esphome.io/images/bme680.jpg,article,website,https://esphome.io/components/sensor/bme68x_bsec2/,https://esphome.io/components/sensor/bme68x_bsec2/,summary_large_image,summary_large_image,https://esphome.io/images/logo.svg,https://esphome.io/images/bme680.jpg,1,1,"BME68x Temperature, Humidity, Pressure & Gas Sensor via BSEC2","BME68x Temperature, Humidity, Pressure & Gas Sensor via BSEC2",,,Title too long
/components/sensor/bme680_bsec/,BME680 Temperature+Pressure+Humidity+Gas Sensor via BSEC - ESPHome - Smart Home Made Simple,91,BME680 Temperature+Pressure+Humidity+Gas Sensor via BSEC - ESPHome - Smart Home Made Simple,91,Yes,"Instructions for setting up BME680 temperature, humidity, pressure, and gas sensors via BSEC.",93,"Instructions for setting up BME680 temperature, humidity, pressure, and gas sensors via BSEC.",93,Yes,https://esphome.io/components/sensor/bme680_bsec/,,BME680 Temperature+Pressure+Humidity+Gas Sensor via BSEC,BME680 Temperature+Pressure+Humidity+Gas Sensor via BSEC,"Instructions for setting up BME680 temperature, humidity, pressure, and gas sensors via BSEC.","Instructions for setting up BME680 temperature, humidity, pressure, and gas sensors via BSEC.",https://esphome.io/images/logo.svg,https://esphome.io/images/bme680.jpg,article,website,https://esphome.io/components/sensor/bme680_bsec/,https://esphome.io/components/sensor/bme680_bsec/,summary_large_image,summary_large_image,https://esphome.io/images/logo.svg,https://esphome.io/images/bme680.jpg,1,1,BME680 Temperature+Pressure+Humidity+Gas Sensor via BSEC,BME680 Temperature+Pressure+Humidity+Gas Sensor via BSEC,,,Title too long
/components/sensor/bme680/,BME680 Temperature+Pressure+Humidity+Gas Sensor - ESPHome - Smart Home Made Simple,82,BME680 Temperature+Pressure+Humidity+Gas Sensor - ESPHome - Smart Home Made Simple,82,Yes,"Instructions for setting up BME680 temperature, humidity, pressure and gas sensors.",83,"Instructions for setting up BME680 temperature, humidity, pressure and gas sensors.",83,Yes,https://esphome.io/components/sensor/bme680/,,BME680 Temperature+Pressure+Humidity+Gas Sensor,BME680 Temperature+Pressure+Humidity+Gas Sensor,"Instructions for setting up BME680 temperature, humidity, pressure and gas sensors.","Instructions for setting up BME680 temperature, humidity, pressure and gas sensors.",https://esphome.io/images/logo.svg,https://esphome.io/images/bme680.jpg,article,website,https://esphome.io/components/sensor/bme680/,https://esphome.io/components/sensor/bme680/,summary_large_image,summary_large_image,https://esphome.io/images/logo.svg,https://esphome.io/images/bme680.jpg,1,1,BME680 Temperature+Pressure+Humidity+Gas Sensor,BME680 Temperature+Pressure+Humidity+Gas Sensor,,,Title too long
/components/sensor/bme280/,BME280 Temperature+Pressure+Humidity Sensor - ESPHome - Smart Home Made Simple,78,BME280 Temperature+Pressure+Humidity Sensor - ESPHome - Smart Home Made Simple,78,Yes,"Instructions for setting up BME280 temperature, pressure and humidity sensors",77,"Instructions for setting up BME280 temperature, pressure and humidity sensors",77,Yes,https://esphome.io/components/sensor/bme280/,,BME280 Temperature+Pressure+Humidity Sensor,BME280 Temperature+Pressure+Humidity Sensor,"Instructions for setting up BME280 temperature, pressure and humidity sensors","Instructions for setting up BME280 temperature, pressure and humidity sensors",https://esphome.io/images/logo.svg,https://esphome.io/images/bme280.jpg,article,website,https://esphome.io/components/sensor/bme280/,https://esphome.io/components/sensor/bme280/,summary_large_image,summary_large_image,https://esphome.io/images/logo.svg,https://esphome.io/images/bme280.jpg,1,1,BME280 Temperature+Pressure+Humidity Sensor,BME280 Temperature+Pressure+Humidity Sensor,,,Title too long
/components/sensor/ble_rssi/,ESP32 Bluetooth Low Energy RSSI Sensor - ESPHome - Smart Home Made Simple,73,ESP32 Bluetooth Low Energy RSSI Sensor - ESPHome - Smart Home Made Simple,73,Yes,Instructions for setting up RSSI sensors for the ESP32 BLE.,59,Instructions for setting up RSSI sensors for the ESP32 BLE.,59,Yes,https://esphome.io/components/sensor/ble_rssi/,,ESP32 Bluetooth Low Energy RSSI Sensor,ESP32 Bluetooth Low Energy RSSI Sensor,Instructions for setting up RSSI sensors for the ESP32 BLE.,Instructions for setting up RSSI sensors for the ESP32 BLE.,https://esphome.io/images/logo.svg,https://esphome.io/images/bluetooth.svg,article,website,https://esphome.io/components/sensor/ble_rssi/,https://esphome.io/components/sensor/ble_rssi/,summary_large_image,summary_large_image,https://esphome.io/images/logo.svg,https://esphome.io/images/bluetooth.svg,1,1,ESP32 Bluetooth Low Energy RSSI Sensor,ESP32 Bluetooth Low Energy RSSI Sensor,,,Title too long
/components/sensor/ble_client/,BLE Client Sensor - ESPHome - Smart Home Made Simple,52,BLE Client Sensor - ESPHome - Smart Home Made Simple,52,Yes,Fetch numeric values from BLE devices.,38,Fetch numeric values from BLE devices.,38,Yes,https://esphome.io/components/sensor/ble_client/,,BLE Client Sensor,BLE Client Sensor,Fetch numeric values from BLE devices.,Fetch numeric values from BLE devices.,https://esphome.io/images/logo.svg,https://esphome.io/images/bluetooth.svg,article,website,https://esphome.io/components/sensor/ble_client/,https://esphome.io/components/sensor/ble_client/,summary_large_image,summary_large_image,https://esphome.io/images/logo.svg,https://esphome.io/images/bluetooth.svg,1,1,BLE Client Sensor,BLE Client Sensor,,,Desc short
/components/sensor/bl0942/,Belling BL0942 Energy Monitor - ESPHome - Smart Home Made Simple,64,Belling BL0942 Energy Monitor - ESPHome - Smart Home Made Simple,64,Yes,Instructions for setting up BL0942 power monitors.,50,Instructions for setting up BL0942 power monitors.,50,Yes,https://esphome.io/components/sensor/bl0942/,,Belling BL0942 Energy Monitor,Belling BL0942 Energy Monitor,Instructions for setting up BL0942 power monitors.,Instructions for setting up BL0942 power monitors.,https://esphome.io/images/logo.svg,https://esphome.io/images/bl0942.png,article,website,https://esphome.io/components/sensor/bl0942/,https://esphome.io/components/sensor/bl0942/,summary_large_image,summary_large_image,https://esphome.io/images/logo.svg,https://esphome.io/images/bl0942.png,1,1,Belling BL0942 Energy Monitor,Belling BL0942 Energy Monitor,,,Title too long
/components/sensor/bl0940/,Belling BL0940 Energy Monitor - ESPHome - Smart Home Made Simple,64,Belling BL0940 Energy Monitor - ESPHome - Smart Home Made Simple,64,Yes,Instructions for setting up BL0940 power monitors.,50,Instructions for setting up BL0940 power monitors.,50,Yes,https://esphome.io/components/sensor/bl0940/,,Belling BL0940 Energy Monitor,Belling BL0940 Energy Monitor,Instructions for setting up BL0940 power monitors.,Instructions for setting up BL0940 power monitors.,https://esphome.io/images/logo.svg,https://esphome.io/images/bl0940.png,article,website,https://esphome.io/components/sensor/bl0940/,https://esphome.io/components/sensor/bl0940/,summary_large_image,summary_large_image,https://esphome.io/images/logo.svg,https://esphome.io/images/bl0940.png,1,1,Belling BL0940 Energy Monitor,Belling BL0940 Energy Monitor,,,Title too long
/components/sensor/bl0939/,BL0939 Power Sensor - ESPHome - Smart Home Made Simple,54,BL0939 Power Sensor - ESPHome - Smart Home Made Simple,54,Yes,Instructions for setting up BL0939 power sensors for the Sonoff Dual R3 v2,74,Instructions for setting up BL0939 power sensors for the Sonoff Dual R3 v2,74,Yes,https://esphome.io/components/sensor/bl0939/,,BL0939 Power Sensor,BL0939 Power Sensor,Instructions for setting up BL0939 power sensors for the Sonoff Dual R3 v2,Instructions for setting up BL0939 power sensors for the Sonoff Dual R3 v2,https://esphome.io/images/logo.svg,https://esphome.io/images/bl0939.png,article,website,https://esphome.io/components/sensor/bl0939/,https://esphome.io/components/sensor/bl0939/,summary_large_image,summary_large_image,https://esphome.io/images/logo.svg,https://esphome.io/images/bl0939.png,1,1,BL0939 Power Sensor,BL0939 Power Sensor,,,
/components/sensor/bl0906/,Belling BL0906 Energy Monitor - ESPHome - Smart Home Made Simple,64,Belling BL0906 Energy Monitor - ESPHome - Smart Home Made Simple,64,Yes,Instructions for setting up BL0906 energy monitor for the Athom Energy Meter,76,Instructions for setting up BL0906 energy monitor for the Athom Energy Meter,76,Yes,https://esphome.io/components/sensor/bl0906/,,Belling BL0906 Energy Monitor,Belling BL0906 Energy Monitor,Instructions for setting up BL0906 energy monitor for the Athom Energy Meter,Instructions for setting up BL0906 energy monitor for the Athom Energy Meter,https://esphome.io/images/logo.svg,https://esphome.io/images/bl0906.png,article,website,https://esphome.io/components/sensor/bl0906/,https://esphome.io/components/sensor/bl0906/,summary_large_image,summary_large_image,https://esphome.io/images/logo.svg,https://esphome.io/images/bl0906.png,1,1,Belling BL0906 Energy Monitor,Belling BL0906 Energy Monitor,,,Title too long
/components/sensor/binary_sensor_map/,Binary Sensor Map - ESPHome - Smart Home Made Simple,52,Binary Sensor Map - ESPHome - Smart Home Made Simple,52,Yes,Instructions for setting up a Binary Sensor Map,47,Instructions for setting up a Binary Sensor Map,47,Yes,https://esphome.io/components/sensor/binary_sensor_map/,,Binary Sensor Map,Binary Sensor Map,Instructions for setting up a Binary Sensor Map,Instructions for setting up a Binary Sensor Map,https://esphome.io/images/logo.svg,https://esphome.io/images/binary_sensor_map.jpg,article,website,https://esphome.io/components/sensor/binary_sensor_map/,https://esphome.io/components/sensor/binary_sensor_map/,summary_large_image,summary_large_image,https://esphome.io/images/logo.svg,https://esphome.io/images/binary_sensor_map.jpg,1,1,Binary Sensor Map,Binary Sensor Map,,,Desc short
/components/sensor/bh1900nux/,BH1900NUX Temperature Sensor - ESPHome - Smart Home Made Simple,63,BH1900NUX Temperature Sensor - ESPHome - Smart Home Made Simple,63,Yes,Instructions for setting up the Rohm Semiconductor BH1900NUX temperature sensor in ESPHome.,91,Instructions for setting up the Rohm Semiconductor BH1900NUX temperature sensor in ESPHome,90,No,https://esphome.io/components/sensor/bh1900nux/,,BH1900NUX Temperature Sensor,BH1900NUX Temperature Sensor,Instructions for setting up the Rohm Semiconductor BH1900NUX temperature sensor in ESPHome.,Instructions for setting up the Rohm Semiconductor BH1900NUX temperature sensor in ESPHome,https://esphome.io/images/logo.svg,https://esphome.io/images/bh1900nux-evk-001.png,article,website,https://esphome.io/components/sensor/bh1900nux/,https://esphome.io/components/sensor/bh1900nux/,summary_large_image,summary_large_image,https://esphome.io/images/logo.svg,https://esphome.io/images/bh1900nux-evk-001.png,1,1,BH1900NUX Temperature Sensor,BH1900NUX Temperature Sensor,,,Title too long
/components/sensor/bh1750/,BH1750 Ambient Light Sensor - ESPHome - Smart Home Made Simple,62,BH1750 Ambient Light Sensor - ESPHome - Smart Home Made Simple,62,Yes,Instructions for setting up BH1750 ambient light sensors in ESPHome.,68,Instructions for setting up BH1750 ambient light sensors in ESPHome.,68,Yes,https://esphome.io/components/sensor/bh1750/,,BH1750 Ambient Light Sensor,BH1750 Ambient Light Sensor,Instructions for setting up BH1750 ambient light sensors in ESPHome.,Instructions for setting up BH1750 ambient light sensors in ESPHome.,https://esphome.io/images/logo.svg,https://esphome.io/images/bh1750.jpg,article,website,https://esphome.io/components/sensor/bh1750/,https://esphome.io/components/sensor/bh1750/,summary_large_image,summary_large_image,https://esphome.io/images/logo.svg,https://esphome.io/images/bh1750.jpg,1,1,BH1750 Ambient Light Sensor,BH1750 Ambient Light Sensor,,,Title too long
/components/sensor/b_parasite/,b-parasite - ESPHome - Smart Home Made Simple,45,b-parasite - ESPHome - Smart Home Made Simple,45,Yes,Instructions for setting up the b-parasite soil moisture sensor in ESPHome.,75,Instructions for setting up the b-parasite soil moisture sensor in ESPHome.,75,Yes,https://esphome.io/components/sensor/b_parasite/,,b-parasite,b-parasite,Instructions for setting up the b-parasite soil moisture sensor in ESPHome.,Instructions for setting up the b-parasite soil moisture sensor in ESPHome.,https://esphome.io/images/logo.svg,https://esphome.io/images/b_parasite.jpg,article,website,https://esphome.io/components/sensor/b_parasite/,https://esphome.io/components/sensor/b_parasite/,summary_large_image,summary_large_image,https://esphome.io/images/logo.svg,https://esphome.io/images/b_parasite.jpg,1,1,b-parasite,b-parasite,,,
/components/sensor/atm90e32/,ATM90E32 Power Sensor - ESPHome - Smart Home Made Simple,56,ATM90E32 Power Sensor - ESPHome - Smart Home Made Simple,56,Yes,Instructions for setting up ATM90E32 energy metering sensors,60,Instructions for setting up ATM90E32 energy metering sensors,60,Yes,https://esphome.io/components/sensor/atm90e32/,,ATM90E32 Power Sensor,ATM90E32 Power Sensor,Instructions for setting up ATM90E32 energy metering sensors,Instructions for setting up ATM90E32 energy metering sensors,https://esphome.io/images/logo.svg,https://esphome.io/images/atm90e32.jpg,article,website,https://esphome.io/components/sensor/atm90e32/,https://esphome.io/components/sensor/atm90e32/,summary_large_image,summary_large_image,https://esphome.io/images/logo.svg,https://esphome.io/images/atm90e32.jpg,1,1,ATM90E32 Power Sensor,ATM90E32 Power Sensor,,,
/components/sensor/atm90e26/,ATM90E26 Power Sensor - ESPHome - Smart Home Made Simple,56,ATM90E26 Power Sensor - ESPHome - Smart Home Made Simple,56,Yes,Instructions for setting up ATM90E26 energy metering sensors,60,Instructions for setting up ATM90E26 energy metering sensors,60,Yes,https://esphome.io/components/sensor/atm90e26/,,ATM90E26 Power Sensor,ATM90E26 Power Sensor,Instructions for setting up ATM90E26 energy metering sensors,Instructions for setting up ATM90E26 energy metering sensors,https://esphome.io/images/logo.svg,https://esphome.io/images/atm90e26.jpg,article,website,https://esphome.io/components/sensor/atm90e26/,https://esphome.io/components/sensor/atm90e26/,summary_large_image,summary_large_image,https://esphome.io/images/logo.svg,https://esphome.io/images/atm90e26.jpg,1,1,ATM90E26 Power Sensor,ATM90E26 Power Sensor,,,
/components/sensor/as7341/,AS7341 Spectral Color Sensor - ESPHome - Smart Home Made Simple,63,AS7341 Spectral Color Sensor - ESPHome - Smart Home Made Simple,63,Yes,Instructions for setting up AS7341 spectral color sensor.,57,Instructions for setting up AS7341 spectral color sensor.,57,Yes,https://esphome.io/components/sensor/as7341/,,AS7341 Spectral Color Sensor,AS7341 Spectral Color Sensor,Instructions for setting up AS7341 spectral color sensor.,Instructions for setting up AS7341 spectral color sensor.,https://esphome.io/images/logo.svg,https://esphome.io/images/as7341.jpg,article,website,https://esphome.io/components/sensor/as7341/,https://esphome.io/components/sensor/as7341/,summary_large_image,summary_large_image,https://esphome.io/images/logo.svg,https://esphome.io/images/as7341.jpg,1,1,AS7341 Spectral Color Sensor,AS7341 Spectral Color Sensor,,,Title too long
/components/sensor/as5600/,AS5600 12-Bit Magnetic Position Sensor - ESPHome - Smart Home Made Simple,73,AS5600 12-Bit Magnetic Position Sensor - ESPHome - Smart Home Made Simple,73,Yes,Instructions for setting up AS5600 magnetic position sensor / encoder.,70,Instructions for setting up AS5600 magnetic position sensor / encoder.,70,Yes,https://esphome.io/components/sensor/as5600/,,AS5600 12-Bit Magnetic Position Sensor,AS5600 12-Bit Magnetic Position Sensor,Instructions for setting up AS5600 magnetic position sensor / encoder.,Instructions for setting up AS5600 magnetic position sensor / encoder.,https://esphome.io/images/logo.svg,https://esphome.io/images/as5600.jpg,article,website,https://esphome.io/components/sensor/as5600/,https://esphome.io/components/sensor/as5600/,summary_large_image,summary_large_image,https://esphome.io/images/logo.svg,https://esphome.io/images/as5600.jpg,1,1,AS5600 12-Bit Magnetic Position Sensor,AS5600 12-Bit Magnetic Position Sensor,,,Title too long
/components/sensor/as3935/,AMS AS3935 Franklin Lightning Sensor - ESPHome - Smart Home Made Simple,71,AMS AS3935 Franklin Lightning Sensor - ESPHome - Smart Home Made Simple,71,Yes,Instructions for setting up AS3935 lightning sensor,51,Instructions for setting up AS3935 lightning sensor,51,Yes,https://esphome.io/components/sensor/as3935/,,AMS AS3935 Franklin Lightning Sensor,AMS AS3935 Franklin Lightning Sensor,Instructions for setting up AS3935 lightning sensor,Instructions for setting up AS3935 lightning sensor,https://esphome.io/images/logo.svg,https://esphome.io/images/as3935.jpg,article,website,https://esphome.io/components/sensor/as3935/,https://esphome.io/components/sensor/as3935/,summary_large_image,summary_large_image,https://esphome.io/images/logo.svg,https://esphome.io/images/as3935.jpg,1,1,AMS AS3935 Franklin Lightning Sensor,AMS AS3935 Franklin Lightning Sensor,,,Title too long
/components/sensor/aqi/,Air Quality Index (AQI) - ESPHome - Smart Home Made Simple,58,Air Quality Index (AQI) - ESPHome - Smart Home Made Simple,58,Yes,Instructions for setting up an Air Quality Index (AQI) sensor,61,Instructions for setting up an Air Quality Index (AQI) sensor,61,Yes,https://esphome.io/components/sensor/aqi/,,Air Quality Index (AQI),Air Quality Index (AQI),Instructions for setting up an Air Quality Index (AQI) sensor,Instructions for setting up an Air Quality Index (AQI) sensor,https://esphome.io/images/logo.svg,,article,website,https://esphome.io/components/sensor/aqi/,https://esphome.io/components/sensor/aqi/,summary_large_image,summary_large_image,https://esphome.io/images/logo.svg,,1,1,Air Quality Index (AQI),Air Quality Index (AQI),,,
/components/sensor/apds9960/,APDS9960 Sensor - ESPHome - Smart Home Made Simple,50,APDS9960 Sensor - ESPHome - Smart Home Made Simple,50,Yes,Instructions for setting up APDS9960 sensors.,45,Instructions for setting up APDS9960 sensors.,45,Yes,https://esphome.io/components/sensor/apds9960/,,APDS9960 Sensor,APDS9960 Sensor,Instructions for setting up APDS9960 sensors.,Instructions for setting up APDS9960 sensors.,https://esphome.io/images/logo.svg,https://esphome.io/images/apds9960.jpg,article,website,https://esphome.io/components/sensor/apds9960/,https://esphome.io/components/sensor/apds9960/,summary_large_image,summary_large_image,https://esphome.io/images/logo.svg,https://esphome.io/images/apds9960.jpg,1,1,APDS9960 Sensor,APDS9960 Sensor,,,Desc short
/components/sensor/apds9306/,APDS9306 Sensor - ESPHome - Smart Home Made Simple,50,APDS9306 Sensor - ESPHome - Smart Home Made Simple,50,Yes,Instructions for setting up APDS9306 sensors.,45,Instructions for setting up APDS9306 sensors.,45,Yes,https://esphome.io/components/sensor/apds9306/,,APDS9306 Sensor,APDS9306 Sensor,Instructions for setting up APDS9306 sensors.,Instructions for setting up APDS9306 sensors.,https://esphome.io/images/logo.svg,https://esphome.io/images/apds9306.png,article,website,https://esphome.io/components/sensor/apds9306/,https://esphome.io/components/sensor/apds9306/,summary_large_image,summary_large_image,https://esphome.io/images/logo.svg,https://esphome.io/images/apds9306.png,1,1,APDS9306 Sensor,APDS9306 Sensor,,,Desc short
/components/sensor/am43/,AM43 Sensor - ESPHome - Smart Home Made Simple,46,AM43 Sensor - ESPHome - Smart Home Made Simple,46,Yes,Sensors on AM43/BLE covers in ESPHome.,38,Sensors on AM43/BLE covers in ESPHome.,38,Yes,https://esphome.io/components/sensor/am43/,,AM43 Sensor,AM43 Sensor,Sensors on AM43/BLE covers in ESPHome.,Sensors on AM43/BLE covers in ESPHome.,https://esphome.io/images/logo.svg,https://esphome.io/images/am43.jpg,article,website,https://esphome.io/components/sensor/am43/,https://esphome.io/components/sensor/am43/,summary_large_image,summary_large_image,https://esphome.io/images/logo.svg,https://esphome.io/images/am43.jpg,1,1,AM43 Sensor,AM43 Sensor,,,Desc short
/components/sensor/am2320/,AM2320 Temperature+Humidity Sensor - ESPHome - Smart Home Made Simple,69,AM2320 Temperature+Humidity Sensor - ESPHome - Smart Home Made Simple,69,Yes,Instructions for setting up AM2320 temperature and humidity sensors,67,Instructions for setting up AM2320 temperature and humidity sensors,67,Yes,https://esphome.io/components/sensor/am2320/,,AM2320 Temperature+Humidity Sensor,AM2320 Temperature+Humidity Sensor,Instructions for setting up AM2320 temperature and humidity sensors,Instructions for setting up AM2320 temperature and humidity sensors,https://esphome.io/images/logo.svg,https://esphome.io/images/am2320.jpg,article,website,https://esphome.io/components/sensor/am2320/,https://esphome.io/components/sensor/am2320/,summary_large_image,summary_large_image,https://esphome.io/images/logo.svg,https://esphome.io/images/am2320.jpg,1,1,AM2320 Temperature+Humidity Sensor,AM2320 Temperature+Humidity Sensor,,,Title too long
/components/sensor/am2315c/,AM2315C Temperature+Humidity Sensor - ESPHome - Smart Home Made Simple,70,AM2315C Temperature+Humidity Sensor - ESPHome - Smart Home Made Simple,70,Yes,Instructions for setting up AM2315C temperature and humidity sensors,68,Instructions for setting up AM2315C temperature and humidity sensors,68,Yes,https://esphome.io/components/sensor/am2315c/,,AM2315C Temperature+Humidity Sensor,AM2315C Temperature+Humidity Sensor,Instructions for setting up AM2315C temperature and humidity sensors,Instructions for setting up AM2315C temperature and humidity sensors,https://esphome.io/images/logo.svg,https://esphome.io/images/am2315c.jpg,article,website,https://esphome.io/components/sensor/am2315c/,https://esphome.io/components/sensor/am2315c/,summary_large_image,summary_large_image,https://esphome.io/images/logo.svg,https://esphome.io/images/am2315c.jpg,1,1,AM2315C Temperature+Humidity Sensor,AM2315C Temperature+Humidity Sensor,,,Title too long
/components/sensor/alpha3/,Grundfos Alpha3 - ESPHome - Smart Home Made Simple,50,Grundfos Alpha3 - ESPHome - Smart Home Made Simple,50,Yes,Instructions for monitoring a Grundfos Alpha3 Model B circulator pump.,70,Instructions for monitoring a Grundfos Alpha3 Model B circulator pump.,70,Yes,https://esphome.io/components/sensor/alpha3/,,Grundfos Alpha3,Grundfos Alpha3,Instructions for monitoring a Grundfos Alpha3 Model B circulator pump.,Instructions for monitoring a Grundfos Alpha3 Model B circulator pump.,https://esphome.io/images/logo.svg,https://esphome.io/images/alpha3.jpg,article,website,https://esphome.io/components/sensor/alpha3/,https://esphome.io/components/sensor/alpha3/,summary_large_image,summary_large_image,https://esphome.io/images/logo.svg,https://esphome.io/images/alpha3.jpg,1,1,Grundfos Alpha3,Grundfos Alpha3,,,
/components/sensor/airthings_ble/,AirThings BLE Sensors - ESPHome - Smart Home Made Simple,56,AirThings BLE Sensors - ESPHome - Smart Home Made Simple,56,Yes,Instructions for setting up AirThings bluetooth-based sensors in ESPHome.,73,Instructions for setting up AirThings bluetooth-based sensors in ESPHome.,73,Yes,https://esphome.io/components/sensor/airthings_ble/,,AirThings BLE Sensors,AirThings BLE Sensors,Instructions for setting up AirThings bluetooth-based sensors in ESPHome.,Instructions for setting up AirThings bluetooth-based sensors in ESPHome.,https://esphome.io/images/logo.svg,,article,website,https://esphome.io/components/sensor/airthings_ble/,https://esphome.io/components/sensor/airthings_ble/,summary_large_image,summary_large_image,https://esphome.io/images/logo.svg,,1,1,AirThings BLE Sensors,AirThings BLE Sensors,,,
/components/sensor/aht10/,AHT10 Temperature+Humidity Sensor - ESPHome - Smart Home Made Simple,68,AHT10 Temperature+Humidity Sensor - ESPHome - Smart Home Made Simple,68,Yes,Instructions for setting up AHT10 temperature and humidity sensors,66,Instructions for setting up AHT10 temperature and humidity sensors,66,Yes,https://esphome.io/components/sensor/aht10/,,AHT10 Temperature+Humidity Sensor,AHT10 Temperature+Humidity Sensor,Instructions for setting up AHT10 temperature and humidity sensors,Instructions for setting up AHT10 temperature and humidity sensors,https://esphome.io/images/logo.svg,https://esphome.io/images/aht10.jpg,article,website,https://esphome.io/components/sensor/aht10/,https://esphome.io/components/sensor/aht10/,summary_large_image,summary_large_image,https://esphome.io/images/logo.svg,https://esphome.io/images/aht10.jpg,1,1,AHT10 Temperature+Humidity Sensor,AHT10 Temperature+Humidity Sensor,,,Title too long
/components/sensor/ags10/,AGS10 Volatile Organic Compound (VOC) Sensor - ESPHome - Smart Home Made Simple,79,AGS10 Volatile Organic Compound (VOC) Sensor - ESPHome - Smart Home Made Simple,79,Yes,Instructions for setting up AGS10 VOC sensors with ESPHome,58,Instructions for setting up AGS10 VOC sensors with ESPHome,58,Yes,https://esphome.io/components/sensor/ags10/,,AGS10 Volatile Organic Compound (VOC) Sensor,AGS10 Volatile Organic Compound (VOC) Sensor,Instructions for setting up AGS10 VOC sensors with ESPHome,Instructions for setting up AGS10 VOC sensors with ESPHome,https://esphome.io/images/logo.svg,https://esphome.io/images/ags10.jpg,article,website,https://esphome.io/components/sensor/ags10/,https://esphome.io/components/sensor/ags10/,summary_large_image,summary_large_image,https://esphome.io/images/logo.svg,https://esphome.io/images/ags10.jpg,1,1,AGS10 Volatile Organic Compound (VOC) Sensor,AGS10 Volatile Organic Compound (VOC) Sensor,,,Title too long
/components/sensor/ads1118/,ADS1118 4-Channel 16-Bit A/D Converter with Internal Temperature Sensor - ESPHome - Smart Home Made Simple,106,ADS1118 4-Channel 16-Bit A/D Converter with Internal Temperature Sensor - ESPHome - Smart Home Made Simple,106,Yes,Instructions for setting up ADS1118 multiplexed analog voltage sensors.,71,Instructions for setting up ADS1118 multiplexed analog voltage sensors.,71,Yes,https://esphome.io/components/sensor/ads1118/,,ADS1118 4-Channel 16-Bit A/D Converter with Internal Temperature Sensor,ADS1118 4-Channel 16-Bit A/D Converter with Internal Temperature Sensor,Instructions for setting up ADS1118 multiplexed analog voltage sensors.,Instructions for setting up ADS1118 multiplexed analog voltage sensors.,https://esphome.io/images/logo.svg,https://esphome.io/images/ads1118.jpg,article,website,https://esphome.io/components/sensor/ads1118/,https://esphome.io/components/sensor/ads1118/,summary_large_image,summary_large_image,https://esphome.io/images/logo.svg,https://esphome.io/images/ads1118.jpg,1,1,ADS1118 4-Channel 16-Bit A/D Converter with Internal Temperature Sensor,ADS1118 4-Channel 16-Bit A/D Converter with Internal Temperature Sensor,,,Title too long
/components/sensor/ads1115/,ADS1115 4-Channel 16-Bit A/D Converter - ESPHome - Smart Home Made Simple,73,ADS1115 4-Channel 16-Bit A/D Converter - ESPHome - Smart Home Made Simple,73,Yes,Instructions for setting up ADS1115/ADS1015 multiplexed analog voltage sensors.,79,Instructions for setting up ADS1115/ADS1015 multiplexed analog voltage sensors.,79,Yes,https://esphome.io/components/sensor/ads1115/,,ADS1115 4-Channel 16-Bit A/D Converter,ADS1115 4-Channel 16-Bit A/D Converter,Instructions for setting up ADS1115/ADS1015 multiplexed analog voltage sensors.,Instructions for setting up ADS1115/ADS1015 multiplexed analog voltage sensors.,https://esphome.io/images/logo.svg,https://esphome.io/images/ads1115.jpg,article,website,https://esphome.io/components/sensor/ads1115/,https://esphome.io/components/sensor/ads1115/,summary_large_image,summary_large_image,https://esphome.io/images/logo.svg,https://esphome.io/images/ads1115.jpg,1,1,ADS1115 4-Channel 16-Bit A/D Converter,ADS1115 4-Channel 16-Bit A/D Converter,,,Title too long
/components/sensor/ade7953/,ADE7953 Power Sensor - ESPHome - Smart Home Made Simple,55,ADE7953 Power Sensor - ESPHome - Smart Home Made Simple,55,Yes,Instructions for setting up ADE7953 power sensors,49,Instructions for setting up ADE7953 power sensors,49,Yes,https://esphome.io/components/sensor/ade7953/,,ADE7953 Power Sensor,ADE7953 Power Sensor,Instructions for setting up ADE7953 power sensors,Instructions for setting up ADE7953 power sensors,https://esphome.io/images/logo.svg,https://esphome.io/images/ade7953.svg,article,website,https://esphome.io/components/sensor/ade7953/,https://esphome.io/components/sensor/ade7953/,summary_large_image,summary_large_image,https://esphome.io/images/logo.svg,https://esphome.io/images/ade7953.svg,1,1,ADE7953 Power Sensor,ADE7953 Power Sensor,,,Desc short
/components/sensor/ade7880/,ADE7880 Power Sensor - ESPHome - Smart Home Made Simple,55,ADE7880 Power Sensor - ESPHome - Smart Home Made Simple,55,Yes,Instructions for setting up ADE7880 energy metering sensors,59,Instructions for setting up ADE7880 energy metering sensors,59,Yes,https://esphome.io/components/sensor/ade7880/,,ADE7880 Power Sensor,ADE7880 Power Sensor,Instructions for setting up ADE7880 energy metering sensors,Instructions for setting up ADE7880 energy metering sensors,https://esphome.io/images/logo.svg,,article,website,https://esphome.io/components/sensor/ade7880/,https://esphome.io/components/sensor/ade7880/,summary_large_image,summary_large_image,https://esphome.io/images/logo.svg,,1,1,ADE7880 Power Sensor,ADE7880 Power Sensor,,,
/components/sensor/adc128s102/,ADC128S102 8-Channel 12-Bit A/D Converter - ESPHome - Smart Home Made Simple,76,ADC128S102 8-Channel 12-Bit A/D Converter - ESPHome - Smart Home Made Simple,76,Yes,Instructions for setting up ADC128S102 12 Bit Analog to Digital Converter in ESPHome.,85,Instructions for setting up ADC128S102 12 Bit Analog to Digital Converter in ESPHome.,85,Yes,https://esphome.io/components/sensor/adc128s102/,,ADC128S102 8-Channel 12-Bit A/D Converter,ADC128S102 8-Channel 12-Bit A/D Converter,Instructions for setting up ADC128S102 12 Bit Analog to Digital Converter in ESPHome.,Instructions for setting up ADC128S102 12 Bit Analog to Digital Converter in ESPHome.,https://esphome.io/images/logo.svg,https://esphome.io/images/adc128s102.png,article,website,https://esphome.io/components/sensor/adc128s102/,https://esphome.io/components/sensor/adc128s102/,summary_large_image,summary_large_image,https://esphome.io/images/logo.svg,https://esphome.io/images/adc128s102.png,1,1,ADC128S102 8-Channel 12-Bit A/D Converter,ADC128S102 8-Channel 12-Bit A/D Converter,,,Title too long
/components/sensor/adc/,Analog To Digital Sensor - ESPHome - Smart Home Made Simple,59,Analog To Digital Sensor - ESPHome - Smart Home Made Simple,59,Yes,Instructions for setting up built-in analog voltage sensors.,60,Instructions for setting up built-in analog voltage sensors.,60,Yes,https://esphome.io/components/sensor/adc/,,Analog To Digital Sensor,Analog To Digital Sensor,Instructions for setting up built-in analog voltage sensors.,Instructions for setting up built-in analog voltage sensors.,https://esphome.io/images/logo.svg,https://esphome.io/images/flash.svg,article,website,https://esphome.io/components/sensor/adc/,https://esphome.io/components/sensor/adc/,summary_large_image,summary_large_image,https://esphome.io/images/logo.svg,https://esphome.io/images/flash.svg,1,1,Analog To Digital Sensor,Analog To Digital Sensor,,,
/components/sensor/absolute_humidity/,Absolute Humidity - ESPHome - Smart Home Made Simple,52,Absolute Humidity - ESPHome - Smart Home Made Simple,52,Yes,Instructions for setting up absolute humidity calculation,57,Instructions for setting up absolute humidity calculation,57,Yes,https://esphome.io/components/sensor/absolute_humidity/,,Absolute Humidity,Absolute Humidity,Instructions for setting up absolute humidity calculation,Instructions for setting up absolute humidity calculation,https://esphome.io/images/logo.svg,https://esphome.io/images/water-drop.svg,article,website,https://esphome.io/components/sensor/absolute_humidity/,https://esphome.io/components/sensor/absolute_humidity/,summary_large_image,summary_large_image,https://esphome.io/images/logo.svg,https://esphome.io/images/water-drop.svg,1,1,Absolute Humidity,Absolute Humidity,,,
/components/sensor/a02yyuw/,A02YYUW Waterproof Ultrasonic Sensor - ESPHome - Smart Home Made Simple,71,A02YYUW Waterproof Ultrasonic Sensor - ESPHome - Smart Home Made Simple,71,Yes,Instructions for setting up A02YYUW waterproof ultrasonic distance sensor in ESPHome.,85,Instructions for setting up A02YYUW waterproof ultrasonic distance sensor in ESPHome.,85,Yes,https://esphome.io/components/sensor/a02yyuw/,,A02YYUW Waterproof Ultrasonic Sensor,A02YYUW Waterproof Ultrasonic Sensor,Instructions for setting up A02YYUW waterproof ultrasonic distance sensor in ESPHome.,Instructions for setting up A02YYUW waterproof ultrasonic distance sensor in ESPHome.,https://esphome.io/images/logo.svg,https://esphome.io/images/a02yyuw.jpg,article,website,https://esphome.io/components/sensor/a02yyuw/,https://esphome.io/components/sensor/a02yyuw/,summary_large_image,summary_large_image,https://esphome.io/images/logo.svg,https://esphome.io/images/a02yyuw.jpg,1,1,A02YYUW Waterproof Ultrasonic Sensor,A02YYUW Waterproof Ultrasonic Sensor,,,Title too long
/components/sensor/a01nyub/,A01NYUB Waterproof Ultrasonic Sensor - ESPHome - Smart Home Made Simple,71,A01NYUB Waterproof Ultrasonic Sensor - ESPHome - Smart Home Made Simple,71,Yes,Instructions for setting up A01NYUB waterproof ultrasonic distance sensor in ESPHome.,85,Instructions for setting up A01NYUB waterproof ultrasonic distance sensor in ESPHome.,85,Yes,https://esphome.io/components/sensor/a01nyub/,,A01NYUB Waterproof Ultrasonic Sensor,A01NYUB Waterproof Ultrasonic Sensor,Instructions for setting up A01NYUB waterproof ultrasonic distance sensor in ESPHome.,Instructions for setting up A01NYUB waterproof ultrasonic distance sensor in ESPHome.,https://esphome.io/images/logo.svg,https://esphome.io/images/a01nyub.jpg,article,website,https://esphome.io/components/sensor/a01nyub/,https://esphome.io/components/sensor/a01nyub/,summary_large_image,summary_large_image,https://esphome.io/images/logo.svg,https://esphome.io/images/a01nyub.jpg,1,1,A01NYUB Waterproof Ultrasonic Sensor,A01NYUB Waterproof Ultrasonic Sensor,,,Title too long
/components/select/,Select Component - ESPHome - Smart Home Made Simple,51,Select Component - ESPHome - Smart Home Made Simple,51,Yes,Instructions for setting up select components in ESPHome.,57,Instructions for setting up select components in ESPHome.,57,Yes,https://esphome.io/components/select/,,Select Component,Select Component,Instructions for setting up select components in ESPHome.,Instructions for setting up select components in ESPHome.,https://esphome.io/images/logo.svg,https://esphome.io/images/folder-open.svg,article,website,https://esphome.io/components/select/,https://esphome.io/components/select/,summary_large_image,summary_large_image,https://esphome.io/images/logo.svg,https://esphome.io/images/folder-open.svg,1,1,Select Component,Select Component,,,
/components/select/tuya/,Tuya Select - ESPHome - Smart Home Made Simple,46,Tuya Select - ESPHome - Smart Home Made Simple,46,Yes,Instructions for setting up a Tuya device select.,49,Instructions for setting up a Tuya device select.,49,Yes,https://esphome.io/components/select/tuya/,,Tuya Select,Tuya Select,Instructions for setting up a Tuya device select.,Instructions for setting up a Tuya device select.,https://esphome.io/images/logo.svg,https://esphome.io/images/tuya.png,article,website,https://esphome.io/components/select/tuya/,https://esphome.io/components/select/tuya/,summary_large_image,summary_large_image,https://esphome.io/images/logo.svg,https://esphome.io/images/tuya.png,1,1,Tuya Select,Tuya Select,,,Desc short
/components/select/template/,Template Select - ESPHome - Smart Home Made Simple,50,Template Select - ESPHome - Smart Home Made Simple,50,Yes,Instructions for setting up Template Select(s) with ESPHome.,60,Instructions for setting up Template Select(s) with ESPHome.,60,Yes,https://esphome.io/components/select/template/,,Template Select,Template Select,Instructions for setting up Template Select(s) with ESPHome.,Instructions for setting up Template Select(s) with ESPHome.,https://esphome.io/images/logo.svg,https://esphome.io/images/description.svg,article,website,https://esphome.io/components/select/template/,https://esphome.io/components/select/template/,summary_large_image,summary_large_image,https://esphome.io/images/logo.svg,https://esphome.io/images/description.svg,1,1,Template Select,Template Select,,,
/components/select/modbus_controller/,Modbus Controller Select - ESPHome - Smart Home Made Simple,59,Modbus Controller Select - ESPHome - Smart Home Made Simple,59,Yes,Instructions for setting up Modbus Controller Select(s) with ESPHome.,69,Instructions for setting up Modbus Controller Select(s) with ESPHome.,69,Yes,https://esphome.io/components/select/modbus_controller/,,Modbus Controller Select,Modbus Controller Select,Instructions for setting up Modbus Controller Select(s) with ESPHome.,Instructions for setting up Modbus Controller Select(s) with ESPHome.,https://esphome.io/images/logo.svg,,article,website,https://esphome.io/components/select/modbus_controller/,https://esphome.io/components/select/modbus_controller/,summary_large_image,summary_large_image,https://esphome.io/images/logo.svg,,1,1,Modbus Controller Select,Modbus Controller Select,,,
/components/select/lvgl/,LVGL Select - ESPHome - Smart Home Made Simple,46,LVGL Select - ESPHome - Smart Home Made Simple,46,Yes,Instructions for setting up an LVGL widget select.,50,Instructions for setting up an LVGL widget select.,50,Yes,https://esphome.io/components/select/lvgl/,,LVGL Select,LVGL Select,Instructions for setting up an LVGL widget select.,Instructions for setting up an LVGL widget select.,https://esphome.io/images/logo.svg,https://esphome.io/images/lvgl_c_sel.png,article,website,https://esphome.io/components/select/lvgl/,https://esphome.io/components/select/lvgl/,summary_large_image,summary_large_image,https://esphome.io/images/logo.svg,https://esphome.io/images/lvgl_c_sel.png,1,1,LVGL Select,LVGL Select,,,
/components/select/logger/,Logger Select - ESPHome - Smart Home Made Simple,48,Logger Select - ESPHome - Smart Home Made Simple,48,Yes,Instructions for setting up a logger select in ESPHome.,55,Instructions for setting up a logger select in ESPHome.,55,Yes,https://esphome.io/components/select/logger/,,Logger Select,Logger Select,Instructions for setting up a logger select in ESPHome.,Instructions for setting up a logger select in ESPHome.,https://esphome.io/images/logo.svg,https://esphome.io/images/description.svg,article,website,https://esphome.io/components/select/logger/,https://esphome.io/components/select/logger/,summary_large_image,summary_large_image,https://esphome.io/images/logo.svg,https://esphome.io/images/description.svg,1,1,Logger Select,Logger Select,,,
/components/seeed_mr60fda2/,Seeed Studio MR60FDA2 60GHz mmWave Fall Detection Sensor Kit - ESPHome - Smart Home Made Simple,95,Seeed Studio MR60FDA2 60GHz mmWave Fall Detection Sensor Kit - ESPHome - Smart Home Made Simple,95,Yes,Instructions for setting up Seeed Studio MR60FDA2 60GHz mmWave Fall Detection Sensor Kit.,89,Instructions for setting up Seeed Studio MR60FDA2 60GHz mmWave Fall Detection Sensor Kit.,89,Yes,https://esphome.io/components/seeed_mr60fda2/,,Seeed Studio MR60FDA2 60GHz mmWave Fall Detection Sensor Kit,Seeed Studio MR60FDA2 60GHz mmWave Fall Detection Sensor Kit,Instructions for setting up Seeed Studio MR60FDA2 60GHz mmWave Fall Detection Sensor Kit.,Instructions for setting up Seeed Studio MR60FDA2 60GHz mmWave Fall Detection Sensor Kit.,https://esphome.io/images/logo.svg,https://esphome.io/images/seeed_mr60fda2.jpg,article,website,https://esphome.io/components/seeed_mr60fda2/,https://esphome.io/components/seeed_mr60fda2/,summary_large_image,summary_large_image,https://esphome.io/images/logo.svg,https://esphome.io/images/seeed_mr60fda2.jpg,1,1,Seeed Studio MR60FDA2 60GHz mmWave Fall Detection Sensor Kit,Seeed Studio MR60FDA2 60GHz mmWave Fall Detection Sensor Kit,,,Title too long
/components/seeed_mr60bha2/,Seeed Studio MR60BHA2 60GHz mmWave Breathing and Heartbeat Detection Sensor Kit - ESPHome - Smart Home Made Simple,114,Seeed Studio MR60BHA2 60GHz mmWave Breathing and Heartbeat Detection Sensor Kit - ESPHome - Smart Home Made Simple,114,Yes,Instructions for setting up Seeed Studio MR60BHA2 60GHz mmWave Breathing and Heartbeat Detection Sensor Kit.,108,Instructions for setting up Seeed Studio MR60BHA2 60GHz mmWave Breathing and Heartbeat Detection Sensor Kit.,108,Yes,https://esphome.io/components/seeed_mr60bha2/,,Seeed Studio MR60BHA2 60GHz mmWave Breathing and Heartbeat Detection Sensor Kit,Seeed Studio MR60BHA2 60GHz mmWave Breathing and Heartbeat Detection Sensor Kit,Instructions for setting up Seeed Studio MR60BHA2 60GHz mmWave Breathing and Heartbeat Detection Sensor Kit.,Instructions for setting up Seeed Studio MR60BHA2 60GHz mmWave Breathing and Heartbeat Detection Sensor Kit.,https://esphome.io/images/logo.svg,https://esphome.io/images/seeed_mr60bha2.jpg,article,website,https://esphome.io/components/seeed_mr60bha2/,https://esphome.io/components/seeed_mr60bha2/,summary_large_image,summary_large_image,https://esphome.io/images/logo.svg,https://esphome.io/images/seeed_mr60bha2.jpg,1,1,Seeed Studio MR60BHA2 60GHz mmWave Breathing and Heartbeat Detection Sensor Kit,Seeed Studio MR60BHA2 60GHz mmWave Breathing and Heartbeat Detection Sensor Kit,,,Title too long
/components/seeed_mr24hpc1/,Seeed Studio MR24HPC1 mmWave (Kit) - ESPHome - Smart Home Made Simple,69,Seeed Studio MR24HPC1 mmWave (Kit) - ESPHome - Smart Home Made Simple,69,Yes,Instructions for setting up MR24HPC1 mmWave (Kit).,50,Instructions for setting up MR24HPC1 mmWave (Kit).,50,Yes,https://esphome.io/components/seeed_mr24hpc1/,,Seeed Studio MR24HPC1 mmWave (Kit),Seeed Studio MR24HPC1 mmWave (Kit),Instructions for setting up MR24HPC1 mmWave (Kit).,Instructions for setting up MR24HPC1 mmWave (Kit).,https://esphome.io/images/logo.svg,https://esphome.io/images/seeed-mr24hpc1.jpg,article,website,https://esphome.io/components/seeed_mr24hpc1/,https://esphome.io/components/seeed_mr24hpc1/,summary_large_image,summary_large_image,https://esphome.io/images/logo.svg,https://esphome.io/images/seeed-mr24hpc1.jpg,1,1,Seeed Studio MR24HPC1 mmWave (Kit),Seeed Studio MR24HPC1 mmWave (Kit),,,Title too long
/components/script/,Script Component - ESPHome - Smart Home Made Simple,51,Script Component - ESPHome - Smart Home Made Simple,51,Yes,Script Component,16,,,No,https://esphome.io/components/script/,,Script Component,Script Component,Script Component,,https://esphome.io/images/logo.svg,,article,website,https://esphome.io/components/script/,https://esphome.io/components/script/,summary_large_image,summary_large_image,https://esphome.io/images/logo.svg,,1,1,Script Component,Script Component,,,Desc short
/components/safe_mode/,Safe Mode - ESPHome - Smart Home Made Simple,44,Safe Mode - ESPHome - Smart Home Made Simple,44,Yes,Instructions for setting up ESPHome's Safe Mode to help recover from repeated boot failures.,92,Instructions for setting up ESPHome's Safe Mode to help recover from repeated boot failures.,92,Yes,https://esphome.io/components/safe_mode/,,Safe Mode,Safe Mode,Instructions for setting up ESPHome's Safe Mode to help recover from repeated boot failures.,Instructions for setting up ESPHome's Safe Mode to help recover from repeated boot failures.,https://esphome.io/images/logo.svg,https://esphome.io/images/system-update.svg,article,website,https://esphome.io/components/safe_mode/,https://esphome.io/components/safe_mode/,summary_large_image,summary_large_image,https://esphome.io/images/logo.svg,https://esphome.io/images/system-update.svg,1,1,Safe Mode,Safe Mode,,,
/components/runtime_stats/,Runtime Statistics - ESPHome - Smart Home Made Simple,53,Runtime Statistics - ESPHome - Smart Home Made Simple,53,Yes,Instructions for setting up the runtime statistics component to analyze component performance in ESPHome.,105,Instructions for setting up the runtime statistics component to analyze component performance in ESPHome.,105,Yes,https://esphome.io/components/runtime_stats/,,Runtime Statistics,Runtime Statistics,Instructions for setting up the runtime statistics component to analyze component performance in ESPHome.,Instructions for setting up the runtime statistics component to analyze component performance in ESPHome.,https://esphome.io/images/logo.svg,https://esphome.io/images/chart-line.svg,article,website,https://esphome.io/components/runtime_stats/,https://esphome.io/components/runtime_stats/,summary_large_image,summary_large_image,https://esphome.io/images/logo.svg,https://esphome.io/images/chart-line.svg,1,1,Runtime Statistics,Runtime Statistics,,,
/components/rtttl/,RTTTL Buzzer - ESPHome - Smart Home Made Simple,47,RTTTL Buzzer - ESPHome - Smart Home Made Simple,47,Yes,Instructions for setting up a buzzer to play tones and RTTTL songs with ESPHome.,80,Instructions for setting up a buzzer to play tones and RTTTL songs with ESPHome.,80,Yes,https://esphome.io/components/rtttl/,,RTTTL Buzzer,RTTTL Buzzer,Instructions for setting up a buzzer to play tones and RTTTL songs with ESPHome.,Instructions for setting up a buzzer to play tones and RTTTL songs with ESPHome.,https://esphome.io/images/logo.svg,https://esphome.io/images/buzzer.jpg,article,website,https://esphome.io/components/rtttl/,https://esphome.io/components/rtttl/,summary_large_image,summary_large_image,https://esphome.io/images/logo.svg,https://esphome.io/images/buzzer.jpg,1,1,RTTTL Buzzer,RTTTL Buzzer,,,
/components/rp2040/,RP2040 Platform - ESPHome - Smart Home Made Simple,50,RP2040 Platform - ESPHome - Smart Home Made Simple,50,Yes,Configuration for the RP2040 platform for ESPHome.,50,Configuration for the RP2040 platform for ESPHome.,50,Yes,https://esphome.io/components/rp2040/,,RP2040 Platform,RP2040 Platform,Configuration for the RP2040 platform for ESPHome.,Configuration for the RP2040 platform for ESPHome.,https://esphome.io/images/logo.svg,https://esphome.io/images/rp2040.svg,article,website,https://esphome.io/components/rp2040/,https://esphome.io/components/rp2040/,summary_large_image,summary_large_image,https://esphome.io/images/logo.svg,https://esphome.io/images/rp2040.svg,1,1,RP2040 Platform,RP2040 Platform,,,
/components/rf_bridge/,RF Bridge Component - ESPHome - Smart Home Made Simple,54,RF Bridge Component - ESPHome - Smart Home Made Simple,54,Yes,Instructions for setting up the RF Bridge in ESPHome.,53,Instructions for setting up the RF Bridge in ESPHome.,53,Yes,https://esphome.io/components/rf_bridge/,,RF Bridge Component,RF Bridge Component,Instructions for setting up the RF Bridge in ESPHome.,Instructions for setting up the RF Bridge in ESPHome.,https://esphome.io/images/logo.svg,https://esphome.io/images/rf_bridge.jpg,article,website,https://esphome.io/components/rf_bridge/,https://esphome.io/components/rf_bridge/,summary_large_image,summary_large_image,https://esphome.io/images/logo.svg,https://esphome.io/images/rf_bridge.jpg,1,1,RF Bridge Component,RF Bridge Component,,,
/components/remote_transmitter/,Remote Transmitter - ESPHome - Smart Home Made Simple,53,Remote Transmitter - ESPHome - Smart Home Made Simple,53,Yes,Instructions for setting up configurations that send out pre-defined sequences of IR or RF signals,98,Instructions for setting up configurations that send out pre-defined sequences of IR or RF signals,98,Yes,https://esphome.io/components/remote_transmitter/,,Remote Transmitter,Remote Transmitter,Instructions for setting up configurations that send out pre-defined sequences of IR or RF signals,Instructions for setting up configurations that send out pre-defined sequences of IR or RF signals,https://esphome.io/images/logo.svg,https://esphome.io/images/remote.svg,article,website,https://esphome.io/components/remote_transmitter/,https://esphome.io/components/remote_transmitter/,summary_large_image,summary_large_image,https://esphome.io/images/logo.svg,https://esphome.io/images/remote.svg,1,1,Remote Transmitter,Remote Transmitter,,,
/components/remote_receiver/,Remote Receiver - ESPHome - Smart Home Made Simple,50,Remote Receiver - ESPHome - Smart Home Made Simple,50,Yes,Instructions for setting up remote receiver binary sensors for infrared and RF codes.,85,Instructions for setting up remote receiver binary sensors for infrared and RF codes.,85,Yes,https://esphome.io/components/remote_receiver/,,Remote Receiver,Remote Receiver,Instructions for setting up remote receiver binary sensors for infrared and RF codes.,Instructions for setting up remote receiver binary sensors for infrared and RF codes.,https://esphome.io/images/logo.svg,https://esphome.io/images/remote.svg,article,website,https://esphome.io/components/remote_receiver/,https://esphome.io/components/remote_receiver/,summary_large_image,summary_large_image,https://esphome.io/images/logo.svg,https://esphome.io/images/remote.svg,1,1,Remote Receiver,Remote Receiver,,,
/components/qr_code/,QR Code Component - ESPHome - Smart Home Made Simple,52,QR Code Component - ESPHome - Smart Home Made Simple,52,Yes,Instructions for displaying a QR Code in ESPHome,48,Instructions for displaying a QR Code in ESPHome,48,Yes,https://esphome.io/components/qr_code/,,QR Code Component,QR Code Component,Instructions for displaying a QR Code in ESPHome,Instructions for displaying a QR Code in ESPHome,https://esphome.io/images/logo.svg,https://esphome.io/images/qr-code.svg,article,website,https://esphome.io/components/qr_code/,https://esphome.io/components/qr_code/,summary_large_image,summary_large_image,https://esphome.io/images/logo.svg,https://esphome.io/images/qr-code.svg,1,1,QR Code Component,QR Code Component,,,Desc short
/components/pylontech/,Pylontech Battery - ESPHome - Smart Home Made Simple,52,Pylontech Battery - ESPHome - Smart Home Made Simple,52,Yes,Instructions for setting up Pylontech Battery in ESPHome.,57,Instructions for setting up Pylontech Battery in ESPHome.,57,Yes,https://esphome.io/components/pylontech/,,Pylontech Battery,Pylontech Battery,Instructions for setting up Pylontech Battery in ESPHome.,Instructions for setting up Pylontech Battery in ESPHome.,https://esphome.io/images/logo.svg,https://esphome.io/images/pylontech.jpg,article,website,https://esphome.io/components/pylontech/,https://esphome.io/components/pylontech/,summary_large_image,summary_large_image,https://esphome.io/images/logo.svg,https://esphome.io/images/pylontech.jpg,1,1,Pylontech Battery,Pylontech Battery,,,
/components/psram/,PSRAM - ESPHome - Smart Home Made Simple,40,PSRAM - ESPHome - Smart Home Made Simple,40,Yes,Configuration for the ESP32 PSRAM platform for ESPHome.,55,Configuration for the ESP32 PSRAM platform for ESPHome.,55,Yes,https://esphome.io/components/psram/,,PSRAM,PSRAM,Configuration for the ESP32 PSRAM platform for ESPHome.,Configuration for the ESP32 PSRAM platform for ESPHome.,https://esphome.io/images/logo.svg,https://esphome.io/images/psram.svg,article,website,https://esphome.io/components/psram/,https://esphome.io/components/psram/,summary_large_image,summary_large_image,https://esphome.io/images/logo.svg,https://esphome.io/images/psram.svg,1,1,PSRAM,PSRAM,,,
/components/prometheus/,Prometheus Component - ESPHome - Smart Home Made Simple,55,Prometheus Component - ESPHome - Smart Home Made Simple,55,Yes,Instructions for setting up a prometheus exporter with ESPHome.,63,Instructions for setting up a prometheus exporter with ESPHome.,63,Yes,https://esphome.io/components/prometheus/,,Prometheus Component,Prometheus Component,Instructions for setting up a prometheus exporter with ESPHome.,Instructions for setting up a prometheus exporter with ESPHome.,https://esphome.io/images/logo.svg,https://esphome.io/images/prometheus.svg,article,website,https://esphome.io/components/prometheus/,https://esphome.io/components/prometheus/,summary_large_image,summary_large_image,https://esphome.io/images/logo.svg,https://esphome.io/images/prometheus.svg,1,1,Prometheus Component,Prometheus Component,,,
/components/power_supply/,Power Supply Component - ESPHome - Smart Home Made Simple,57,Power Supply Component - ESPHome - Smart Home Made Simple,57,Yes,Instructions for setting up power supplies which will automatically turn on together with outputs.,98,Instructions for setting up power supplies which will automatically turn on together with outputs.,98,Yes,https://esphome.io/components/power_supply/,,Power Supply Component,Power Supply Component,Instructions for setting up power supplies which will automatically turn on together with outputs.,Instructions for setting up power supplies which will automatically turn on together with outputs.,https://esphome.io/images/logo.svg,https://esphome.io/images/power.svg,article,website,https://esphome.io/components/power_supply/,https://esphome.io/components/power_supply/,summary_large_image,summary_large_image,https://esphome.io/images/logo.svg,https://esphome.io/images/power.svg,1,1,Power Supply Component,Power Supply Component,,,
/components/pn7160/,PN7160 NFC - ESPHome - Smart Home Made Simple,45,PN7160 NFC - ESPHome - Smart Home Made Simple,45,Yes,Instructions for setting up PN7160 NFC tag readers and tags in ESPHome,70,Instructions for setting up PN7160 NFC tag readers and tags in ESPHome,70,Yes,https://esphome.io/components/pn7160/,,PN7160 NFC,PN7160 NFC,Instructions for setting up PN7160 NFC tag readers and tags in ESPHome,Instructions for setting up PN7160 NFC tag readers and tags in ESPHome,https://esphome.io/images/logo.svg,https://esphome.io/images/pn716x.jpg,article,website,https://esphome.io/components/pn7160/,https://esphome.io/components/pn7160/,summary_large_image,summary_large_image,https://esphome.io/images/logo.svg,https://esphome.io/images/pn716x.jpg,1,1,PN7160 NFC,PN7160 NFC,,,
/components/pn7150/,PN7150 NFC - ESPHome - Smart Home Made Simple,45,PN7150 NFC - ESPHome - Smart Home Made Simple,45,Yes,Instructions for setting up PN7150 NFC tag readers and tags in ESPHome,70,Instructions for setting up PN7150 NFC tag readers and tags in ESPHome,70,Yes,https://esphome.io/components/pn7150/,,PN7150 NFC,PN7150 NFC,Instructions for setting up PN7150 NFC tag readers and tags in ESPHome,Instructions for setting up PN7150 NFC tag readers and tags in ESPHome,https://esphome.io/images/logo.svg,https://esphome.io/images/pn7150.jpg,article,website,https://esphome.io/components/pn7150/,https://esphome.io/components/pn7150/,summary_large_image,summary_large_image,https://esphome.io/images/logo.svg,https://esphome.io/images/pn7150.jpg,1,1,PN7150 NFC,PN7150 NFC,,,
/components/pipsolar/,PipSolar PV Inverter - ESPHome - Smart Home Made Simple,55,PipSolar PV Inverter - ESPHome - Smart Home Made Simple,55,Yes,Instructions for setting up PipSolar Compatible PV Inverter in ESPHome.,71,Instructions for setting up PipSolar Compatible PV Inverter in ESPHome.,71,Yes,https://esphome.io/components/pipsolar/,,PipSolar PV Inverter,PipSolar PV Inverter,Instructions for setting up PipSolar Compatible PV Inverter in ESPHome.,Instructions for setting up PipSolar Compatible PV Inverter in ESPHome.,https://esphome.io/images/logo.svg,https://esphome.io/images/pipsolar.jpg,article,website,https://esphome.io/components/pipsolar/,https://esphome.io/components/pipsolar/,summary_large_image,summary_large_image,https://esphome.io/images/logo.svg,https://esphome.io/images/pipsolar.jpg,1,1,PipSolar PV Inverter,PipSolar PV Inverter,,,
/components/pi4ioe5v6408/,PI4IOE5V6408 8-Bit I2C I/O Expander - ESPHome - Smart Home Made Simple,70,PI4IOE5V6408 8-Bit I2C I/O Expander - ESPHome - Smart Home Made Simple,70,Yes,Instructions for setting up PI4IOE5V6408 8-bit I2C I/O expander in ESPHome.,75,Instructions for setting up PI4IOE5V6408 8-bit I2C I/O expander in ESPHome.,75,Yes,https://esphome.io/components/pi4ioe5v6408/,,PI4IOE5V6408 8-Bit I2C I/O Expander,PI4IOE5V6408 8-Bit I2C I/O Expander,Instructions for setting up PI4IOE5V6408 8-bit I2C I/O expander in ESPHome.,Instructions for setting up PI4IOE5V6408 8-bit I2C I/O expander in ESPHome.,https://esphome.io/images/logo.svg,,article,website,https://esphome.io/components/pi4ioe5v6408/,https://esphome.io/components/pi4ioe5v6408/,summary_large_image,summary_large_image,https://esphome.io/images/logo.svg,,1,1,PI4IOE5V6408 8-Bit I2C I/O Expander,PI4IOE5V6408 8-Bit I2C I/O Expander,,,Title too long
/components/pcf8574/,PCF8574 I/O Expander - ESPHome - Smart Home Made Simple,55,PCF8574 I/O Expander - ESPHome - Smart Home Made Simple,55,Yes,Instructions for setting up PCF8574 digital port expanders in ESPHome.,70,Instructions for setting up PCF8574 digital port expanders in ESPHome.,70,Yes,https://esphome.io/components/pcf8574/,,PCF8574 I/O Expander,PCF8574 I/O Expander,Instructions for setting up PCF8574 digital port expanders in ESPHome.,Instructions for setting up PCF8574 digital port expanders in ESPHome.,https://esphome.io/images/logo.svg,https://esphome.io/images/pcf8574.jpg,article,website,https://esphome.io/components/pcf8574/,https://esphome.io/components/pcf8574/,summary_large_image,summary_large_image,https://esphome.io/images/logo.svg,https://esphome.io/images/pcf8574.jpg,1,1,PCF8574 I/O Expander,PCF8574 I/O Expander,,,
/components/pca9554/,PCA9554 I/O Expander - ESPHome - Smart Home Made Simple,55,PCA9554 I/O Expander - ESPHome - Smart Home Made Simple,55,Yes,"Instructions for setting up PCA9554, PCA9554A, PCA9536 digital port expanders in ESPHome.",89,"Instructions for setting up PCA9554, PCA9554A, PCA9536 digital port expanders in ESPHome.",89,Yes,https://esphome.io/components/pca9554/,,PCA9554 I/O Expander,PCA9554 I/O Expander,"Instructions for setting up PCA9554, PCA9554A, PCA9536 digital port expanders in ESPHome.","Instructions for setting up PCA9554, PCA9554A, PCA9536 digital port expanders in ESPHome.",https://esphome.io/images/logo.svg,https://esphome.io/images/pca9554a.jpg,article,website,https://esphome.io/components/pca9554/,https://esphome.io/components/pca9554/,summary_large_image,summary_large_image,https://esphome.io/images/logo.svg,https://esphome.io/images/pca9554a.jpg,1,1,PCA9554 I/O Expander,PCA9554 I/O Expander,,,
/components/pca6416a/,PCA6416A I/O Expander - ESPHome - Smart Home Made Simple,56,PCA6416A I/O Expander - ESPHome - Smart Home Made Simple,56,Yes,"Instructions for setting up PCA6416A and PCAL6416A, digital port expanders in ESPHome.",86,"Instructions for setting up PCA6416A and PCAL6416A, digital port expanders in ESPHome.",86,Yes,https://esphome.io/components/pca6416a/,,PCA6416A I/O Expander,PCA6416A I/O Expander,"Instructions for setting up PCA6416A and PCAL6416A, digital port expanders in ESPHome.","Instructions for setting up PCA6416A and PCAL6416A, digital port expanders in ESPHome.",https://esphome.io/images/logo.svg,https://esphome.io/images/pca6416a.svg,article,website,https://esphome.io/components/pca6416a/,https://esphome.io/components/pca6416a/,summary_large_image,summary_large_image,https://esphome.io/images/logo.svg,https://esphome.io/images/pca6416a.svg,1,1,PCA6416A I/O Expander,PCA6416A I/O Expander,,,
/components/packet_transport/,Packet Transport Component - ESPHome - Smart Home Made Simple,61,Packet Transport Component - ESPHome - Smart Home Made Simple,61,Yes,Instructions for setting up a packet transport component on ESPHome,67,Instructions for setting up a packet transport component on ESPHome,67,Yes,https://esphome.io/components/packet_transport/,,Packet Transport Component,Packet Transport Component,Instructions for setting up a packet transport component on ESPHome,Instructions for setting up a packet transport component on ESPHome,https://esphome.io/images/logo.svg,https://esphome.io/images/packet_transport.svg,article,website,https://esphome.io/components/packet_transport/,https://esphome.io/components/packet_transport/,summary_large_image,summary_large_image,https://esphome.io/images/logo.svg,https://esphome.io/images/packet_transport.svg,1,1,Packet Transport Component,Packet Transport Component,,,Title too long
/components/packet_transport/udp/,UDP Packet Transport Platform - ESPHome - Smart Home Made Simple,64,UDP Packet Transport Platform - ESPHome - Smart Home Made Simple,64,Yes,Instructions for setting up a udp packet transport platform on ESPHome,70,Instructions for setting up a udp packet transport platform on ESPHome,70,Yes,https://esphome.io/components/packet_transport/udp/,,UDP Packet Transport Platform,UDP Packet Transport Platform,Instructions for setting up a udp packet transport platform on ESPHome,Instructions for setting up a udp packet transport platform on ESPHome,https://esphome.io/images/logo.svg,https://esphome.io/images/udp.svg,article,website,https://esphome.io/components/packet_transport/udp/,https://esphome.io/components/packet_transport/udp/,summary_large_image,summary_large_image,https://esphome.io/images/logo.svg,https://esphome.io/images/udp.svg,1,1,UDP Packet Transport Platform,UDP Packet Transport Platform,,,Title too long
/components/packet_transport/uart/,UART Packet Transport Platform - ESPHome - Smart Home Made Simple,65,UART Packet Transport Platform - ESPHome - Smart Home Made Simple,65,Yes,Instructions for setting up a UART packet transport platform on ESPHome,71,Instructions for setting up a UART packet transport platform on ESPHome,71,Yes,https://esphome.io/components/packet_transport/uart/,,UART Packet Transport Platform,UART Packet Transport Platform,Instructions for setting up a UART packet transport platform on ESPHome,Instructions for setting up a UART packet transport platform on ESPHome,https://esphome.io/images/logo.svg,https://esphome.io/images/uart.svg,article,website,https://esphome.io/components/packet_transport/uart/,https://esphome.io/components/packet_transport/uart/,summary_large_image,summary_large_image,https://esphome.io/images/logo.svg,https://esphome.io/images/uart.svg,1,1,UART Packet Transport Platform,UART Packet Transport Platform,,,Title too long
/components/packet_transport/sx127x/,SX127x Packet Transport Platform - ESPHome - Smart Home Made Simple,67,SX127x Packet Transport Platform - ESPHome - Smart Home Made Simple,67,Yes,Instructions for setting up a sx127x packet transport platform on ESPHome,73,Instructions for setting up a sx127x packet transport platform on ESPHome,73,Yes,https://esphome.io/components/packet_transport/sx127x/,,SX127x Packet Transport Platform,SX127x Packet Transport Platform,Instructions for setting up a sx127x packet transport platform on ESPHome,Instructions for setting up a sx127x packet transport platform on ESPHome,https://esphome.io/images/logo.svg,https://esphome.io/images/sx127x.png,article,website,https://esphome.io/components/packet_transport/sx127x/,https://esphome.io/components/packet_transport/sx127x/,summary_large_image,summary_large_image,https://esphome.io/images/logo.svg,https://esphome.io/images/sx127x.png,1,1,SX127x Packet Transport Platform,SX127x Packet Transport Platform,,,Title too long
/components/packet_transport/sx126x/,SX126x Packet Transport Platform - ESPHome - Smart Home Made Simple,67,SX126x Packet Transport Platform - ESPHome - Smart Home Made Simple,67,Yes,Instructions for setting up a sx126x packet transport platform on ESPHome,73,Instructions for setting up a sx126x packet transport platform on ESPHome,73,Yes,https://esphome.io/components/packet_transport/sx126x/,,SX126x Packet Transport Platform,SX126x Packet Transport Platform,Instructions for setting up a sx126x packet transport platform on ESPHome,Instructions for setting up a sx126x packet transport platform on ESPHome,https://esphome.io/images/logo.svg,https://esphome.io/images/sx126x.png,article,website,https://esphome.io/components/packet_transport/sx126x/,https://esphome.io/components/packet_transport/sx126x/,summary_large_image,summary_large_image,https://esphome.io/images/logo.svg,https://esphome.io/images/sx126x.png,1,1,SX126x Packet Transport Platform,SX126x Packet Transport Platform,,,Title too long
/components/packet_transport/espnow/,ESP-NOW Packet Transport Platform - ESPHome - Smart Home Made Simple,68,ESP-NOW Packet Transport Platform - ESPHome - Smart Home Made Simple,68,Yes,Instructions for setting up an ESP-NOW packet transport platform on ESPHome,75,Instructions for setting up an ESP-NOW packet transport platform on ESPHome,75,Yes,https://esphome.io/components/packet_transport/espnow/,,ESP-NOW Packet Transport Platform,ESP-NOW Packet Transport Platform,Instructions for setting up an ESP-NOW packet transport platform on ESPHome,Instructions for setting up an ESP-NOW packet transport platform on ESPHome,https://esphome.io/images/logo.svg,https://esphome.io/espnow.svg,article,website,https://esphome.io/components/packet_transport/espnow/,https://esphome.io/components/packet_transport/espnow/,summary_large_image,summary_large_image,https://esphome.io/images/logo.svg,https://esphome.io/espnow.svg,1,1,ESP-NOW Packet Transport Platform,ESP-NOW Packet Transport Platform,,,Title too long
/components/packages/,Packages - ESPHome - Smart Home Made Simple,43,Packages - ESPHome - Smart Home Made Simple,43,Yes,How to use packages in ESPHome,30,How to use packages in ESPHome,30,Yes,https://esphome.io/components/packages/,,Packages,Packages,How to use packages in ESPHome,How to use packages in ESPHome,https://esphome.io/images/logo.svg,https://esphome.io/images/settings.svg,article,website,https://esphome.io/components/packages/,https://esphome.io/components/packages/,summary_large_image,summary_large_image,https://esphome.io/images/logo.svg,https://esphome.io/images/settings.svg,1,1,Packages,Packages,,,Desc short
/components/output/,Output Component - ESPHome - Smart Home Made Simple,51,Output Component - ESPHome - Smart Home Made Simple,51,Yes,Instructions for setting up generic outputs in ESPHome,54,Instructions for setting up generic outputs in ESPHome,54,Yes,https://esphome.io/components/output/,,Output Component,Output Component,Instructions for setting up generic outputs in ESPHome,Instructions for setting up generic outputs in ESPHome,https://esphome.io/images/logo.svg,https://esphome.io/images/folder-open.svg,article,website,https://esphome.io/components/output/,https://esphome.io/components/output/,summary_large_image,summary_large_image,https://esphome.io/images/logo.svg,https://esphome.io/images/folder-open.svg,1,1,Output Component,Output Component,,,
/components/output/x9c/,X9C Potentiometer Output - ESPHome - Smart Home Made Simple,59,X9C Potentiometer Output - ESPHome - Smart Home Made Simple,59,Yes,Instructions for setting up a X9C digital potentiometer with ESPHome.,69,Instructions for setting up a X9C digital potentiometer with ESPHome.,69,Yes,https://esphome.io/components/output/x9c/,,X9C Potentiometer Output,X9C Potentiometer Output,Instructions for setting up a X9C digital potentiometer with ESPHome.,Instructions for setting up a X9C digital potentiometer with ESPHome.,https://esphome.io/images/logo.svg,https://esphome.io/images/description.svg,article,website,https://esphome.io/components/output/x9c/,https://esphome.io/components/output/x9c/,summary_large_image,summary_large_image,https://esphome.io/images/logo.svg,https://esphome.io/images/description.svg,1,1,X9C Potentiometer Output,X9C Potentiometer Output,,,
/components/output/tlc5971/,TLC5971 LED driver - ESPHome - Smart Home Made Simple,53,TLC5971 LED driver - ESPHome - Smart Home Made Simple,53,Yes,Instructions for setting up TLC5971 LED drivers in ESPHome.,59,Instructions for setting up TLC5971 LED drivers in ESPHome.,59,Yes,https://esphome.io/components/output/tlc5971/,,TLC5971 LED driver,TLC5971 LED driver,Instructions for setting up TLC5971 LED drivers in ESPHome.,Instructions for setting up TLC5971 LED drivers in ESPHome.,https://esphome.io/images/logo.svg,https://esphome.io/images/tlc5971.jpg,article,website,https://esphome.io/components/output/tlc5971/,https://esphome.io/components/output/tlc5971/,summary_large_image,summary_large_image,https://esphome.io/images/logo.svg,https://esphome.io/images/tlc5971.jpg,1,1,TLC5971 LED driver,TLC5971 LED driver,,,
/components/output/tlc5947/,TLC5947 LED driver - ESPHome - Smart Home Made Simple,53,TLC5947 LED driver - ESPHome - Smart Home Made Simple,53,Yes,Instructions for setting up TLC5947 LED drivers in ESPHome.,59,Instructions for setting up TLC5947 LED drivers in ESPHome.,59,Yes,https://esphome.io/components/output/tlc5947/,,TLC5947 LED driver,TLC5947 LED driver,Instructions for setting up TLC5947 LED drivers in ESPHome.,Instructions for setting up TLC5947 LED drivers in ESPHome.,https://esphome.io/images/logo.svg,https://esphome.io/images/tlc5947.jpg,article,website,https://esphome.io/components/output/tlc5947/,https://esphome.io/components/output/tlc5947/,summary_large_image,summary_large_image,https://esphome.io/images/logo.svg,https://esphome.io/images/tlc5947.jpg,1,1,TLC5947 LED driver,TLC5947 LED driver,,,
/components/output/tlc59208f/,TLC59208F - ESPHome - Smart Home Made Simple,44,TLC59208F - ESPHome - Smart Home Made Simple,44,Yes,Instructions for setting up TLC59208F LED PWM drivers.,54,Instructions for setting up TLC59208F LED PWM drivers.,54,Yes,https://esphome.io/components/output/tlc59208f/,,TLC59208F,TLC59208F,Instructions for setting up TLC59208F LED PWM drivers.,Instructions for setting up TLC59208F LED PWM drivers.,https://esphome.io/images/logo.svg,https://esphome.io/images/tlc59208f.jpg,article,website,https://esphome.io/components/output/tlc59208f/,https://esphome.io/components/output/tlc59208f/,summary_large_image,summary_large_image,https://esphome.io/images/logo.svg,https://esphome.io/images/tlc59208f.jpg,1,1,TLC59208F,TLC59208F,,,
/components/output/template/,Template Output - ESPHome - Smart Home Made Simple,50,Template Output - ESPHome - Smart Home Made Simple,50,Yes,Instructions for setting up template outputs with ESPHome.,58,Instructions for setting up template outputs with ESPHome.,58,Yes,https://esphome.io/components/output/template/,,Template Output,Template Output,Instructions for setting up template outputs with ESPHome.,Instructions for setting up template outputs with ESPHome.,https://esphome.io/images/logo.svg,https://esphome.io/images/description.svg,article,website,https://esphome.io/components/output/template/,https://esphome.io/components/output/template/,summary_large_image,summary_large_image,https://esphome.io/images/logo.svg,https://esphome.io/images/description.svg,1,1,Template Output,Template Output,,,
/components/output/sm2335/,SM2335 LED driver - ESPHome - Smart Home Made Simple,52,SM2335 LED driver - ESPHome - Smart Home Made Simple,52,Yes,Instructions for setting up SM2335 LED drivers in ESPHome.,58,Instructions for setting up SM2335 LED drivers in ESPHome.,58,Yes,https://esphome.io/components/output/sm2335/,,SM2335 LED driver,SM2335 LED driver,Instructions for setting up SM2335 LED drivers in ESPHome.,Instructions for setting up SM2335 LED drivers in ESPHome.,https://esphome.io/images/logo.svg,,article,website,https://esphome.io/components/output/sm2335/,https://esphome.io/components/output/sm2335/,summary_large_image,summary_large_image,https://esphome.io/images/logo.svg,,1,1,SM2335 LED driver,SM2335 LED driver,,,
/components/output/sm2235/,SM2235 LED driver - ESPHome - Smart Home Made Simple,52,SM2235 LED driver - ESPHome - Smart Home Made Simple,52,Yes,Instructions for setting up SM2235 LED drivers in ESPHome.,58,Instructions for setting up SM2235 LED drivers in ESPHome.,58,Yes,https://esphome.io/components/output/sm2235/,,SM2235 LED driver,SM2235 LED driver,Instructions for setting up SM2235 LED drivers in ESPHome.,Instructions for setting up SM2235 LED drivers in ESPHome.,https://esphome.io/images/logo.svg,,article,website,https://esphome.io/components/output/sm2235/,https://esphome.io/components/output/sm2235/,summary_large_image,summary_large_image,https://esphome.io/images/logo.svg,,1,1,SM2235 LED driver,SM2235 LED driver,,,
/components/output/sm2135/,SM2135 LED driver - ESPHome - Smart Home Made Simple,52,SM2135 LED driver - ESPHome - Smart Home Made Simple,52,Yes,Instructions for setting up SM2135 LED drivers in ESPHome.,58,Instructions for setting up SM2135 LED drivers in ESPHome.,58,Yes,https://esphome.io/components/output/sm2135/,,SM2135 LED driver,SM2135 LED driver,Instructions for setting up SM2135 LED drivers in ESPHome.,Instructions for setting up SM2135 LED drivers in ESPHome.,https://esphome.io/images/logo.svg,,article,website,https://esphome.io/components/output/sm2135/,https://esphome.io/components/output/sm2135/,summary_large_image,summary_large_image,https://esphome.io/images/logo.svg,,1,1,SM2135 LED driver,SM2135 LED driver,,,
/components/output/sm16716/,SM16716 LED driver - ESPHome - Smart Home Made Simple,53,SM16716 LED driver - ESPHome - Smart Home Made Simple,53,Yes,Instructions for setting up SM16716 LED drivers in ESPHome.,59,Instructions for setting up SM16716 LED drivers in ESPHome.,59,Yes,https://esphome.io/components/output/sm16716/,,SM16716 LED driver,SM16716 LED driver,Instructions for setting up SM16716 LED drivers in ESPHome.,Instructions for setting up SM16716 LED drivers in ESPHome.,https://esphome.io/images/logo.svg,https://esphome.io/images/sm16716.svg,article,website,https://esphome.io/components/output/sm16716/,https://esphome.io/components/output/sm16716/,summary_large_image,summary_large_image,https://esphome.io/images/logo.svg,https://esphome.io/images/sm16716.svg,1,1,SM16716 LED driver,SM16716 LED driver,,,
/components/output/slow_pwm/,Slow PWM Output - ESPHome - Smart Home Made Simple,50,Slow PWM Output - ESPHome - Smart Home Made Simple,50,Yes,Instructions for setting up slow pwm outputs for GPIO pins.,59,Instructions for setting up slow pwm outputs for GPIO pins.,59,Yes,https://esphome.io/components/output/slow_pwm/,,Slow PWM Output,Slow PWM Output,Instructions for setting up slow pwm outputs for GPIO pins.,Instructions for setting up slow pwm outputs for GPIO pins.,https://esphome.io/images/logo.svg,https://esphome.io/images/pwm.png,article,website,https://esphome.io/components/output/slow_pwm/,https://esphome.io/components/output/slow_pwm/,summary_large_image,summary_large_image,https://esphome.io/images/logo.svg,https://esphome.io/images/pwm.png,1,1,Slow PWM Output,Slow PWM Output,,,
/components/output/sigma_delta_output/,Sigma-Delta Output - ESPHome - Smart Home Made Simple,53,Sigma-Delta Output - ESPHome - Smart Home Made Simple,53,Yes,Sigma-Delta Output,18,,,No,https://esphome.io/components/output/sigma_delta_output/,,Sigma-Delta Output,Sigma-Delta Output,Sigma-Delta Output,,https://esphome.io/images/logo.svg,,article,website,https://esphome.io/components/output/sigma_delta_output/,https://esphome.io/components/output/sigma_delta_output/,summary_large_image,summary_large_image,https://esphome.io/images/logo.svg,,1,1,Sigma-Delta Output,Sigma-Delta Output,,,Desc short
/components/output/pca9685/,PCA9685 - ESPHome - Smart Home Made Simple,42,PCA9685 - ESPHome - Smart Home Made Simple,42,Yes,Instructions for setting up PCA9685 LED PWM drivers.,52,Instructions for setting up PCA9685 LED PWM drivers.,52,Yes,https://esphome.io/components/output/pca9685/,,PCA9685,PCA9685,Instructions for setting up PCA9685 LED PWM drivers.,Instructions for setting up PCA9685 LED PWM drivers.,https://esphome.io/images/logo.svg,https://esphome.io/images/pca9685.jpg,article,website,https://esphome.io/components/output/pca9685/,https://esphome.io/components/output/pca9685/,summary_large_image,summary_large_image,https://esphome.io/images/logo.svg,https://esphome.io/images/pca9685.jpg,1,1,PCA9685,PCA9685,,,
/components/output/my9231/,MY9231/MY9291 LED driver - ESPHome - Smart Home Made Simple,59,MY9231/MY9291 LED driver - ESPHome - Smart Home Made Simple,59,Yes,Instructions for setting up MY9231 and MY9291 LED drives in ESPHome.,68,Instructions for setting up MY9231 and MY9291 LED drives in ESPHome.,68,Yes,https://esphome.io/components/output/my9231/,,MY9231/MY9291 LED driver,MY9231/MY9291 LED driver,Instructions for setting up MY9231 and MY9291 LED drives in ESPHome.,Instructions for setting up MY9231 and MY9291 LED drives in ESPHome.,https://esphome.io/images/logo.svg,https://esphome.io/images/my9231.svg,article,website,https://esphome.io/components/output/my9231/,https://esphome.io/components/output/my9231/,summary_large_image,summary_large_image,https://esphome.io/images/logo.svg,https://esphome.io/images/my9231.svg,1,1,MY9231/MY9291 LED driver,MY9231/MY9291 LED driver,,,
/components/output/modbus_controller/,Modbus Controller Output - ESPHome - Smart Home Made Simple,59,Modbus Controller Output - ESPHome - Smart Home Made Simple,59,Yes,Instructions for setting up a modbus_controller device output.,62,Instructions for setting up a modbus_controller device output.,62,Yes,https://esphome.io/components/output/modbus_controller/,,Modbus Controller Output,Modbus Controller Output,Instructions for setting up a modbus_controller device output.,Instructions for setting up a modbus_controller device output.,https://esphome.io/images/logo.svg,,article,website,https://esphome.io/components/output/modbus_controller/,https://esphome.io/components/output/modbus_controller/,summary_large_image,summary_large_image,https://esphome.io/images/logo.svg,,1,1,Modbus Controller Output,Modbus Controller Output,,,
/components/output/mcp47a1/,MCP47A1 Output - ESPHome - Smart Home Made Simple,49,MCP47A1 Output - ESPHome - Smart Home Made Simple,49,Yes,Instructions for setting up MCP47A1 outputs on the ESP.,55,Instructions for setting up MCP47A1 outputs on the ESP.,55,Yes,https://esphome.io/components/output/mcp47a1/,,MCP47A1 Output,MCP47A1 Output,Instructions for setting up MCP47A1 outputs on the ESP.,Instructions for setting up MCP47A1 outputs on the ESP.,https://esphome.io/images/logo.svg,https://esphome.io/images/mcp47a1.svg,article,website,https://esphome.io/components/output/mcp47a1/,https://esphome.io/components/output/mcp47a1/,summary_large_image,summary_large_image,https://esphome.io/images/logo.svg,https://esphome.io/images/mcp47a1.svg,1,1,MCP47A1 Output,MCP47A1 Output,,,
/components/output/mcp4728/,MCP4728 Component - ESPHome - Smart Home Made Simple,52,MCP4728 Component - ESPHome - Smart Home Made Simple,52,Yes,Instructions for setting up MCP4728 outputs on the ESP.,55,Instructions for setting up MCP4728 outputs on the ESP.,55,Yes,https://esphome.io/components/output/mcp4728/,,MCP4728 Component,MCP4728 Component,Instructions for setting up MCP4728 outputs on the ESP.,Instructions for setting up MCP4728 outputs on the ESP.,https://esphome.io/images/logo.svg,https://esphome.io/images/mcp4728.jpg,article,website,https://esphome.io/components/output/mcp4728/,https://esphome.io/components/output/mcp4728/,summary_large_image,summary_large_image,https://esphome.io/images/logo.svg,https://esphome.io/images/mcp4728.jpg,1,1,MCP4728 Component,MCP4728 Component,,,
/components/output/mcp4725/,MCP4725 Output - ESPHome - Smart Home Made Simple,49,MCP4725 Output - ESPHome - Smart Home Made Simple,49,Yes,Instructions for setting up MCP4725 outputs on the ESP.,55,Instructions for setting up MCP4725 outputs on the ESP.,55,Yes,https://esphome.io/components/output/mcp4725/,,MCP4725 Output,MCP4725 Output,Instructions for setting up MCP4725 outputs on the ESP.,Instructions for setting up MCP4725 outputs on the ESP.,https://esphome.io/images/logo.svg,https://esphome.io/images/mcp4725.jpg,article,website,https://esphome.io/components/output/mcp4725/,https://esphome.io/components/output/mcp4725/,summary_large_image,summary_large_image,https://esphome.io/images/logo.svg,https://esphome.io/images/mcp4725.jpg,1,1,MCP4725 Output,MCP4725 Output,,,
/components/output/mcp4461/,MCP4461 Component - ESPHome - Smart Home Made Simple,52,MCP4461 Component - ESPHome - Smart Home Made Simple,52,Yes,Instructions for setting up MCP4461 outputs on the ESP.,55,Instructions for setting up MCP4461 outputs on the ESP.,55,Yes,https://esphome.io/components/output/mcp4461/,,MCP4461 Component,MCP4461 Component,Instructions for setting up MCP4461 outputs on the ESP.,Instructions for setting up MCP4461 outputs on the ESP.,https://esphome.io/images/logo.svg,https://esphome.io/images/mcp4461.jpg,article,website,https://esphome.io/components/output/mcp4461/,https://esphome.io/components/output/mcp4461/,summary_large_image,summary_large_image,https://esphome.io/images/logo.svg,https://esphome.io/images/mcp4461.jpg,1,1,MCP4461 Component,MCP4461 Component,,,
/components/output/libretiny_pwm/,LibreTiny PWM Output - ESPHome - Smart Home Made Simple,55,LibreTiny PWM Output - ESPHome - Smart Home Made Simple,55,Yes,Instructions for setting up LibreTiny hardware PWMs.,52,Instructions for setting up LibreTiny hardware PWMs.,52,Yes,https://esphome.io/components/output/libretiny_pwm/,,LibreTiny PWM Output,LibreTiny PWM Output,Instructions for setting up LibreTiny hardware PWMs.,Instructions for setting up LibreTiny hardware PWMs.,https://esphome.io/images/logo.svg,https://esphome.io/images/pwm.png,article,website,https://esphome.io/components/output/libretiny_pwm/,https://esphome.io/components/output/libretiny_pwm/,summary_large_image,summary_large_image,https://esphome.io/images/logo.svg,https://esphome.io/images/pwm.png,1,1,LibreTiny PWM Output,LibreTiny PWM Output,,,
/components/output/ledc/,ESP32 LEDC Output - ESPHome - Smart Home Made Simple,52,ESP32 LEDC Output - ESPHome - Smart Home Made Simple,52,Yes,Instructions for setting up LEDC hardware PWM outputs on the ESP32.,67,Instructions for setting up LEDC hardware PWM outputs on the ESP32.,67,Yes,https://esphome.io/components/output/ledc/,,ESP32 LEDC Output,ESP32 LEDC Output,Instructions for setting up LEDC hardware PWM outputs on the ESP32.,Instructions for setting up LEDC hardware PWM outputs on the ESP32.,https://esphome.io/images/logo.svg,https://esphome.io/images/pwm.png,article,website,https://esphome.io/components/output/ledc/,https://esphome.io/components/output/ledc/,summary_large_image,summary_large_image,https://esphome.io/images/logo.svg,https://esphome.io/images/pwm.png,1,1,ESP32 LEDC Output,ESP32 LEDC Output,,,
/components/output/gpio/,GPIO Output - ESPHome - Smart Home Made Simple,46,GPIO Output - ESPHome - Smart Home Made Simple,46,Yes,Instructions for setting up binary outputs for GPIO pins.,57,Instructions for setting up binary outputs for GPIO pins.,57,Yes,https://esphome.io/components/output/gpio/,,GPIO Output,GPIO Output,Instructions for setting up binary outputs for GPIO pins.,Instructions for setting up binary outputs for GPIO pins.,https://esphome.io/images/logo.svg,https://esphome.io/images/gpio.svg,article,website,https://esphome.io/components/output/gpio/,https://esphome.io/components/output/gpio/,summary_large_image,summary_large_image,https://esphome.io/images/logo.svg,https://esphome.io/images/gpio.svg,1,1,GPIO Output,GPIO Output,,,
/components/output/gp8403/,GP8403 Component - ESPHome - Smart Home Made Simple,51,GP8403 Component - ESPHome - Smart Home Made Simple,51,Yes,Instructions for setting up GP8403 outputs in ESPHome.,54,Instructions for setting up GP8403 outputs in ESPHome.,54,Yes,https://esphome.io/components/output/gp8403/,,GP8403 Component,GP8403 Component,Instructions for setting up GP8403 outputs in ESPHome.,Instructions for setting up GP8403 outputs in ESPHome.,https://esphome.io/images/logo.svg,https://esphome.io/images/gp8403.svg,article,website,https://esphome.io/components/output/gp8403/,https://esphome.io/components/output/gp8403/,summary_large_image,summary_large_image,https://esphome.io/images/logo.svg,https://esphome.io/images/gp8403.svg,1,1,GP8403 Component,GP8403 Component,,,
/components/output/esp8266_pwm/,ESP8266 Software PWM Output - ESPHome - Smart Home Made Simple,62,ESP8266 Software PWM Output - ESPHome - Smart Home Made Simple,62,Yes,Instructions for setting up ESP8266 software-based PWMs.,56,Instructions for setting up ESP8266 software-based PWMs.,56,Yes,https://esphome.io/components/output/esp8266_pwm/,,ESP8266 Software PWM Output,ESP8266 Software PWM Output,Instructions for setting up ESP8266 software-based PWMs.,Instructions for setting up ESP8266 software-based PWMs.,https://esphome.io/images/logo.svg,https://esphome.io/images/pwm.png,article,website,https://esphome.io/components/output/esp8266_pwm/,https://esphome.io/components/output/esp8266_pwm/,summary_large_image,summary_large_image,https://esphome.io/images/logo.svg,https://esphome.io/images/pwm.png,1,1,ESP8266 Software PWM Output,ESP8266 Software PWM Output,,,Title too long
/components/output/esp32_dac/,ESP32 DAC - ESPHome - Smart Home Made Simple,44,ESP32 DAC - ESPHome - Smart Home Made Simple,44,Yes,Instructions for setting up ESP32 digital-to-analog converter.,62,Instructions for setting up ESP32 digital-to-analog converter.,62,Yes,https://esphome.io/components/output/esp32_dac/,,ESP32 DAC,ESP32 DAC,Instructions for setting up ESP32 digital-to-analog converter.,Instructions for setting up ESP32 digital-to-analog converter.,https://esphome.io/images/logo.svg,https://esphome.io/images/dac.svg,article,website,https://esphome.io/components/output/esp32_dac/,https://esphome.io/components/output/esp32_dac/,summary_large_image,summary_large_image,https://esphome.io/images/logo.svg,https://esphome.io/images/dac.svg,1,1,ESP32 DAC,ESP32 DAC,,,
/components/output/dac7678/,DAC7678 - ESPHome - Smart Home Made Simple,42,DAC7678 - ESPHome - Smart Home Made Simple,42,Yes,Instructions for setting up the DAC7678.,40,Instructions for setting up the DAC7678.,40,Yes,https://esphome.io/components/output/dac7678/,,DAC7678,DAC7678,Instructions for setting up the DAC7678.,Instructions for setting up the DAC7678.,https://esphome.io/images/logo.svg,https://esphome.io/images/dac7678.svg,article,website,https://esphome.io/components/output/dac7678/,https://esphome.io/components/output/dac7678/,summary_large_image,summary_large_image,https://esphome.io/images/logo.svg,https://esphome.io/images/dac7678.svg,1,1,DAC7678,DAC7678,,,Desc short
/components/output/bp5758d/,BP5758D LED driver - ESPHome - Smart Home Made Simple,53,BP5758D LED driver - ESPHome - Smart Home Made Simple,53,Yes,Instructions for setting up BP5758D LED drivers in ESPHome.,59,Instructions for setting up BP5758D LED drivers in ESPHome.,59,Yes,https://esphome.io/components/output/bp5758d/,,BP5758D LED driver,BP5758D LED driver,Instructions for setting up BP5758D LED drivers in ESPHome.,Instructions for setting up BP5758D LED drivers in ESPHome.,https://esphome.io/images/logo.svg,,article,website,https://esphome.io/components/output/bp5758d/,https://esphome.io/components/output/bp5758d/,summary_large_image,summary_large_image,https://esphome.io/images/logo.svg,,1,1,BP5758D LED driver,BP5758D LED driver,,,
/components/output/bp1658cj/,BP1658CJ LED driver - ESPHome - Smart Home Made Simple,54,BP1658CJ LED driver - ESPHome - Smart Home Made Simple,54,Yes,Instructions for setting up BP1658CJ LED drivers in ESPHome.,60,Instructions for setting up BP1658CJ LED drivers in ESPHome.,60,Yes,https://esphome.io/components/output/bp1658cj/,,BP1658CJ LED driver,BP1658CJ LED driver,Instructions for setting up BP1658CJ LED drivers in ESPHome.,Instructions for setting up BP1658CJ LED drivers in ESPHome.,https://esphome.io/images/logo.svg,,article,website,https://esphome.io/components/output/bp1658cj/,https://esphome.io/components/output/bp1658cj/,summary_large_image,summary_large_image,https://esphome.io/images/logo.svg,,1,1,BP1658CJ LED driver,BP1658CJ LED driver,,,
/components/output/ble_client/,BLE Client Binary Output - ESPHome - Smart Home Made Simple,59,BLE Client Binary Output - ESPHome - Smart Home Made Simple,59,Yes,Writes a binary value to a BLE device.,38,Writes a binary value to a BLE device.,38,Yes,https://esphome.io/components/output/ble_client/,,BLE Client Binary Output,BLE Client Binary Output,Writes a binary value to a BLE device.,Writes a binary value to a BLE device.,https://esphome.io/images/logo.svg,https://esphome.io/images/bluetooth.svg,article,website,https://esphome.io/components/output/ble_client/,https://esphome.io/components/output/ble_client/,summary_large_image,summary_large_image,https://esphome.io/images/logo.svg,https://esphome.io/images/bluetooth.svg,1,1,BLE Client Binary Output,BLE Client Binary Output,,,Desc short
/components/output/ac_dimmer/,AC Dimmer Component - ESPHome - Smart Home Made Simple,54,AC Dimmer Component - ESPHome - Smart Home Made Simple,54,Yes,Instructions for setting up AC Dimmer component in ESPHome.,59,Instructions for setting up AC Dimmer component in ESPHome.,59,Yes,https://esphome.io/components/output/ac_dimmer/,,AC Dimmer Component,AC Dimmer Component,Instructions for setting up AC Dimmer component in ESPHome.,Instructions for setting up AC Dimmer component in ESPHome.,https://esphome.io/images/logo.svg,https://esphome.io/images/ac_dimmer.svg,article,website,https://esphome.io/components/output/ac_dimmer/,https://esphome.io/components/output/ac_dimmer/,summary_large_image,summary_large_image,https://esphome.io/images/logo.svg,https://esphome.io/images/ac_dimmer.svg,1,1,AC Dimmer Component,AC Dimmer Component,,,
/components/ota/,Over-the-Air Updates - ESPHome - Smart Home Made Simple,55,Over-the-Air Updates - ESPHome - Smart Home Made Simple,55,Yes,Instructions for setting up the Over-The-Air (OTA) component to allow remote updating of devices.,97,Instructions for setting up the Over-The-Air (OTA) component to allow remote updating of devices.,97,Yes,https://esphome.io/components/ota/,,Over-the-Air Updates,Over-the-Air Updates,Instructions for setting up the Over-The-Air (OTA) component to allow remote updating of devices.,Instructions for setting up the Over-The-Air (OTA) component to allow remote updating of devices.,https://esphome.io/images/logo.svg,https://esphome.io/images/system-update.svg,article,website,https://esphome.io/components/ota/,https://esphome.io/components/ota/,summary_large_image,summary_large_image,https://esphome.io/images/logo.svg,https://esphome.io/images/system-update.svg,1,1,Over-the-Air Updates,Over-the-Air Updates,,,
/components/ota/web_server/,Web Server OTA Updates - ESPHome - Smart Home Made Simple,57,Web Server OTA Updates - ESPHome - Smart Home Made Simple,57,Yes,Instructions for setting up Over-The-Air (OTA) updates via the ESPHome web interface.,85,Instructions for setting up Over-The-Air (OTA) updates via the ESPHome web interface.,85,Yes,https://esphome.io/components/ota/web_server/,,Web Server OTA Updates,Web Server OTA Updates,Instructions for setting up Over-The-Air (OTA) updates via the ESPHome web interface.,Instructions for setting up Over-The-Air (OTA) updates via the ESPHome web interface.,https://esphome.io/images/logo.svg,https://esphome.io/images/system-update.svg,article,website,https://esphome.io/components/ota/web_server/,https://esphome.io/components/ota/web_server/,summary_large_image,summary_large_image,https://esphome.io/images/logo.svg,https://esphome.io/images/system-update.svg,1,1,Web Server OTA Updates,Web Server OTA Updates,,,
/components/ota/http_request/,OTA Update via HTTP Request - ESPHome - Smart Home Made Simple,62,OTA Update via HTTP Request - ESPHome - Smart Home Made Simple,62,Yes,Instructions for setting up Over-The-Air (OTA) updates for ESPs to download firmwares remotely by HTTP.,103,Instructions for setting up Over-The-Air (OTA) updates for ESPs to download firmwares remotely by HTTP.,103,Yes,https://esphome.io/components/ota/http_request/,,OTA Update via HTTP Request,OTA Update via HTTP Request,Instructions for setting up Over-The-Air (OTA) updates for ESPs to download firmwares remotely by HTTP.,Instructions for setting up Over-The-Air (OTA) updates for ESPs to download firmwares remotely by HTTP.,https://esphome.io/images/logo.svg,https://esphome.io/images/system-update.svg,article,website,https://esphome.io/components/ota/http_request/,https://esphome.io/components/ota/http_request/,summary_large_image,summary_large_image,https://esphome.io/images/logo.svg,https://esphome.io/images/system-update.svg,1,1,OTA Update via HTTP Request,OTA Update via HTTP Request,,,Title too long
/components/ota/esphome/,ESPHome OTA Updates - ESPHome - Smart Home Made Simple,54,ESPHome OTA Updates - ESPHome - Smart Home Made Simple,54,Yes,Instructions for setting up ESPHome's Over-The-Air (OTA) platform to allow remote updating of devices.,102,Instructions for setting up ESPHome's Over-The-Air (OTA) platform to allow remote updating of devices.,102,Yes,https://esphome.io/components/ota/esphome/,,ESPHome OTA Updates,ESPHome OTA Updates,Instructions for setting up ESPHome's Over-The-Air (OTA) platform to allow remote updating of devices.,Instructions for setting up ESPHome's Over-The-Air (OTA) platform to allow remote updating of devices.,https://esphome.io/images/logo.svg,https://esphome.io/images/system-update.svg,article,website,https://esphome.io/components/ota/esphome/,https://esphome.io/components/ota/esphome/,summary_large_image,summary_large_image,https://esphome.io/images/logo.svg,https://esphome.io/images/system-update.svg,1,1,ESPHome OTA Updates,ESPHome OTA Updates,,,
/components/openthread/,OpenThread Component - ESPHome - Smart Home Made Simple,55,OpenThread Component - ESPHome - Smart Home Made Simple,55,Yes,Instructions for setting up OpenThread component.,49,Instructions for setting up OpenThread component.,49,Yes,https://esphome.io/components/openthread/,,OpenThread Component,OpenThread Component,Instructions for setting up OpenThread component.,Instructions for setting up OpenThread component.,https://esphome.io/images/logo.svg,https://esphome.io/images/openthread.png,article,website,https://esphome.io/components/openthread/,https://esphome.io/components/openthread/,summary_large_image,summary_large_image,https://esphome.io/images/logo.svg,https://esphome.io/images/openthread.png,1,1,OpenThread Component,OpenThread Component,,,Desc short
/components/opentherm/,OpenTherm - ESPHome - Smart Home Made Simple,44,OpenTherm - ESPHome - Smart Home Made Simple,44,Yes,Instructions for setting up OpenTherm bridge in ESPHome.,56,Instructions for setting up OpenTherm bridge in ESPHome.,56,Yes,https://esphome.io/components/opentherm/,,OpenTherm,OpenTherm,Instructions for setting up OpenTherm bridge in ESPHome.,Instructions for setting up OpenTherm bridge in ESPHome.,https://esphome.io/images/logo.svg,https://esphome.io/components/images/opentherm-shield.png,article,website,https://esphome.io/components/opentherm/,https://esphome.io/components/opentherm/,summary_large_image,summary_large_image,https://esphome.io/images/logo.svg,https://esphome.io/components/images/opentherm-shield.png,1,1,OpenTherm,OpenTherm,,,
/components/online_image/,Online Image Component - ESPHome - Smart Home Made Simple,57,Online Image Component - ESPHome - Smart Home Made Simple,57,Yes,Instructions for displaying images downloaded at runtime in ESPHome.,68,Instructions for displaying images downloaded at runtime in ESPHome.,68,Yes,https://esphome.io/components/online_image/,,Online Image Component,Online Image Component,Instructions for displaying images downloaded at runtime in ESPHome.,Instructions for displaying images downloaded at runtime in ESPHome.,https://esphome.io/images/logo.svg,https://esphome.io/images/image-sync-outline.svg,article,website,https://esphome.io/components/online_image/,https://esphome.io/components/online_image/,summary_large_image,summary_large_image,https://esphome.io/images/logo.svg,https://esphome.io/images/image-sync-outline.svg,1,1,Online Image Component,Online Image Component,,,
/components/one_wire/,1-Wire Bus - ESPHome - Smart Home Made Simple,45,1-Wire Bus - ESPHome - Smart Home Made Simple,45,Yes,Instructions for setting up a Dallas (Analog Devices) 1-Wire bus to communicate with 1-wire devices in ESPHome,110,Instructions for setting up a Dallas (Analog Devices) 1-Wire bus to communicate with 1-wire devices in ESPHome,110,Yes,https://esphome.io/components/one_wire/,,1-Wire Bus,1-Wire Bus,Instructions for setting up a Dallas (Analog Devices) 1-Wire bus to communicate with 1-wire devices in ESPHome,Instructions for setting up a Dallas (Analog Devices) 1-Wire bus to communicate with 1-wire devices in ESPHome,https://esphome.io/images/logo.svg,https://esphome.io/images/one-wire.svg,article,website,https://esphome.io/components/one_wire/,https://esphome.io/components/one_wire/,summary_large_image,summary_large_image,https://esphome.io/images/logo.svg,https://esphome.io/images/one-wire.svg,1,1,1-Wire Bus,1-Wire Bus,,,
/components/one_wire/gpio/,1-Wire Bus via GPIO - ESPHome - Smart Home Made Simple,54,1-Wire Bus via GPIO - ESPHome - Smart Home Made Simple,54,Yes,Instructions for setting up a Dallas (Analog Devices) 1-Wire bus via a GPIO pin to communicate with 1-wire devices in ESPHome,125,Instructions for setting up a Dallas (Analog Devices) 1-Wire bus via a GPIO pin to communicate with 1-wire devices in ESPHome,125,Yes,https://esphome.io/components/one_wire/gpio/,,1-Wire Bus via GPIO,1-Wire Bus via GPIO,Instructions for setting up a Dallas (Analog Devices) 1-Wire bus via a GPIO pin to communicate with 1-wire devices in ESPHome,Instructions for setting up a Dallas (Analog Devices) 1-Wire bus via a GPIO pin to communicate with 1-wire devices in ESPHome,https://esphome.io/images/logo.svg,https://esphome.io/images/one-wire.svg,article,website,https://esphome.io/components/one_wire/gpio/,https://esphome.io/components/one_wire/gpio/,summary_large_image,summary_large_image,https://esphome.io/images/logo.svg,https://esphome.io/images/one-wire.svg,1,1,1-Wire Bus via GPIO,1-Wire Bus via GPIO,,,
/components/one_wire/ds2484/,1-Wire Bus via DS2484 - ESPHome - Smart Home Made Simple,56,1-Wire Bus via DS2484 - ESPHome - Smart Home Made Simple,56,Yes,Instructions for setting up a Dallas (Analog Devices) 1-Wire bus via a DS2484 IC to communicate with 1-wire devices in ESPHome,126,Instructions for setting up a Dallas (Analog Devices) 1-Wire bus via a DS2484 IC to communicate with 1-wire devices in ESPHome,126,Yes,https://esphome.io/components/one_wire/ds2484/,,1-Wire Bus via DS2484,1-Wire Bus via DS2484,Instructions for setting up a Dallas (Analog Devices) 1-Wire bus via a DS2484 IC to communicate with 1-wire devices in ESPHome,Instructions for setting up a Dallas (Analog Devices) 1-Wire bus via a DS2484 IC to communicate with 1-wire devices in ESPHome,https://esphome.io/images/logo.svg,https://esphome.io/images/one-wire.svg,article,website,https://esphome.io/components/one_wire/ds2484/,https://esphome.io/components/one_wire/ds2484/,summary_large_image,summary_large_image,https://esphome.io/images/logo.svg,https://esphome.io/images/one-wire.svg,1,1,1-Wire Bus via DS2484,1-Wire Bus via DS2484,,,
/components/number/,Number Component - ESPHome - Smart Home Made Simple,51,Number Component - ESPHome - Smart Home Made Simple,51,Yes,Instructions for setting up number components in ESPHome.,57,Instructions for setting up number components in ESPHome.,57,Yes,https://esphome.io/components/number/,,Number Component,Number Component,Instructions for setting up number components in ESPHome.,Instructions for setting up number components in ESPHome.,https://esphome.io/images/logo.svg,https://esphome.io/images/folder-open.svg,article,website,https://esphome.io/components/number/,https://esphome.io/components/number/,summary_large_image,summary_large_image,https://esphome.io/images/logo.svg,https://esphome.io/images/folder-open.svg,1,1,Number Component,Number Component,,,
/components/number/tuya/,Tuya Number - ESPHome - Smart Home Made Simple,46,Tuya Number - ESPHome - Smart Home Made Simple,46,Yes,Instructions for setting up a Tuya device integer or enum datapoint..,69,Instructions for setting up a Tuya device integer or enum datapoint..,69,Yes,https://esphome.io/components/number/tuya/,,Tuya Number,Tuya Number,Instructions for setting up a Tuya device integer or enum datapoint..,Instructions for setting up a Tuya device integer or enum datapoint..,https://esphome.io/images/logo.svg,https://esphome.io/images/upload.svg,article,website,https://esphome.io/components/number/tuya/,https://esphome.io/components/number/tuya/,summary_large_image,summary_large_image,https://esphome.io/images/logo.svg,https://esphome.io/images/upload.svg,1,1,Tuya Number,Tuya Number,,,
/components/number/template/,Template Number - ESPHome - Smart Home Made Simple,50,Template Number - ESPHome - Smart Home Made Simple,50,Yes,Instructions for setting up template numbers with ESPHome.,58,Instructions for setting up template numbers with ESPHome.,58,Yes,https://esphome.io/components/number/template/,,Template Number,Template Number,Instructions for setting up template numbers with ESPHome.,Instructions for setting up template numbers with ESPHome.,https://esphome.io/images/logo.svg,https://esphome.io/images/description.svg,article,website,https://esphome.io/components/number/template/,https://esphome.io/components/number/template/,summary_large_image,summary_large_image,https://esphome.io/images/logo.svg,https://esphome.io/images/description.svg,1,1,Template Number,Template Number,,,
/components/number/modbus_controller/,Modbus Controller Number - ESPHome - Smart Home Made Simple,59,Modbus Controller Number - ESPHome - Smart Home Made Simple,59,Yes,Instructions for setting up a modbus_controller device sensor.,62,Instructions for setting up a modbus_controller device sensor.,62,Yes,https://esphome.io/components/number/modbus_controller/,,Modbus Controller Number,Modbus Controller Number,Instructions for setting up a modbus_controller device sensor.,Instructions for setting up a modbus_controller device sensor.,https://esphome.io/images/logo.svg,,article,website,https://esphome.io/components/number/modbus_controller/,https://esphome.io/components/number/modbus_controller/,summary_large_image,summary_large_image,https://esphome.io/images/logo.svg,,1,1,Modbus Controller Number,Modbus Controller Number,,,
/components/number/lvgl/,LVGL Number - ESPHome - Smart Home Made Simple,46,LVGL Number - ESPHome - Smart Home Made Simple,46,Yes,Instructions for setting up an LVGL widget number component.,60,Instructions for setting up an LVGL widget number component.,60,Yes,https://esphome.io/components/number/lvgl/,,LVGL Number,LVGL Number,Instructions for setting up an LVGL widget number component.,Instructions for setting up an LVGL widget number component.,https://esphome.io/images/logo.svg,https://esphome.io/images/lvgl_c_num.png,article,website,https://esphome.io/components/number/lvgl/,https://esphome.io/components/number/lvgl/,summary_large_image,summary_large_image,https://esphome.io/images/logo.svg,https://esphome.io/images/lvgl_c_num.png,1,1,LVGL Number,LVGL Number,,,
/components/number/homeassistant/,Home Assistant Number - ESPHome - Smart Home Made Simple,56,Home Assistant Number - ESPHome - Smart Home Made Simple,56,Yes,Instructions for setting up Home Assistant numbers with ESPHome.,64,Instructions for setting up Home Assistant numbers with ESPHome.,64,Yes,https://esphome.io/components/number/homeassistant/,,Home Assistant Number,Home Assistant Number,Instructions for setting up Home Assistant numbers with ESPHome.,Instructions for setting up Home Assistant numbers with ESPHome.,https://esphome.io/images/logo.svg,https://esphome.io/images/description.svg,article,website,https://esphome.io/components/number/homeassistant/,https://esphome.io/components/number/homeassistant/,summary_large_image,summary_large_image,https://esphome.io/images/logo.svg,https://esphome.io/images/description.svg,1,1,Home Assistant Number,Home Assistant Number,,,
/components/nrf52/,NRF52 Platform - ESPHome - Smart Home Made Simple,49,NRF52 Platform - ESPHome - Smart Home Made Simple,49,Yes,Configuration for the NRF52 platform for ESPHome.,49,Configuration for the NRF52 platform for ESPHome.,49,Yes,https://esphome.io/components/nrf52/,,NRF52 Platform,NRF52 Platform,Configuration for the NRF52 platform for ESPHome.,Configuration for the NRF52 platform for ESPHome.,https://esphome.io/images/logo.svg,https://esphome.io/images/nrf52.svg,article,website,https://esphome.io/components/nrf52/,https://esphome.io/components/nrf52/,summary_large_image,summary_large_image,https://esphome.io/images/logo.svg,https://esphome.io/images/nrf52.svg,1,1,NRF52 Platform,NRF52 Platform,,,Desc short
/components/network/,Network component - ESPHome - Smart Home Made Simple,52,Network component - ESPHome - Smart Home Made Simple,52,Yes,Network component,17,,,No,https://esphome.io/components/network/,,Network component,Network component,Network component,,https://esphome.io/images/logo.svg,https://esphome.io/images/network-wifi.svg,article,website,https://esphome.io/components/network/,https://esphome.io/components/network/,summary_large_image,summary_large_image,https://esphome.io/images/logo.svg,https://esphome.io/images/network-wifi.svg,1,1,Network component,Network component,,,Desc short
/components/mqtt/,MQTT Client Component - ESPHome - Smart Home Made Simple,56,MQTT Client Component - ESPHome - Smart Home Made Simple,56,Yes,Instructions for setting up the MQTT client to communicate with the local network in ESPHome.,93,Instructions for setting up the MQTT client to communicate with the local network in ESPHome.,93,Yes,https://esphome.io/components/mqtt/,,MQTT Client Component,MQTT Client Component,Instructions for setting up the MQTT client to communicate with the local network in ESPHome.,Instructions for setting up the MQTT client to communicate with the local network in ESPHome.,https://esphome.io/images/logo.svg,https://esphome.io/images/mqtt.png,article,website,https://esphome.io/components/mqtt/,https://esphome.io/components/mqtt/,summary_large_image,summary_large_image,https://esphome.io/images/logo.svg,https://esphome.io/images/mqtt.png,1,1,MQTT Client Component,MQTT Client Component,,,
/components/modbus_controller/,Modbus Controller - ESPHome - Smart Home Made Simple,52,Modbus Controller - ESPHome - Smart Home Made Simple,52,Yes,Instructions for setting up the Modbus Controller component.,60,Instructions for setting up the Modbus Controller component.,60,Yes,https://esphome.io/components/modbus_controller/,,Modbus Controller,Modbus Controller,Instructions for setting up the Modbus Controller component.,Instructions for setting up the Modbus Controller component.,https://esphome.io/images/logo.svg,https://esphome.io/images/modbus.png,article,website,https://esphome.io/components/modbus_controller/,https://esphome.io/components/modbus_controller/,summary_large_image,summary_large_image,https://esphome.io/images/logo.svg,https://esphome.io/images/modbus.png,1,1,Modbus Controller,Modbus Controller,,,
/components/modbus/,Modbus Component - ESPHome - Smart Home Made Simple,51,Modbus Component - ESPHome - Smart Home Made Simple,51,Yes,Instructions for setting up Modbus in ESPHome.,46,Instructions for setting up Modbus in ESPHome.,46,Yes,https://esphome.io/components/modbus/,,Modbus Component,Modbus Component,Instructions for setting up Modbus in ESPHome.,Instructions for setting up Modbus in ESPHome.,https://esphome.io/images/logo.svg,,article,website,https://esphome.io/components/modbus/,https://esphome.io/components/modbus/,summary_large_image,summary_large_image,https://esphome.io/images/logo.svg,,1,1,Modbus Component,Modbus Component,,,Desc short
/components/microphone/,Microphone Components - ESPHome - Smart Home Made Simple,56,Microphone Components - ESPHome - Smart Home Made Simple,56,Yes,Instructions for setting up microphones in ESPHome.,51,Instructions for setting up microphones in ESPHome.,51,Yes,https://esphome.io/components/microphone/,,Microphone Components,Microphone Components,Instructions for setting up microphones in ESPHome.,Instructions for setting up microphones in ESPHome.,https://esphome.io/images/logo.svg,https://esphome.io/images/folder-open.svg,article,website,https://esphome.io/components/microphone/,https://esphome.io/components/microphone/,summary_large_image,summary_large_image,https://esphome.io/images/logo.svg,https://esphome.io/images/folder-open.svg,1,1,Microphone Components,Microphone Components,,,
/components/microphone/i2s_audio/,I²S Audio Microphone - ESPHome - Smart Home Made Simple,55,I²S Audio Microphone - ESPHome - Smart Home Made Simple,55,Yes,Instructions for setting up I²S based microphones in ESPHome.,61,Instructions for setting up I²S based microphones in ESPHome.,61,Yes,https://esphome.io/components/microphone/i2s_audio/,,I²S Audio Microphone,I²S Audio Microphone,Instructions for setting up I²S based microphones in ESPHome.,Instructions for setting up I²S based microphones in ESPHome.,https://esphome.io/images/logo.svg,https://esphome.io/images/i2s_audio.svg,article,website,https://esphome.io/components/microphone/i2s_audio/,https://esphome.io/components/microphone/i2s_audio/,summary_large_image,summary_large_image,https://esphome.io/images/logo.svg,https://esphome.io/images/i2s_audio.svg,1,1,I²S Audio Microphone,I²S Audio Microphone,,,
/components/micronova/,MicroNova based pellet stove - ESPHome - Smart Home Made Simple,63,MicroNova based pellet stove - ESPHome - Smart Home Made Simple,63,Yes,Instructions for setting up a MicroNova board based pellet stove in ESPHome.,76,Instructions for setting up a MicroNova board based pellet stove in ESPHome.,76,Yes,https://esphome.io/components/micronova/,,MicroNova based pellet stove,MicroNova based pellet stove,Instructions for setting up a MicroNova board based pellet stove in ESPHome.,Instructions for setting up a MicroNova board based pellet stove in ESPHome.,https://esphome.io/images/logo.svg,,article,website,https://esphome.io/components/micronova/,https://esphome.io/components/micronova/,summary_large_image,summary_large_image,https://esphome.io/images/logo.svg,,1,1,MicroNova based pellet stove,MicroNova based pellet stove,,,Title too long
/components/micro_wake_word/,Micro Wake Word - ESPHome - Smart Home Made Simple,50,Micro Wake Word - ESPHome - Smart Home Made Simple,50,Yes,Instructions for creating a custom wake word using microWakeWord.,65,Instructions for creating a custom wake word using microWakeWord.,65,Yes,https://esphome.io/components/micro_wake_word/,,Micro Wake Word,Micro Wake Word,Instructions for creating a custom wake word using microWakeWord.,Instructions for creating a custom wake word using microWakeWord.,https://esphome.io/images/logo.svg,https://esphome.io/images/voice-assistant.svg,article,website,https://esphome.io/components/micro_wake_word/,https://esphome.io/components/micro_wake_word/,summary_large_image,summary_large_image,https://esphome.io/images/logo.svg,https://esphome.io/images/voice-assistant.svg,1,1,Micro Wake Word,Micro Wake Word,,,
/components/media_player/,Media Player Components - ESPHome - Smart Home Made Simple,58,Media Player Components - ESPHome - Smart Home Made Simple,58,Yes,Instructions for setting up generic media players in ESPHome.,61,Instructions for setting up generic media players in ESPHome.,61,Yes,https://esphome.io/components/media_player/,,Media Player Components,Media Player Components,Instructions for setting up generic media players in ESPHome.,Instructions for setting up generic media players in ESPHome.,https://esphome.io/images/logo.svg,https://esphome.io/images/folder-open.svg,article,website,https://esphome.io/components/media_player/,https://esphome.io/components/media_player/,summary_large_image,summary_large_image,https://esphome.io/images/logo.svg,https://esphome.io/images/folder-open.svg,1,1,Media Player Components,Media Player Components,,,
/components/media_player/speaker/,Speaker Audio Media Player - ESPHome - Smart Home Made Simple,61,Speaker Audio Media Player - ESPHome - Smart Home Made Simple,61,Yes,Instructions for setting up a speaker media player in ESPHome.,62,Instructions for setting up a speaker media player in ESPHome.,62,Yes,https://esphome.io/components/media_player/speaker/,,Speaker Audio Media Player,Speaker Audio Media Player,Instructions for setting up a speaker media player in ESPHome.,Instructions for setting up a speaker media player in ESPHome.,https://esphome.io/images/logo.svg,https://esphome.io/images/speaker.svg,article,website,https://esphome.io/components/media_player/speaker/,https://esphome.io/components/media_player/speaker/,summary_large_image,summary_large_image,https://esphome.io/images/logo.svg,https://esphome.io/images/speaker.svg,1,1,Speaker Audio Media Player,Speaker Audio Media Player,,,Title too long
/components/media_player/i2s_audio/,I²S Audio Media Player - ESPHome - Smart Home Made Simple,57,I²S Audio Media Player - ESPHome - Smart Home Made Simple,57,Yes,Instructions for setting up I²S based media players in ESPHome.,63,Instructions for setting up I²S based media players in ESPHome.,63,Yes,https://esphome.io/components/media_player/i2s_audio/,,I²S Audio Media Player,I²S Audio Media Player,Instructions for setting up I²S based media players in ESPHome.,Instructions for setting up I²S based media players in ESPHome.,https://esphome.io/images/logo.svg,https://esphome.io/images/i2s_audio.svg,article,website,https://esphome.io/components/media_player/i2s_audio/,https://esphome.io/components/media_player/i2s_audio/,summary_large_image,summary_large_image,https://esphome.io/images/logo.svg,https://esphome.io/images/i2s_audio.svg,1,1,I²S Audio Media Player,I²S Audio Media Player,,,
/components/mdns/,mDNS Component - ESPHome - Smart Home Made Simple,49,mDNS Component - ESPHome - Smart Home Made Simple,49,Yes,Instructions for setting up the mDNS configuration for your ESP node in ESPHome.,80,Instructions for setting up the mDNS configuration for your ESP node in ESPHome.,80,Yes,https://esphome.io/components/mdns/,,mDNS Component,mDNS Component,Instructions for setting up the mDNS configuration for your ESP node in ESPHome.,Instructions for setting up the mDNS configuration for your ESP node in ESPHome.,https://esphome.io/images/logo.svg,https://esphome.io/images/radio-tower.svg,article,website,https://esphome.io/components/mdns/,https://esphome.io/components/mdns/,summary_large_image,summary_large_image,https://esphome.io/images/logo.svg,https://esphome.io/images/radio-tower.svg,1,1,mDNS Component,mDNS Component,,,
/components/mcp23sxx/,MCP23Sxx I/O Expander - ESPHome - Smart Home Made Simple,56,MCP23Sxx I/O Expander - ESPHome - Smart Home Made Simple,56,Yes,"Instructions for setting up MCP23S08, MCP23S16 or MCP23S17 digital port expander in ESPHome. This series features exactly the same API as the MCP230xx I/O Expander (I²C)",169,"Instructions for setting up MCP23S08, MCP23S16 or MCP23S17 digital port expander in ESPHome. This series features exactly the same API as the MCP230xx I/O Expander (I²C)",169,Yes,https://esphome.io/components/mcp23sxx/,,MCP23Sxx I/O Expander,MCP23Sxx I/O Expander,"Instructions for setting up MCP23S08, MCP23S16 or MCP23S17 digital port expander in ESPHome. This series features exactly the same API as the MCP230xx I/O Expander (I²C)","Instructions for setting up MCP23S08, MCP23S16 or MCP23S17 digital port expander in ESPHome. This series features exactly the same API as the MCP230xx I/O Expander (I²C)",https://esphome.io/images/logo.svg,https://esphome.io/images/mcp230xx.svg,article,website,https://esphome.io/components/mcp23sxx/,https://esphome.io/components/mcp23sxx/,summary_large_image,summary_large_image,https://esphome.io/images/logo.svg,https://esphome.io/images/mcp230xx.svg,1,1,MCP23Sxx I/O Expander,MCP23Sxx I/O Expander,,,Desc too long
/components/mcp230xx/,MCP230xx I/O Expander - ESPHome - Smart Home Made Simple,56,MCP230xx I/O Expander - ESPHome - Smart Home Made Simple,56,Yes,"Instructions for setting up MCP23008, MCP23016 or MCP23017 digital port expander in ESPHome.",92,"Instructions for setting up MCP23008, MCP23016 or MCP23017 digital port expander in ESPHome.",92,Yes,https://esphome.io/components/mcp230xx/,,MCP230xx I/O Expander,MCP230xx I/O Expander,"Instructions for setting up MCP23008, MCP23016 or MCP23017 digital port expander in ESPHome.","Instructions for setting up MCP23008, MCP23016 or MCP23017 digital port expander in ESPHome.",https://esphome.io/images/logo.svg,https://esphome.io/images/mcp230xx.svg,article,website,https://esphome.io/components/mcp230xx/,https://esphome.io/components/mcp230xx/,summary_large_image,summary_large_image,https://esphome.io/images/logo.svg,https://esphome.io/images/mcp230xx.svg,1,1,MCP230xx I/O Expander,MCP230xx I/O Expander,,,
/components/max6956/,MAX6956 I/O Expander - ESPHome - Smart Home Made Simple,55,MAX6956 I/O Expander - ESPHome - Smart Home Made Simple,55,Yes,Instructions for setting up MAX6956 port expanders in ESPHome.,62,Instructions for setting up MAX6956 port expanders in ESPHome.,62,Yes,https://esphome.io/components/max6956/,,MAX6956 I/O Expander,MAX6956 I/O Expander,Instructions for setting up MAX6956 port expanders in ESPHome.,Instructions for setting up MAX6956 port expanders in ESPHome.,https://esphome.io/images/logo.svg,https://esphome.io/images/max6956.jpg,article,website,https://esphome.io/components/max6956/,https://esphome.io/components/max6956/,summary_large_image,summary_large_image,https://esphome.io/images/logo.svg,https://esphome.io/images/max6956.jpg,1,1,MAX6956 I/O Expander,MAX6956 I/O Expander,,,
/components/matrix_keypad/,Matrix keypad - ESPHome - Smart Home Made Simple,48,Matrix keypad - ESPHome - Smart Home Made Simple,48,Yes,Matrix key input panel,22,Matrix key input panel,22,Yes,https://esphome.io/components/matrix_keypad/,,Matrix keypad,Matrix keypad,Matrix key input panel,Matrix key input panel,https://esphome.io/images/logo.svg,,article,website,https://esphome.io/components/matrix_keypad/,https://esphome.io/components/matrix_keypad/,summary_large_image,summary_large_image,https://esphome.io/images/logo.svg,,1,1,Matrix keypad,Matrix keypad,,,Desc short
/components/mapping/,Mapping Component - ESPHome - Smart Home Made Simple,52,Mapping Component - ESPHome - Smart Home Made Simple,52,Yes,Mapping Component,17,,,No,https://esphome.io/components/mapping/,,Mapping Component,Mapping Component,Mapping Component,,https://esphome.io/images/logo.svg,,article,website,https://esphome.io/components/mapping/,https://esphome.io/components/mapping/,summary_large_image,summary_large_image,https://esphome.io/images/logo.svg,,1,1,Mapping Component,Mapping Component,,,Desc short
/components/lvgl/,LVGL Graphics - ESPHome - Smart Home Made Simple,48,LVGL Graphics - ESPHome - Smart Home Made Simple,48,Yes,LVGL - ESPHome Displays showing contents created with Light and Versatile Graphics Library,90,LVGL - ESPHome Displays showing contents created with Light and Versatile Graphics Library,90,Yes,https://esphome.io/components/lvgl/,,LVGL Graphics,LVGL Graphics,LVGL - ESPHome Displays showing contents created with Light and Versatile Graphics Library,LVGL - ESPHome Displays showing contents created with Light and Versatile Graphics Library,https://esphome.io/images/logo.svg,https://esphome.io/images/lvgl.png,article,website,https://esphome.io/components/lvgl/,https://esphome.io/components/lvgl/,summary_large_image,summary_large_image,https://esphome.io/images/logo.svg,https://esphome.io/images/lvgl.png,1,1,LVGL Graphics,LVGL Graphics,,,
/components/lvgl/widgets/,LVGL Widgets - ESPHome - Smart Home Made Simple,47,LVGL Widgets - ESPHome - Smart Home Made Simple,47,Yes,LVGL Widgets,12,,,No,https://esphome.io/components/lvgl/widgets/,,LVGL Widgets,LVGL Widgets,LVGL Widgets,,https://esphome.io/images/logo.svg,,article,website,https://esphome.io/components/lvgl/widgets/,https://esphome.io/components/lvgl/widgets/,summary_large_image,summary_large_image,https://esphome.io/images/logo.svg,,1,1,LVGL Widgets,LVGL Widgets,,,Desc short
/components/lvgl/layouts/,LVGL Layouts - ESPHome - Smart Home Made Simple,47,LVGL Layouts - ESPHome - Smart Home Made Simple,47,Yes,LVGL Layouts,12,,,No,https://esphome.io/components/lvgl/layouts/,,LVGL Layouts,LVGL Layouts,LVGL Layouts,,https://esphome.io/images/logo.svg,,article,website,https://esphome.io/components/lvgl/layouts/,https://esphome.io/components/lvgl/layouts/,summary_large_image,summary_large_image,https://esphome.io/images/logo.svg,,1,,LVGL Layouts,,,,Desc short
/components/logger/,Logger Component - ESPHome - Smart Home Made Simple,51,Logger Component - ESPHome - Smart Home Made Simple,51,Yes,Instructions for setting up the central logging component in ESPHome.,69,Instructions for setting up the central logging component in ESPHome.,69,Yes,https://esphome.io/components/logger/,,Logger Component,Logger Component,Instructions for setting up the central logging component in ESPHome.,Instructions for setting up the central logging component in ESPHome.,https://esphome.io/images/logo.svg,https://esphome.io/images/file-document-box.svg,article,website,https://esphome.io/components/logger/,https://esphome.io/components/logger/,summary_large_image,summary_large_image,https://esphome.io/images/logo.svg,https://esphome.io/images/file-document-box.svg,1,1,Logger Component,Logger Component,,,
/components/lock/,Lock Component - ESPHome - Smart Home Made Simple,49,Lock Component - ESPHome - Smart Home Made Simple,49,Yes,Instructions for setting up generic locks in ESPHome.,53,Instructions for setting up generic locks in ESPHome.,53,Yes,https://esphome.io/components/lock/,,Lock Component,Lock Component,Instructions for setting up generic locks in ESPHome.,Instructions for setting up generic locks in ESPHome.,https://esphome.io/images/logo.svg,https://esphome.io/images/folder-open.svg,article,website,https://esphome.io/components/lock/,https://esphome.io/components/lock/,summary_large_image,summary_large_image,https://esphome.io/images/logo.svg,https://esphome.io/images/folder-open.svg,1,1,Lock Component,Lock Component,,,
/components/lock/template/,Template Lock - ESPHome - Smart Home Made Simple,48,Template Lock - ESPHome - Smart Home Made Simple,48,Yes,"Instructions for setting up template locks that can execute arbitrary actions when locked, unlocked, or opened",110,"Instructions for setting up template locks that can execute arbitrary actions when locked, unlocked, or opened",110,Yes,https://esphome.io/components/lock/template/,,Template Lock,Template Lock,"Instructions for setting up template locks that can execute arbitrary actions when locked, unlocked, or opened","Instructions for setting up template locks that can execute arbitrary actions when locked, unlocked, or opened",https://esphome.io/images/logo.svg,https://esphome.io/images/description.svg,article,website,https://esphome.io/components/lock/template/,https://esphome.io/components/lock/template/,summary_large_image,summary_large_image,https://esphome.io/images/logo.svg,https://esphome.io/images/description.svg,1,1,Template Lock,Template Lock,,,
/components/lock/output/,Generic Output Lock - ESPHome - Smart Home Made Simple,54,Generic Output Lock - ESPHome - Smart Home Made Simple,54,Yes,Instructions for setting up generic output locks in ESPHome that control an output component.,93,Instructions for setting up generic output locks in ESPHome that control an output component.,93,Yes,https://esphome.io/components/lock/output/,,Generic Output Lock,Generic Output Lock,Instructions for setting up generic output locks in ESPHome that control an output component.,Instructions for setting up generic output locks in ESPHome that control an output component.,https://esphome.io/images/logo.svg,https://esphome.io/images/upload.svg,article,website,https://esphome.io/components/lock/output/,https://esphome.io/components/lock/output/,summary_large_image,summary_large_image,https://esphome.io/images/logo.svg,https://esphome.io/images/upload.svg,1,1,Generic Output Lock,Generic Output Lock,,,
/components/lightwaverf/,LightWaveRF - ESPHome - Smart Home Made Simple,46,LightWaveRF - ESPHome - Smart Home Made Simple,46,Yes,LightWaveRF Switch Lights,25,LightWaveRF Switch Lights,25,Yes,https://esphome.io/components/lightwaverf/,,LightWaveRF,LightWaveRF,LightWaveRF Switch Lights,LightWaveRF Switch Lights,https://esphome.io/images/logo.svg,https://esphome.io/images/brightness-medium.svg,article,website,https://esphome.io/components/lightwaverf/,https://esphome.io/components/lightwaverf/,summary_large_image,summary_large_image,https://esphome.io/images/logo.svg,https://esphome.io/images/brightness-medium.svg,1,1,LightWaveRF,LightWaveRF,,,Desc short
/components/light/,Light Component - ESPHome - Smart Home Made Simple,50,Light Component - ESPHome - Smart Home Made Simple,50,Yes,Instructions for setting up lights and light effects in ESPHome.,64,Instructions for setting up lights and light effects in ESPHome.,64,Yes,https://esphome.io/components/light/,,Light Component,Light Component,Instructions for setting up lights and light effects in ESPHome.,Instructions for setting up lights and light effects in ESPHome.,https://esphome.io/images/logo.svg,https://esphome.io/images/folder-open.svg,article,website,https://esphome.io/components/light/,https://esphome.io/components/light/,summary_large_image,summary_large_image,https://esphome.io/images/logo.svg,https://esphome.io/images/folder-open.svg,1,1,Light Component,Light Component,,,
/components/light/tuya/,Tuya Dimmer - ESPHome - Smart Home Made Simple,46,Tuya Dimmer - ESPHome - Smart Home Made Simple,46,Yes,Instructions for setting up a Tuya dimmer switch.,49,Instructions for setting up a Tuya dimmer switch.,49,Yes,https://esphome.io/components/light/tuya/,,Tuya Dimmer,Tuya Dimmer,Instructions for setting up a Tuya dimmer switch.,Instructions for setting up a Tuya dimmer switch.,https://esphome.io/images/logo.svg,https://esphome.io/images/brightness-medium.svg,article,website,https://esphome.io/components/light/tuya/,https://esphome.io/components/light/tuya/,summary_large_image,summary_large_image,https://esphome.io/images/logo.svg,https://esphome.io/images/brightness-medium.svg,1,1,Tuya Dimmer,Tuya Dimmer,,,Desc short
/components/light/status_led/,Status LED Light - ESPHome - Smart Home Made Simple,51,Status LED Light - ESPHome - Smart Home Made Simple,51,Yes,Instructions for setting up a Status LED shared also as binary ON/OFF light in ESPHome.,87,Instructions for setting up a Status LED shared also as binary ON/OFF light in ESPHome.,87,Yes,https://esphome.io/components/light/status_led/,,Status LED Light,Status LED Light,Instructions for setting up a Status LED shared also as binary ON/OFF light in ESPHome.,Instructions for setting up a Status LED shared also as binary ON/OFF light in ESPHome.,https://esphome.io/images/logo.svg,https://esphome.io/images/led-on.svg,article,website,https://esphome.io/components/light/status_led/,https://esphome.io/components/light/status_led/,summary_large_image,summary_large_image,https://esphome.io/images/logo.svg,https://esphome.io/images/led-on.svg,1,1,Status LED Light,Status LED Light,,,
/components/light/spi_led_strip/,SPI LED Strip Light - ESPHome - Smart Home Made Simple,54,SPI LED Strip Light - ESPHome - Smart Home Made Simple,54,Yes,Instructions for setting up SPI LED RGB lights in ESPHome.,58,Instructions for setting up SPI LED RGB lights in ESPHome.,58,Yes,https://esphome.io/components/light/spi_led_strip/,,SPI LED Strip Light,SPI LED Strip Light,Instructions for setting up SPI LED RGB lights in ESPHome.,Instructions for setting up SPI LED RGB lights in ESPHome.,https://esphome.io/images/logo.svg,https://esphome.io/components/light/images/apa102.jpg,article,website,https://esphome.io/components/light/spi_led_strip/,https://esphome.io/components/light/spi_led_strip/,summary_large_image,summary_large_image,https://esphome.io/images/logo.svg,https://esphome.io/components/light/images/apa102.jpg,1,1,SPI LED Strip Light,SPI LED Strip Light,,,
/components/light/sonoff_d1/,Sonoff D1 Dimmer - ESPHome - Smart Home Made Simple,51,Sonoff D1 Dimmer - ESPHome - Smart Home Made Simple,51,Yes,Instructions for setting up a Sonoff D1 dimmer switch.,54,Instructions for setting up a Sonoff D1 dimmer switch.,54,Yes,https://esphome.io/components/light/sonoff_d1/,,Sonoff D1 Dimmer,Sonoff D1 Dimmer,Instructions for setting up a Sonoff D1 dimmer switch.,Instructions for setting up a Sonoff D1 dimmer switch.,https://esphome.io/images/logo.svg,https://esphome.io/images/brightness-medium.svg,article,website,https://esphome.io/components/light/sonoff_d1/,https://esphome.io/components/light/sonoff_d1/,summary_large_image,summary_large_image,https://esphome.io/images/logo.svg,https://esphome.io/images/brightness-medium.svg,1,1,Sonoff D1 Dimmer,Sonoff D1 Dimmer,,,
/components/light/shelly_dimmer/,Shelly Dimmer - ESPHome - Smart Home Made Simple,48,Shelly Dimmer - ESPHome - Smart Home Made Simple,48,Yes,Instructions for setting up a Shelly Dimmer 2.,46,Instructions for setting up a Shelly Dimmer 2.,46,Yes,https://esphome.io/components/light/shelly_dimmer/,,Shelly Dimmer,Shelly Dimmer,Instructions for setting up a Shelly Dimmer 2.,Instructions for setting up a Shelly Dimmer 2.,https://esphome.io/images/logo.svg,https://esphome.io/images/shellydimmer2.jpg,article,website,https://esphome.io/components/light/shelly_dimmer/,https://esphome.io/components/light/shelly_dimmer/,summary_large_image,summary_large_image,https://esphome.io/images/logo.svg,https://esphome.io/images/shellydimmer2.jpg,1,1,Shelly Dimmer,Shelly Dimmer,,,Desc short
/components/light/rp2040_pio_led_strip/,RP2040 PIO LED Strip - ESPHome - Smart Home Made Simple,55,RP2040 PIO LED Strip - ESPHome - Smart Home Made Simple,55,Yes,Instructions for setting up addressable lights like NEOPIXEL on an RP2040 using the PIO peripheral.,99,Instructions for setting up addressable lights like NEOPIXEL on an RP2040 using the PIO peripheral.,99,Yes,https://esphome.io/components/light/rp2040_pio_led_strip/,,RP2040 PIO LED Strip,RP2040 PIO LED Strip,Instructions for setting up addressable lights like NEOPIXEL on an RP2040 using the PIO peripheral.,Instructions for setting up addressable lights like NEOPIXEL on an RP2040 using the PIO peripheral.,https://esphome.io/images/logo.svg,https://esphome.io/images/color_lens.svg,article,website,https://esphome.io/components/light/rp2040_pio_led_strip/,https://esphome.io/components/light/rp2040_pio_led_strip/,summary_large_image,summary_large_image,https://esphome.io/images/logo.svg,https://esphome.io/images/color_lens.svg,1,1,RP2040 PIO LED Strip,RP2040 PIO LED Strip,,,
/components/light/rgbww/,RGBWW Light - ESPHome - Smart Home Made Simple,46,RGBWW Light - ESPHome - Smart Home Made Simple,46,Yes,Instructions for setting up RGBWW lights.,41,Instructions for setting up RGBWW lights.,41,Yes,https://esphome.io/components/light/rgbww/,,RGBWW Light,RGBWW Light,Instructions for setting up RGBWW lights.,Instructions for setting up RGBWW lights.,https://esphome.io/images/logo.svg,https://esphome.io/images/rgbw.png,article,website,https://esphome.io/components/light/rgbww/,https://esphome.io/components/light/rgbww/,summary_large_image,summary_large_image,https://esphome.io/images/logo.svg,https://esphome.io/images/rgbw.png,1,1,RGBWW Light,RGBWW Light,,,Desc short
/components/light/rgbw/,RGBW Light - ESPHome - Smart Home Made Simple,45,RGBW Light - ESPHome - Smart Home Made Simple,45,Yes,Instructions for setting up RGB + White-Channel lights.,55,Instructions for setting up RGB + White-Channel lights.,55,Yes,https://esphome.io/components/light/rgbw/,,RGBW Light,RGBW Light,Instructions for setting up RGB + White-Channel lights.,Instructions for setting up RGB + White-Channel lights.,https://esphome.io/images/logo.svg,https://esphome.io/images/rgbw.png,article,website,https://esphome.io/components/light/rgbw/,https://esphome.io/components/light/rgbw/,summary_large_image,summary_large_image,https://esphome.io/images/logo.svg,https://esphome.io/images/rgbw.png,1,1,RGBW Light,RGBW Light,,,
/components/light/rgbct/,RGBCT Light - ESPHome - Smart Home Made Simple,46,RGBCT Light - ESPHome - Smart Home Made Simple,46,Yes,Instructions for setting up RGBCT lights.,41,Instructions for setting up RGBCT lights.,41,Yes,https://esphome.io/components/light/rgbct/,,RGBCT Light,RGBCT Light,Instructions for setting up RGBCT lights.,Instructions for setting up RGBCT lights.,https://esphome.io/images/logo.svg,https://esphome.io/images/rgbw.png,article,website,https://esphome.io/components/light/rgbct/,https://esphome.io/components/light/rgbct/,summary_large_image,summary_large_image,https://esphome.io/images/logo.svg,https://esphome.io/images/rgbw.png,1,1,RGBCT Light,RGBCT Light,,,Desc short
/components/light/rgb/,RGB Light - ESPHome - Smart Home Made Simple,44,RGB Light - ESPHome - Smart Home Made Simple,44,Yes,Instructions for setting up RGB lights in ESPHome.,50,Instructions for setting up RGB lights in ESPHome.,50,Yes,https://esphome.io/components/light/rgb/,,RGB Light,RGB Light,Instructions for setting up RGB lights in ESPHome.,Instructions for setting up RGB lights in ESPHome.,https://esphome.io/images/logo.svg,https://esphome.io/images/rgb.png,article,website,https://esphome.io/components/light/rgb/,https://esphome.io/components/light/rgb/,summary_large_image,summary_large_image,https://esphome.io/images/logo.svg,https://esphome.io/images/rgb.png,1,1,RGB Light,RGB Light,,,
/components/light/partition/,Light Partition - ESPHome - Smart Home Made Simple,50,Light Partition - ESPHome - Smart Home Made Simple,50,Yes,Instructions for setting up light partitions.,45,Instructions for setting up light partitions.,45,Yes,https://esphome.io/components/light/partition/,,Light Partition,Light Partition,Instructions for setting up light partitions.,Instructions for setting up light partitions.,https://esphome.io/images/logo.svg,https://esphome.io/images/color_lens.svg,article,website,https://esphome.io/components/light/partition/,https://esphome.io/components/light/partition/,summary_large_image,summary_large_image,https://esphome.io/images/logo.svg,https://esphome.io/images/color_lens.svg,1,1,Light Partition,Light Partition,,,Desc short
/components/light/neopixelbus/,NeoPixelBus Light - ESPHome - Smart Home Made Simple,52,NeoPixelBus Light - ESPHome - Smart Home Made Simple,52,Yes,Instructions for setting up Neopixel addressable lights.,56,Instructions for setting up Neopixel addressable lights.,56,Yes,https://esphome.io/components/light/neopixelbus/,,NeoPixelBus Light,NeoPixelBus Light,Instructions for setting up Neopixel addressable lights.,Instructions for setting up Neopixel addressable lights.,https://esphome.io/images/logo.svg,https://esphome.io/images/color_lens.svg,article,website,https://esphome.io/components/light/neopixelbus/,https://esphome.io/components/light/neopixelbus/,summary_large_image,summary_large_image,https://esphome.io/images/logo.svg,https://esphome.io/images/color_lens.svg,1,1,NeoPixelBus Light,NeoPixelBus Light,,,
/components/light/monochromatic/,Monochromatic Light - ESPHome - Smart Home Made Simple,54,Monochromatic Light - ESPHome - Smart Home Made Simple,54,Yes,Instructions for setting up monochromatic (brightness-only) lights.,67,Instructions for setting up monochromatic (brightness-only) lights.,67,Yes,https://esphome.io/components/light/monochromatic/,,Monochromatic Light,Monochromatic Light,Instructions for setting up monochromatic (brightness-only) lights.,Instructions for setting up monochromatic (brightness-only) lights.,https://esphome.io/images/logo.svg,https://esphome.io/images/brightness-medium.svg,article,website,https://esphome.io/components/light/monochromatic/,https://esphome.io/components/light/monochromatic/,summary_large_image,summary_large_image,https://esphome.io/images/logo.svg,https://esphome.io/images/brightness-medium.svg,1,1,Monochromatic Light,Monochromatic Light,,,
/components/light/lvgl/,LVGL Light - ESPHome - Smart Home Made Simple,45,LVGL Light - ESPHome - Smart Home Made Simple,45,Yes,Instructions for setting up an LVGL widget light.,49,Instructions for setting up an LVGL widget light.,49,Yes,https://esphome.io/components/light/lvgl/,,LVGL Light,LVGL Light,Instructions for setting up an LVGL widget light.,Instructions for setting up an LVGL widget light.,https://esphome.io/images/logo.svg,https://esphome.io/images/lvgl_c_lig.png,article,website,https://esphome.io/components/light/lvgl/,https://esphome.io/components/light/lvgl/,summary_large_image,summary_large_image,https://esphome.io/images/logo.svg,https://esphome.io/images/lvgl_c_lig.png,1,1,LVGL Light,LVGL Light,,,Desc short
/components/light/hbridge/,H-bridge Light - ESPHome - Smart Home Made Simple,49,H-bridge Light - ESPHome - Smart Home Made Simple,49,Yes,Instructions for setting up a hbridge light.,44,Instructions for setting up a hbridge light.,44,Yes,https://esphome.io/components/light/hbridge/,,H-bridge Light,H-bridge Light,Instructions for setting up a hbridge light.,Instructions for setting up a hbridge light.,https://esphome.io/images/logo.svg,https://esphome.io/images/brightness-medium.svg,article,website,https://esphome.io/components/light/hbridge/,https://esphome.io/components/light/hbridge/,summary_large_image,summary_large_image,https://esphome.io/images/logo.svg,https://esphome.io/images/brightness-medium.svg,1,1,H-bridge Light,H-bridge Light,,,Desc short
/components/light/fastled/,FastLED Light - ESPHome - Smart Home Made Simple,48,FastLED Light - ESPHome - Smart Home Made Simple,48,Yes,Instructions for setting up FastLED addressable lights like NEOPIXEL.,69,Instructions for setting up FastLED addressable lights like NEOPIXEL.,69,Yes,https://esphome.io/components/light/fastled/,,FastLED Light,FastLED Light,Instructions for setting up FastLED addressable lights like NEOPIXEL.,Instructions for setting up FastLED addressable lights like NEOPIXEL.,https://esphome.io/images/logo.svg,https://esphome.io/images/color_lens.svg,article,website,https://esphome.io/components/light/fastled/,https://esphome.io/components/light/fastled/,summary_large_image,summary_large_image,https://esphome.io/images/logo.svg,https://esphome.io/images/color_lens.svg,1,1,FastLED Light,FastLED Light,,,
/components/light/esp32_rmt_led_strip/,ESP32 RMT LED Strip - ESPHome - Smart Home Made Simple,54,ESP32 RMT LED Strip - ESPHome - Smart Home Made Simple,54,Yes,Instructions for setting up addressable lights like NEOPIXEL on an ESP32 using the RMT peripheral.,98,Instructions for setting up addressable lights like NEOPIXEL on an ESP32 using the RMT peripheral.,98,Yes,https://esphome.io/components/light/esp32_rmt_led_strip/,,ESP32 RMT LED Strip,ESP32 RMT LED Strip,Instructions for setting up addressable lights like NEOPIXEL on an ESP32 using the RMT peripheral.,Instructions for setting up addressable lights like NEOPIXEL on an ESP32 using the RMT peripheral.,https://esphome.io/images/logo.svg,https://esphome.io/images/color_lens.svg,article,website,https://esphome.io/components/light/esp32_rmt_led_strip/,https://esphome.io/components/light/esp32_rmt_led_strip/,summary_large_image,summary_large_image,https://esphome.io/images/logo.svg,https://esphome.io/images/color_lens.svg,1,1,ESP32 RMT LED Strip,ESP32 RMT LED Strip,,,
/components/light/cwww/,Cold White + Warm White Light - ESPHome - Smart Home Made Simple,64,Cold White + Warm White Light - ESPHome - Smart Home Made Simple,64,Yes,Instructions for setting up Cold White + Warm White lights.,59,Instructions for setting up Cold White + Warm White lights.,59,Yes,https://esphome.io/components/light/cwww/,,Cold White + Warm White Light,Cold White + Warm White Light,Instructions for setting up Cold White + Warm White lights.,Instructions for setting up Cold White + Warm White lights.,https://esphome.io/images/logo.svg,https://esphome.io/images/brightness-medium.svg,article,website,https://esphome.io/components/light/cwww/,https://esphome.io/components/light/cwww/,summary_large_image,summary_large_image,https://esphome.io/images/logo.svg,https://esphome.io/images/brightness-medium.svg,1,1,Cold White + Warm White Light,Cold White + Warm White Light,,,Title too long
/components/light/color_temperature/,Color Temperature Light - ESPHome - Smart Home Made Simple,58,Color Temperature Light - ESPHome - Smart Home Made Simple,58,Yes,Instructions for setting up Color Temperature lights.,53,Instructions for setting up Color Temperature lights.,53,Yes,https://esphome.io/components/light/color_temperature/,,Color Temperature Light,Color Temperature Light,Instructions for setting up Color Temperature lights.,Instructions for setting up Color Temperature lights.,https://esphome.io/images/logo.svg,https://esphome.io/images/brightness-medium.svg,article,website,https://esphome.io/components/light/color_temperature/,https://esphome.io/components/light/color_temperature/,summary_large_image,summary_large_image,https://esphome.io/images/logo.svg,https://esphome.io/images/brightness-medium.svg,1,1,Color Temperature Light,Color Temperature Light,,,
/components/light/binary/,Binary Light - ESPHome - Smart Home Made Simple,47,Binary Light - ESPHome - Smart Home Made Simple,47,Yes,Instructions for setting up binary ON/OFF lights in ESPHome.,60,Instructions for setting up binary ON/OFF lights in ESPHome.,60,Yes,https://esphome.io/components/light/binary/,,Binary Light,Binary Light,Instructions for setting up binary ON/OFF lights in ESPHome.,Instructions for setting up binary ON/OFF lights in ESPHome.,https://esphome.io/images/logo.svg,https://esphome.io/images/lightbulb.svg,article,website,https://esphome.io/components/light/binary/,https://esphome.io/components/light/binary/,summary_large_image,summary_large_image,https://esphome.io/images/logo.svg,https://esphome.io/images/lightbulb.svg,1,1,Binary Light,Binary Light,,,
/components/light/beken_spi_led_strip/,Beken SPI LED Strip - ESPHome - Smart Home Made Simple,54,Beken SPI LED Strip - ESPHome - Smart Home Made Simple,54,Yes,Instructions for setting up addressable lights like NEOPIXEL on a Beken chip using the SPI DMA interface.,105,Instructions for setting up addressable lights like NEOPIXEL on a Beken chip using the SPI DMA interface.,105,Yes,https://esphome.io/components/light/beken_spi_led_strip/,,Beken SPI LED Strip,Beken SPI LED Strip,Instructions for setting up addressable lights like NEOPIXEL on a Beken chip using the SPI DMA interface.,Instructions for setting up addressable lights like NEOPIXEL on a Beken chip using the SPI DMA interface.,https://esphome.io/images/logo.svg,https://esphome.io/images/color_lens.svg,article,website,https://esphome.io/components/light/beken_spi_led_strip/,https://esphome.io/components/light/beken_spi_led_strip/,summary_large_image,summary_large_image,https://esphome.io/images/logo.svg,https://esphome.io/images/color_lens.svg,1,1,Beken SPI LED Strip,Beken SPI LED Strip,,,
/components/libretiny/,LibreTiny Platform - ESPHome - Smart Home Made Simple,53,LibreTiny Platform - ESPHome - Smart Home Made Simple,53,Yes,Configuration for the LibreTiny platform for ESPHome.,53,Configuration for the LibreTiny platform for ESPHome.,53,Yes,https://esphome.io/components/libretiny/,,LibreTiny Platform,LibreTiny Platform,Configuration for the LibreTiny platform for ESPHome.,Configuration for the LibreTiny platform for ESPHome.,https://esphome.io/images/logo.svg,https://esphome.io/images/libretiny.svg,article,website,https://esphome.io/components/libretiny/,https://esphome.io/components/libretiny/,summary_large_image,summary_large_image,https://esphome.io/images/logo.svg,https://esphome.io/images/libretiny.svg,1,1,LibreTiny Platform,LibreTiny Platform,,,
/components/key_collector/,Key collector component - ESPHome - Smart Home Made Simple,58,Key collector component - ESPHome - Smart Home Made Simple,58,Yes,Key collector component,23,Key collector component,23,Yes,https://esphome.io/components/key_collector/,,Key collector component,Key collector component,Key collector component,Key collector component,https://esphome.io/images/logo.svg,,article,website,https://esphome.io/components/key_collector/,https://esphome.io/components/key_collector/,summary_large_image,summary_large_image,https://esphome.io/images/logo.svg,,1,1,Key collector component,Key collector component,,,Desc short
/components/json/,json Component - ESPHome - Smart Home Made Simple,49,json Component - ESPHome - Smart Home Made Simple,49,Yes,Instructions for parsing and building json within ESPHome.,58,Instructions for parsing and building json within ESPHome.,58,Yes,https://esphome.io/components/json/,,json Component,json Component,Instructions for parsing and building json within ESPHome.,Instructions for parsing and building json within ESPHome.,https://esphome.io/images/logo.svg,,article,website,https://esphome.io/components/json/,https://esphome.io/components/json/,summary_large_image,summary_large_image,https://esphome.io/images/logo.svg,,1,1,json Component,json Component,,,
/components/ir_rf_proxy/,IR/RF Proxy - ESPHome - Smart Home Made Simple,46,IR/RF Proxy - ESPHome - Smart Home Made Simple,46,Yes,Instructions for setting up the IR/RF Proxy in ESPHome.,55,Instructions for setting up the IR/RF Proxy in ESPHome.,55,Yes,https://esphome.io/components/ir_rf_proxy/,,IR/RF Proxy,IR/RF Proxy,Instructions for setting up the IR/RF Proxy in ESPHome.,Instructions for setting up the IR/RF Proxy in ESPHome.,https://esphome.io/images/logo.svg,https://esphome.io/infrared.svg,article,website,https://esphome.io/components/ir_rf_proxy/,https://esphome.io/components/ir_rf_proxy/,summary_large_image,summary_large_image,https://esphome.io/images/logo.svg,https://esphome.io/infrared.svg,1,1,IR/RF Proxy,IR/RF Proxy,,,
/components/interval/,Interval Component - ESPHome - Smart Home Made Simple,53,Interval Component - ESPHome - Smart Home Made Simple,53,Yes,Interval Component,18,,,No,https://esphome.io/components/interval/,,Interval Component,Interval Component,Interval Component,,https://esphome.io/images/logo.svg,,article,website,https://esphome.io/components/interval/,https://esphome.io/components/interval/,summary_large_image,summary_large_image,https://esphome.io/images/logo.svg,,1,1,Interval Component,Interval Component,,,Desc short
/components/infrared/,Infrared Component - ESPHome - Smart Home Made Simple,53,Infrared Component - ESPHome - Smart Home Made Simple,53,Yes,Instructions for setting up infrared components in ESPHome.,59,Instructions for setting up infrared components in ESPHome.,59,Yes,https://esphome.io/components/infrared/,,Infrared Component,Infrared Component,Instructions for setting up infrared components in ESPHome.,Instructions for setting up infrared components in ESPHome.,https://esphome.io/images/logo.svg,https://esphome.io/images/folder-open.svg,article,website,https://esphome.io/components/infrared/,https://esphome.io/components/infrared/,summary_large_image,summary_large_image,https://esphome.io/images/logo.svg,https://esphome.io/images/folder-open.svg,1,1,Infrared Component,Infrared Component,,,
/components/improv_serial/,Improv via Serial - ESPHome - Smart Home Made Simple,52,Improv via Serial - ESPHome - Smart Home Made Simple,52,Yes,Instructions for setting up Improv via Serial in ESPHome.,57,Instructions for setting up Improv via Serial in ESPHome.,57,Yes,https://esphome.io/components/improv_serial/,,Improv via Serial,Improv via Serial,Instructions for setting up Improv via Serial in ESPHome.,Instructions for setting up Improv via Serial in ESPHome.,https://esphome.io/images/logo.svg,https://esphome.io/images/improv-social.png,article,website,https://esphome.io/components/improv_serial/,https://esphome.io/components/improv_serial/,summary_large_image,summary_large_image,https://esphome.io/images/logo.svg,https://esphome.io/images/improv-social.png,1,1,Improv via Serial,Improv via Serial,,,
/components/image/,Images - ESPHome - Smart Home Made Simple,41,Images - ESPHome - Smart Home Made Simple,41,Yes,Instructions to display static images on ESPHome,48,Instructions to display static images on ESPHome,48,Yes,https://esphome.io/components/image/,,Images,Images,Instructions to display static images on ESPHome,Instructions to display static images on ESPHome,https://esphome.io/images/logo.svg,https://esphome.io/images/image-outline.svg,article,website,https://esphome.io/components/image/,https://esphome.io/components/image/,summary_large_image,summary_large_image,https://esphome.io/images/logo.svg,https://esphome.io/images/image-outline.svg,1,1,Images,Images,,,Desc short
/components/i2s_audio/,I²S Audio Component - ESPHome - Smart Home Made Simple,54,I²S Audio Component - ESPHome - Smart Home Made Simple,54,Yes,Instructions for setting up I²S based devices in ESPHome.,57,Instructions for setting up I²S based devices in ESPHome.,57,Yes,https://esphome.io/components/i2s_audio/,,I²S Audio Component,I²S Audio Component,Instructions for setting up I²S based devices in ESPHome.,Instructions for setting up I²S based devices in ESPHome.,https://esphome.io/images/logo.svg,https://esphome.io/images/i2s_audio.svg,article,website,https://esphome.io/components/i2s_audio/,https://esphome.io/components/i2s_audio/,summary_large_image,summary_large_image,https://esphome.io/images/logo.svg,https://esphome.io/images/i2s_audio.svg,1,1,I²S Audio Component,I²S Audio Component,,,
/components/i2c_device/,Generic I²C device component - ESPHome - Smart Home Made Simple,63,Generic I²C device component - ESPHome - Smart Home Made Simple,63,Yes,Generic I²C device component,28,,,No,https://esphome.io/components/i2c_device/,,Generic I²C device component,Generic I²C device component,Generic I²C device component,,https://esphome.io/images/logo.svg,,article,website,https://esphome.io/components/i2c_device/,https://esphome.io/components/i2c_device/,summary_large_image,summary_large_image,https://esphome.io/images/logo.svg,,1,1,Generic I²C device component,Generic I²C device component,,,Title too long; Desc short
/components/i2c/,I²C Bus - ESPHome - Smart Home Made Simple,42,I²C Bus - ESPHome - Smart Home Made Simple,42,Yes,Instructions for setting up the I²C bus to communicate with 2-wire devices in ESPHome,85,Instructions for setting up the I²C bus to communicate with 2-wire devices in ESPHome,85,Yes,https://esphome.io/components/i2c/,,I²C Bus,I²C Bus,Instructions for setting up the I²C bus to communicate with 2-wire devices in ESPHome,Instructions for setting up the I²C bus to communicate with 2-wire devices in ESPHome,https://esphome.io/images/logo.svg,https://esphome.io/images/i2c.svg,article,website,https://esphome.io/components/i2c/,https://esphome.io/components/i2c/,summary_large_image,summary_large_image,https://esphome.io/images/logo.svg,https://esphome.io/images/i2c.svg,1,1,I²C Bus,I²C Bus,,,
/components/http_request/,HTTP Request - ESPHome - Smart Home Made Simple,47,HTTP Request - ESPHome - Smart Home Made Simple,47,Yes,Instructions for setting up HTTP Requests in ESPHome,52,Instructions for setting up HTTP Requests in ESPHome,52,Yes,https://esphome.io/components/http_request/,,HTTP Request,HTTP Request,Instructions for setting up HTTP Requests in ESPHome,Instructions for setting up HTTP Requests in ESPHome,https://esphome.io/images/logo.svg,https://esphome.io/images/connection.svg,article,website,https://esphome.io/components/http_request/,https://esphome.io/components/http_request/,summary_large_image,summary_large_image,https://esphome.io/images/logo.svg,https://esphome.io/images/connection.svg,1,1,HTTP Request,HTTP Request,,,
/components/host/,Host Platform - ESPHome - Smart Home Made Simple,48,Host Platform - ESPHome - Smart Home Made Simple,48,Yes,Configuration for the host platform for ESPHome.,48,Configuration for the host platform for ESPHome.,48,Yes,https://esphome.io/components/host/,,Host Platform,Host Platform,Configuration for the host platform for ESPHome.,Configuration for the host platform for ESPHome.,https://esphome.io/images/logo.svg,https://esphome.io/images/host.svg,article,website,https://esphome.io/components/host/,https://esphome.io/components/host/,summary_large_image,summary_large_image,https://esphome.io/images/logo.svg,https://esphome.io/images/host.svg,1,1,Host Platform,Host Platform,,,Desc short
/components/hlk_fm22x/,HLK-FM22x Face Recognition Module - ESPHome - Smart Home Made Simple,68,HLK-FM22x Face Recognition Module - ESPHome - Smart Home Made Simple,68,Yes,Instructions for setting up an HLK-FM22x Face Recognition component in ESPHome.,79,Instructions for setting up an HLK-FM22x Face Recognition component in ESPHome.,79,Yes,https://esphome.io/components/hlk_fm22x/,,HLK-FM22x Face Recognition Module,HLK-FM22x Face Recognition Module,Instructions for setting up an HLK-FM22x Face Recognition component in ESPHome.,Instructions for setting up an HLK-FM22x Face Recognition component in ESPHome.,https://esphome.io/images/logo.svg,https://esphome.io/images/face.svg,article,website,https://esphome.io/components/hlk_fm22x/,https://esphome.io/components/hlk_fm22x/,summary_large_image,summary_large_image,https://esphome.io/images/logo.svg,https://esphome.io/images/face.svg,1,1,HLK-FM22x Face Recognition Module,HLK-FM22x Face Recognition Module,,,Title too long
/components/grove_tb6612fng/,Grove TB6612FNG Motor Drive - ESPHome - Smart Home Made Simple,62,Grove TB6612FNG Motor Drive - ESPHome - Smart Home Made Simple,62,Yes,Instructions for setting up Grove TB6612FNG Motor Driver  in ESPHome.,69,Instructions for setting up Grove TB6612FNG Motor Driver  in ESPHome.,69,Yes,https://esphome.io/components/grove_tb6612fng/,,Grove TB6612FNG Motor Drive,Grove TB6612FNG Motor Drive,Instructions for setting up Grove TB6612FNG Motor Driver  in ESPHome.,Instructions for setting up Grove TB6612FNG Motor Driver  in ESPHome.,https://esphome.io/images/logo.svg,https://esphome.io/images/grove_tb6612fng.jpg,article,website,https://esphome.io/components/grove_tb6612fng/,https://esphome.io/components/grove_tb6612fng/,summary_large_image,summary_large_image,https://esphome.io/images/logo.svg,https://esphome.io/images/grove_tb6612fng.jpg,1,1,Grove TB6612FNG Motor Drive,Grove TB6612FNG Motor Drive,,,Title too long
/components/graph/,Graph Component - ESPHome - Smart Home Made Simple,50,Graph Component - ESPHome - Smart Home Made Simple,50,Yes,Instructions for displaying graphs in ESPHome.,46,Instructions for displaying graphs in ESPHome.,46,Yes,https://esphome.io/components/graph/,,Graph Component,Graph Component,Instructions for displaying graphs in ESPHome.,Instructions for displaying graphs in ESPHome.,https://esphome.io/images/logo.svg,https://esphome.io/images/chart-line.svg,article,website,https://esphome.io/components/graph/,https://esphome.io/components/graph/,summary_large_image,summary_large_image,https://esphome.io/images/logo.svg,https://esphome.io/images/chart-line.svg,1,1,Graph Component,Graph Component,,,Desc short
/components/gps/,GPS Component - ESPHome - Smart Home Made Simple,48,GPS Component - ESPHome - Smart Home Made Simple,48,Yes,Instructions for setting up GPS component in ESPHome.,53,Instructions for setting up GPS component in ESPHome.,53,Yes,https://esphome.io/components/gps/,,GPS Component,GPS Component,Instructions for setting up GPS component in ESPHome.,Instructions for setting up GPS component in ESPHome.,https://esphome.io/images/logo.svg,https://esphome.io/images/crosshairs-gps.svg,article,website,https://esphome.io/components/gps/,https://esphome.io/components/gps/,summary_large_image,summary_large_image,https://esphome.io/images/logo.svg,https://esphome.io/images/crosshairs-gps.svg,1,1,GPS Component,GPS Component,,,
/components/globals/,Global Variables - ESPHome - Smart Home Made Simple,51,Global Variables - ESPHome - Smart Home Made Simple,51,Yes,Global Variables,16,,,No,https://esphome.io/components/globals/,,Global Variables,Global Variables,Global Variables,,https://esphome.io/images/logo.svg,,article,website,https://esphome.io/components/globals/,https://esphome.io/components/globals/,summary_large_image,summary_large_image,https://esphome.io/images/logo.svg,,1,1,Global Variables,Global Variables,,,Desc short
/components/font/,Font Renderer Component - ESPHome - Smart Home Made Simple,58,Font Renderer Component - ESPHome - Smart Home Made Simple,58,Yes,Instructions for setting up fonts in ESPHome.,45,Instructions for setting up fonts in ESPHome.,45,Yes,https://esphome.io/components/font/,,Font Renderer Component,Font Renderer Component,Instructions for setting up fonts in ESPHome.,Instructions for setting up fonts in ESPHome.,https://esphome.io/images/logo.svg,https://esphome.io/images/format-font.svg,article,website,https://esphome.io/components/font/,https://esphome.io/components/font/,summary_large_image,summary_large_image,https://esphome.io/images/logo.svg,https://esphome.io/images/format-font.svg,1,1,Font Renderer Component,Font Renderer Component,,,Desc short
/components/fingerprint_grow/,Grow Fingerprint Reader - ESPHome - Smart Home Made Simple,58,Grow Fingerprint Reader - ESPHome - Smart Home Made Simple,58,Yes,Instructions for setting up Grow Fingerprint Reader component in ESPHome.,73,Instructions for setting up Grow Fingerprint Reader component in ESPHome.,73,Yes,https://esphome.io/components/fingerprint_grow/,,Grow Fingerprint Reader,Grow Fingerprint Reader,Instructions for setting up Grow Fingerprint Reader component in ESPHome.,Instructions for setting up Grow Fingerprint Reader component in ESPHome.,https://esphome.io/images/logo.svg,https://esphome.io/images/fingerprint.svg,article,website,https://esphome.io/components/fingerprint_grow/,https://esphome.io/components/fingerprint_grow/,summary_large_image,summary_large_image,https://esphome.io/images/logo.svg,https://esphome.io/images/fingerprint.svg,1,1,Grow Fingerprint Reader,Grow Fingerprint Reader,,,
/components/fan/,Fan Component - ESPHome - Smart Home Made Simple,48,Fan Component - ESPHome - Smart Home Made Simple,48,Yes,Instructions for setting up the base fan component.,51,Instructions for setting up the base fan component.,51,Yes,https://esphome.io/components/fan/,,Fan Component,Fan Component,Instructions for setting up the base fan component.,Instructions for setting up the base fan component.,https://esphome.io/images/logo.svg,https://esphome.io/images/folder-open.svg,article,website,https://esphome.io/components/fan/,https://esphome.io/components/fan/,summary_large_image,summary_large_image,https://esphome.io/images/logo.svg,https://esphome.io/images/folder-open.svg,1,1,Fan Component,Fan Component,,,
/components/fan/tuya/,Tuya Fan - ESPHome - Smart Home Made Simple,43,Tuya Fan - ESPHome - Smart Home Made Simple,43,Yes,Instructions for setting up a Tuya ceiling fan switch.,54,Instructions for setting up a Tuya ceiling fan switch.,54,Yes,https://esphome.io/components/fan/tuya/,,Tuya Fan,Tuya Fan,Instructions for setting up a Tuya ceiling fan switch.,Instructions for setting up a Tuya ceiling fan switch.,https://esphome.io/images/logo.svg,https://esphome.io/images/fan.svg,article,website,https://esphome.io/components/fan/tuya/,https://esphome.io/components/fan/tuya/,summary_large_image,summary_large_image,https://esphome.io/images/logo.svg,https://esphome.io/images/fan.svg,1,1,Tuya Fan,Tuya Fan,,,
/components/fan/template/,Template Fan - ESPHome - Smart Home Made Simple,47,Template Fan - ESPHome - Smart Home Made Simple,47,Yes,Instructions for setting up template fans.,42,Instructions for setting up template fans.,42,Yes,https://esphome.io/components/fan/template/,,Template Fan,Template Fan,Instructions for setting up template fans.,Instructions for setting up template fans.,https://esphome.io/images/logo.svg,https://esphome.io/images/fan.svg,article,website,https://esphome.io/components/fan/template/,https://esphome.io/components/fan/template/,summary_large_image,summary_large_image,https://esphome.io/images/logo.svg,https://esphome.io/images/fan.svg,1,1,Template Fan,Template Fan,,,Desc short
/components/fan/speed/,Speed Fan - ESPHome - Smart Home Made Simple,44,Speed Fan - ESPHome - Smart Home Made Simple,44,Yes,Instructions for setting up speed-controllable fans.,52,Instructions for setting up speed-controllable fans.,52,Yes,https://esphome.io/components/fan/speed/,,Speed Fan,Speed Fan,Instructions for setting up speed-controllable fans.,Instructions for setting up speed-controllable fans.,https://esphome.io/images/logo.svg,https://esphome.io/images/fan.svg,article,website,https://esphome.io/components/fan/speed/,https://esphome.io/components/fan/speed/,summary_large_image,summary_large_image,https://esphome.io/images/logo.svg,https://esphome.io/images/fan.svg,1,1,Speed Fan,Speed Fan,,,
/components/fan/hbridge/,H-bridge Fan - ESPHome - Smart Home Made Simple,47,H-bridge Fan - ESPHome - Smart Home Made Simple,47,Yes,Instructions for setting up hbridge controlled fans (or motors).,64,Instructions for setting up hbridge controlled fans (or motors).,64,Yes,https://esphome.io/components/fan/hbridge/,,H-bridge Fan,H-bridge Fan,Instructions for setting up hbridge controlled fans (or motors).,Instructions for setting up hbridge controlled fans (or motors).,https://esphome.io/images/logo.svg,https://esphome.io/images/fan.svg,article,website,https://esphome.io/components/fan/hbridge/,https://esphome.io/components/fan/hbridge/,summary_large_image,summary_large_image,https://esphome.io/images/logo.svg,https://esphome.io/images/fan.svg,1,1,H-bridge Fan,H-bridge Fan,,,
/components/fan/binary/,Binary Fan - ESPHome - Smart Home Made Simple,45,Binary Fan - ESPHome - Smart Home Made Simple,45,Yes,Instructions for setting up binary fans.,40,Instructions for setting up binary fans.,40,Yes,https://esphome.io/components/fan/binary/,,Binary Fan,Binary Fan,Instructions for setting up binary fans.,Instructions for setting up binary fans.,https://esphome.io/images/logo.svg,https://esphome.io/images/fan.svg,article,website,https://esphome.io/components/fan/binary/,https://esphome.io/components/fan/binary/,summary_large_image,summary_large_image,https://esphome.io/images/logo.svg,https://esphome.io/images/fan.svg,1,1,Binary Fan,Binary Fan,,,Desc short
/components/factory_reset/,Factory Reset - ESPHome - Smart Home Made Simple,48,Factory Reset - ESPHome - Smart Home Made Simple,48,Yes,Instructions for setting up conditions that can remotely invalidate all ESPHome preferences stored in flash and reboot ESP.,123,Instructions for setting up conditions that can remotely invalidate all ESPHome preferences stored in flash and reboot ESP.,123,Yes,https://esphome.io/components/factory_reset/,,Factory Reset,Factory Reset,Instructions for setting up conditions that can remotely invalidate all ESPHome preferences stored in flash and reboot ESP.,Instructions for setting up conditions that can remotely invalidate all ESPHome preferences stored in flash and reboot ESP.,https://esphome.io/images/logo.svg,,article,website,https://esphome.io/components/factory_reset/,https://esphome.io/components/factory_reset/,summary_large_image,summary_large_image,https://esphome.io/images/logo.svg,,1,1,Factory Reset,Factory Reset,,,
/components/ezo_pmp/,Atlas Scientific Peristaltic Pump - ESPHome - Smart Home Made Simple,68,Atlas Scientific Peristaltic Pump - ESPHome - Smart Home Made Simple,68,Yes,Instructions for setting up an Atlas Scientific Peristaltic Pump in ESPHome,75,Instructions for setting up an Atlas Scientific Peristaltic Pump in ESPHome,75,Yes,https://esphome.io/components/ezo_pmp/,,Atlas Scientific Peristaltic Pump,Atlas Scientific Peristaltic Pump,Instructions for setting up an Atlas Scientific Peristaltic Pump in ESPHome,Instructions for setting up an Atlas Scientific Peristaltic Pump in ESPHome,https://esphome.io/images/logo.svg,https://esphome.io/images/ezo-pmp.jpg,article,website,https://esphome.io/components/ezo_pmp/,https://esphome.io/components/ezo_pmp/,summary_large_image,summary_large_image,https://esphome.io/images/logo.svg,https://esphome.io/images/ezo-pmp.jpg,1,1,Atlas Scientific Peristaltic Pump,Atlas Scientific Peristaltic Pump,,,Title too long
/components/external_components/,External Components - ESPHome - Smart Home Made Simple,54,External Components - ESPHome - Smart Home Made Simple,54,Yes,Instructions for setting up ESPHome External Components.,56,Instructions for setting up ESPHome External Components.,56,Yes,https://esphome.io/components/external_components/,,External Components,External Components,Instructions for setting up ESPHome External Components.,Instructions for setting up ESPHome External Components.,https://esphome.io/images/logo.svg,,article,website,https://esphome.io/components/external_components/,https://esphome.io/components/external_components/,summary_large_image,summary_large_image,https://esphome.io/images/logo.svg,,1,1,External Components,External Components,,,
/components/exposure_notifications/,Exposure Notification Listener - ESPHome - Smart Home Made Simple,65,Exposure Notification Listener - ESPHome - Smart Home Made Simple,65,Yes,Instructions for setting up exposure notification listeners for ESPHome.,72,Instructions for setting up exposure notification listeners for ESPHome.,72,Yes,https://esphome.io/components/exposure_notifications/,,Exposure Notification Listener,Exposure Notification Listener,Instructions for setting up exposure notification listeners for ESPHome.,Instructions for setting up exposure notification listeners for ESPHome.,https://esphome.io/images/logo.svg,https://esphome.io/images/exposure_notifications.png,article,website,https://esphome.io/components/exposure_notifications/,https://esphome.io/components/exposure_notifications/,summary_large_image,summary_large_image,https://esphome.io/images/logo.svg,https://esphome.io/images/exposure_notifications.png,1,1,Exposure Notification Listener,Exposure Notification Listener,,,Title too long
/components/event/,Event Component - ESPHome - Smart Home Made Simple,50,Event Component - ESPHome - Smart Home Made Simple,50,Yes,Instructions for setting up event components in ESPHome.,56,Instructions for setting up event components in ESPHome.,56,Yes,https://esphome.io/components/event/,,Event Component,Event Component,Instructions for setting up event components in ESPHome.,Instructions for setting up event components in ESPHome.,https://esphome.io/images/logo.svg,https://esphome.io/images/folder-open.svg,article,website,https://esphome.io/components/event/,https://esphome.io/components/event/,summary_large_image,summary_large_image,https://esphome.io/images/logo.svg,https://esphome.io/images/folder-open.svg,1,1,Event Component,Event Component,,,
/components/event/uart/,UART Event - ESPHome - Smart Home Made Simple,45,UART Event - ESPHome - Smart Home Made Simple,45,Yes,Instructions for setting up UART event in ESPHome that can be triggered based on incoming UART data.,100,Instructions for setting up UART event in ESPHome that can be triggered based on incoming UART data.,100,Yes,https://esphome.io/components/event/uart/,,UART Event,UART Event,Instructions for setting up UART event in ESPHome that can be triggered based on incoming UART data.,Instructions for setting up UART event in ESPHome that can be triggered based on incoming UART data.,https://esphome.io/images/logo.svg,https://esphome.io/images/uart.svg,article,website,https://esphome.io/components/event/uart/,https://esphome.io/components/event/uart/,summary_large_image,summary_large_image,https://esphome.io/images/logo.svg,https://esphome.io/images/uart.svg,1,1,UART Event,UART Event,,,
/components/event/template/,Template Event - ESPHome - Smart Home Made Simple,49,Template Event - ESPHome - Smart Home Made Simple,49,Yes,Instructions for setting up template events that can trigger arbitrary automations when an event occurs.,104,Instructions for setting up template events that can trigger arbitrary automations when an event occurs.,104,Yes,https://esphome.io/components/event/template/,,Template Event,Template Event,Instructions for setting up template events that can trigger arbitrary automations when an event occurs.,Instructions for setting up template events that can trigger arbitrary automations when an event occurs.,https://esphome.io/images/logo.svg,https://esphome.io/images/description.svg,article,website,https://esphome.io/components/event/template/,https://esphome.io/components/event/template/,summary_large_image,summary_large_image,https://esphome.io/images/logo.svg,https://esphome.io/images/description.svg,1,1,Template Event,Template Event,,,
/components/ethernet/,Ethernet Component - ESPHome - Smart Home Made Simple,53,Ethernet Component - ESPHome - Smart Home Made Simple,53,Yes,Instructions for setting up the Ethernet configuration for your ESP32 node in ESPHome.,86,Instructions for setting up the Ethernet configuration for your ESP32 node in ESPHome.,86,Yes,https://esphome.io/components/ethernet/,,Ethernet Component,Ethernet Component,Instructions for setting up the Ethernet configuration for your ESP32 node in ESPHome.,Instructions for setting up the Ethernet configuration for your ESP32 node in ESPHome.,https://esphome.io/images/logo.svg,https://esphome.io/images/ethernet.svg,article,website,https://esphome.io/components/ethernet/,https://esphome.io/components/ethernet/,summary_large_image,summary_large_image,https://esphome.io/images/logo.svg,https://esphome.io/images/ethernet.svg,1,1,Ethernet Component,Ethernet Component,,,
/components/espnow/,ESPNow communication Component - ESPHome - Smart Home Made Simple,65,ESPNow communication Component - ESPHome - Smart Home Made Simple,65,Yes,Instructions for setting up the basic ESPNow component in ESPHome.,66,Instructions for setting up the basic ESPNow component in ESPHome.,66,Yes,https://esphome.io/components/espnow/,,ESPNow communication Component,ESPNow communication Component,Instructions for setting up the basic ESPNow component in ESPHome.,Instructions for setting up the basic ESPNow component in ESPHome.,https://esphome.io/images/logo.svg,https://esphome.io/images/esp-now.svg,article,website,https://esphome.io/components/espnow/,https://esphome.io/components/espnow/,summary_large_image,summary_large_image,https://esphome.io/images/logo.svg,https://esphome.io/images/esp-now.svg,1,1,ESPNow communication Component,ESPNow communication Component,,,Title too long
/components/esphome/,ESPHome Core Configuration - ESPHome - Smart Home Made Simple,61,ESPHome Core Configuration - ESPHome - Smart Home Made Simple,61,Yes,Instructions for setting up the core ESPHome configuration.,59,Instructions for setting up the core ESPHome configuration.,59,Yes,https://esphome.io/components/esphome/,,ESPHome Core Configuration,ESPHome Core Configuration,Instructions for setting up the core ESPHome configuration.,Instructions for setting up the core ESPHome configuration.,https://esphome.io/images/logo.svg,https://esphome.io/images/cloud-circle.svg,article,website,https://esphome.io/components/esphome/,https://esphome.io/components/esphome/,summary_large_image,summary_large_image,https://esphome.io/images/logo.svg,https://esphome.io/images/cloud-circle.svg,1,1,ESPHome Core Configuration,ESPHome Core Configuration,,,Title too long
/components/esp_ldo/,ESP32-P4 LDO - ESPHome - Smart Home Made Simple,47,ESP32-P4 LDO - ESPHome - Smart Home Made Simple,47,Yes,Configuration for the ESP32-P4 LDO peripherals for ESPHome.,59,Configuration for the ESP32-P4 LDO peripherals for ESPHome.,59,Yes,https://esphome.io/components/esp_ldo/,,ESP32-P4 LDO,ESP32-P4 LDO,Configuration for the ESP32-P4 LDO peripherals for ESPHome.,Configuration for the ESP32-P4 LDO peripherals for ESPHome.,https://esphome.io/images/logo.svg,,article,website,https://esphome.io/components/esp_ldo/,https://esphome.io/components/esp_ldo/,summary_large_image,summary_large_image,https://esphome.io/images/logo.svg,,1,1,ESP32-P4 LDO,ESP32-P4 LDO,,,
/components/esp8266/,ESP8266 Platform - ESPHome - Smart Home Made Simple,51,ESP8266 Platform - ESPHome - Smart Home Made Simple,51,Yes,Configuration for the ESP8266 platform for ESPHome.,51,Configuration for the ESP8266 platform for ESPHome.,51,Yes,https://esphome.io/components/esp8266/,,ESP8266 Platform,ESP8266 Platform,Configuration for the ESP8266 platform for ESPHome.,Configuration for the ESP8266 platform for ESPHome.,https://esphome.io/images/logo.svg,https://esphome.io/images/esp8266.svg,article,website,https://esphome.io/components/esp8266/,https://esphome.io/components/esp8266/,summary_large_image,summary_large_image,https://esphome.io/images/logo.svg,https://esphome.io/images/esp8266.svg,1,1,ESP8266 Platform,ESP8266 Platform,,,
/components/esp32_improv/,Improv via BLE - ESPHome - Smart Home Made Simple,49,Improv via BLE - ESPHome - Smart Home Made Simple,49,Yes,Instructions for setting up Improv via BLE in ESPHome.,54,Instructions for setting up Improv via BLE in ESPHome.,54,Yes,https://esphome.io/components/esp32_improv/,,Improv via BLE,Improv via BLE,Instructions for setting up Improv via BLE in ESPHome.,Instructions for setting up Improv via BLE in ESPHome.,https://esphome.io/images/logo.svg,https://esphome.io/images/improv-social.png,article,website,https://esphome.io/components/esp32_improv/,https://esphome.io/components/esp32_improv/,summary_large_image,summary_large_image,https://esphome.io/images/logo.svg,https://esphome.io/images/improv-social.png,1,1,Improv via BLE,Improv via BLE,,,
/components/esp32_hosted/,ESP32 Hosted - ESPHome - Smart Home Made Simple,47,ESP32 Hosted - ESPHome - Smart Home Made Simple,47,Yes,Instructions for setting up ESP32 hosted in ESPHome.,52,Instructions for setting up ESP32 hosted in ESPHome.,52,Yes,https://esphome.io/components/esp32_hosted/,,ESP32 Hosted,ESP32 Hosted,Instructions for setting up ESP32 hosted in ESPHome.,Instructions for setting up ESP32 hosted in ESPHome.,https://esphome.io/images/logo.svg,https://esphome.io/images/network-wifi.svg,article,website,https://esphome.io/components/esp32_hosted/,https://esphome.io/components/esp32_hosted/,summary_large_image,summary_large_image,https://esphome.io/images/logo.svg,https://esphome.io/images/network-wifi.svg,1,1,ESP32 Hosted,ESP32 Hosted,,,
/components/esp32_camera_web_server/,ESP32 Camera Web Server Component - ESPHome - Smart Home Made Simple,68,ESP32 Camera Web Server Component - ESPHome - Smart Home Made Simple,68,Yes,Instructions for setting up the ESP32 Camera Web Server in ESPHome,66,Instructions for setting up the ESP32 Camera Web Server in ESPHome,66,Yes,https://esphome.io/components/esp32_camera_web_server/,,ESP32 Camera Web Server Component,ESP32 Camera Web Server Component,Instructions for setting up the ESP32 Camera Web Server in ESPHome,Instructions for setting up the ESP32 Camera Web Server in ESPHome,https://esphome.io/images/logo.svg,https://esphome.io/images/camera.svg,article,website,https://esphome.io/components/esp32_camera_web_server/,https://esphome.io/components/esp32_camera_web_server/,summary_large_image,summary_large_image,https://esphome.io/images/logo.svg,https://esphome.io/images/camera.svg,1,1,ESP32 Camera Web Server Component,ESP32 Camera Web Server Component,,,Title too long
/components/esp32_camera/,ESP32 Camera Component - ESPHome - Smart Home Made Simple,57,ESP32 Camera Component - ESPHome - Smart Home Made Simple,57,Yes,Instructions for setting up the ESP32 Cameras in ESPHome,56,Instructions for setting up the ESP32 Cameras in ESPHome,56,Yes,https://esphome.io/components/esp32_camera/,,ESP32 Camera Component,ESP32 Camera Component,Instructions for setting up the ESP32 Cameras in ESPHome,Instructions for setting up the ESP32 Cameras in ESPHome,https://esphome.io/images/logo.svg,https://esphome.io/images/camera.svg,article,website,https://esphome.io/components/esp32_camera/,https://esphome.io/components/esp32_camera/,summary_large_image,summary_large_image,https://esphome.io/images/logo.svg,https://esphome.io/images/camera.svg,1,1,ESP32 Camera Component,ESP32 Camera Component,,,
/components/esp32_ble_tracker/,ESP32 Bluetooth Low Energy Tracker Hub - ESPHome - Smart Home Made Simple,73,ESP32 Bluetooth Low Energy Tracker Hub - ESPHome - Smart Home Made Simple,73,Yes,Instructions for setting up ESP32 bluetooth low energy device trackers using ESPHome.,85,Instructions for setting up ESP32 bluetooth low energy device trackers using ESPHome.,85,Yes,https://esphome.io/components/esp32_ble_tracker/,,ESP32 Bluetooth Low Energy Tracker Hub,ESP32 Bluetooth Low Energy Tracker Hub,Instructions for setting up ESP32 bluetooth low energy device trackers using ESPHome.,Instructions for setting up ESP32 bluetooth low energy device trackers using ESPHome.,https://esphome.io/images/logo.svg,https://esphome.io/images/bluetooth.svg,article,website,https://esphome.io/components/esp32_ble_tracker/,https://esphome.io/components/esp32_ble_tracker/,summary_large_image,summary_large_image,https://esphome.io/images/logo.svg,https://esphome.io/images/bluetooth.svg,1,1,ESP32 Bluetooth Low Energy Tracker Hub,ESP32 Bluetooth Low Energy Tracker Hub,,,Title too long
/components/esp32_ble_server/,BLE Server - ESPHome - Smart Home Made Simple,45,BLE Server - ESPHome - Smart Home Made Simple,45,Yes,Instructions for setting up Bluetooth LE GATT Server in ESPHome.,64,Instructions for setting up Bluetooth LE GATT Server in ESPHome.,64,Yes,https://esphome.io/components/esp32_ble_server/,,BLE Server,BLE Server,Instructions for setting up Bluetooth LE GATT Server in ESPHome.,Instructions for setting up Bluetooth LE GATT Server in ESPHome.,https://esphome.io/images/logo.svg,https://esphome.io/images/bluetooth.svg,article,website,https://esphome.io/components/esp32_ble_server/,https://esphome.io/components/esp32_ble_server/,summary_large_image,summary_large_image,https://esphome.io/images/logo.svg,https://esphome.io/images/bluetooth.svg,1,1,BLE Server,BLE Server,,,
/components/esp32_ble_beacon/,ESP32 Bluetooth Low Energy Beacon - ESPHome - Smart Home Made Simple,68,ESP32 Bluetooth Low Energy Beacon - ESPHome - Smart Home Made Simple,68,Yes,Instructions for setting up Bluetooth Low Energy iBeacons using the BLE feature on ESP32s.,90,Instructions for setting up Bluetooth Low Energy iBeacons using the BLE feature on ESP32s.,90,Yes,https://esphome.io/components/esp32_ble_beacon/,,ESP32 Bluetooth Low Energy Beacon,ESP32 Bluetooth Low Energy Beacon,Instructions for setting up Bluetooth Low Energy iBeacons using the BLE feature on ESP32s.,Instructions for setting up Bluetooth Low Energy iBeacons using the BLE feature on ESP32s.,https://esphome.io/images/logo.svg,https://esphome.io/images/bluetooth.svg,article,website,https://esphome.io/components/esp32_ble_beacon/,https://esphome.io/components/esp32_ble_beacon/,summary_large_image,summary_large_image,https://esphome.io/images/logo.svg,https://esphome.io/images/bluetooth.svg,1,1,ESP32 Bluetooth Low Energy Beacon,ESP32 Bluetooth Low Energy Beacon,,,Title too long
/components/esp32_ble/,BLE Component - ESPHome - Smart Home Made Simple,48,BLE Component - ESPHome - Smart Home Made Simple,48,Yes,Instructions for setting up Bluetooth LE in ESPHome.,52,Instructions for setting up Bluetooth LE in ESPHome.,52,Yes,https://esphome.io/components/esp32_ble/,,BLE Component,BLE Component,Instructions for setting up Bluetooth LE in ESPHome.,Instructions for setting up Bluetooth LE in ESPHome.,https://esphome.io/images/logo.svg,https://esphome.io/images/bluetooth.svg,article,website,https://esphome.io/components/esp32_ble/,https://esphome.io/components/esp32_ble/,summary_large_image,summary_large_image,https://esphome.io/images/logo.svg,https://esphome.io/images/bluetooth.svg,1,1,BLE Component,BLE Component,,,
/components/esp32/,ESP32 Platform - ESPHome - Smart Home Made Simple,49,ESP32 Platform - ESPHome - Smart Home Made Simple,49,Yes,Configuration for the ESP32 platform for ESPHome.,49,Configuration for the ESP32 platform for ESPHome.,49,Yes,https://esphome.io/components/esp32/,,ESP32 Platform,ESP32 Platform,Configuration for the ESP32 platform for ESPHome.,Configuration for the ESP32 platform for ESPHome.,https://esphome.io/images/logo.svg,https://esphome.io/images/esp32.svg,article,website,https://esphome.io/components/esp32/,https://esphome.io/components/esp32/,summary_large_image,summary_large_image,https://esphome.io/images/logo.svg,https://esphome.io/images/esp32.svg,1,1,ESP32 Platform,ESP32 Platform,,,Desc short
/components/emc2101/,EMC2101 Fan Controller and Temperature sensor - ESPHome - Smart Home Made Simple,80,EMC2101 Fan Controller and Temperature sensor - ESPHome - Smart Home Made Simple,80,Yes,Instructions for setting up EMC2101 fan controller and temperature sensor in ESPHome.,85,Instructions for setting up EMC2101 fan controller and temperature sensor in ESPHome.,85,Yes,https://esphome.io/components/emc2101/,,EMC2101 Fan Controller and Temperature sensor,EMC2101 Fan Controller and Temperature sensor,Instructions for setting up EMC2101 fan controller and temperature sensor in ESPHome.,Instructions for setting up EMC2101 fan controller and temperature sensor in ESPHome.,https://esphome.io/images/logo.svg,https://esphome.io/images/emc2101.jpg,article,website,https://esphome.io/components/emc2101/,https://esphome.io/components/emc2101/,summary_large_image,summary_large_image,https://esphome.io/images/logo.svg,https://esphome.io/images/emc2101.jpg,1,1,EMC2101 Fan Controller and Temperature sensor,EMC2101 Fan Controller and Temperature sensor,,,Title too long
/components/display_menu/,Display Menu - ESPHome - Smart Home Made Simple,47,Display Menu - ESPHome - Smart Home Made Simple,47,Yes,Instructions for setting up a simple hierarchical menu on displays.,67,Instructions for setting up a simple hierarchical menu on displays.,67,Yes,https://esphome.io/components/display_menu/,,Display Menu,Display Menu,Instructions for setting up a simple hierarchical menu on displays.,Instructions for setting up a simple hierarchical menu on displays.,https://esphome.io/images/logo.svg,https://esphome.io/images/lcd_menu.png,article,website,https://esphome.io/components/display_menu/,https://esphome.io/components/display_menu/,summary_large_image,summary_large_image,https://esphome.io/images/logo.svg,https://esphome.io/images/lcd_menu.png,1,1,Display Menu,Display Menu,,,
/components/display_menu/lcd_menu/,LCD Menu - ESPHome - Smart Home Made Simple,43,LCD Menu - ESPHome - Smart Home Made Simple,43,Yes,Instructions for setting up a simple hierarchical menu on displays.,67,Instructions for setting up a simple hierarchical menu on displays.,67,Yes,https://esphome.io/components/display_menu/lcd_menu/,,LCD Menu,LCD Menu,Instructions for setting up a simple hierarchical menu on displays.,Instructions for setting up a simple hierarchical menu on displays.,https://esphome.io/images/logo.svg,https://esphome.io/images/lcd_menu.png,article,website,https://esphome.io/components/display_menu/lcd_menu/,https://esphome.io/components/display_menu/lcd_menu/,summary_large_image,summary_large_image,https://esphome.io/images/logo.svg,https://esphome.io/images/lcd_menu.png,1,1,LCD Menu,LCD Menu,,,
/components/display_menu/graphical_display_menu/,Graphical Display Menu - ESPHome - Smart Home Made Simple,57,Graphical Display Menu - ESPHome - Smart Home Made Simple,57,Yes,Instructions for setting up a simple hierarchical menu on displays.,67,Instructions for setting up a simple hierarchical menu on displays.,67,Yes,https://esphome.io/components/display_menu/graphical_display_menu/,,Graphical Display Menu,Graphical Display Menu,Instructions for setting up a simple hierarchical menu on displays.,Instructions for setting up a simple hierarchical menu on displays.,https://esphome.io/images/logo.svg,https://esphome.io/images/lcd_menu.png,article,website,https://esphome.io/components/display_menu/graphical_display_menu/,https://esphome.io/components/display_menu/graphical_display_menu/,summary_large_image,summary_large_image,https://esphome.io/images/logo.svg,https://esphome.io/images/lcd_menu.png,1,1,Graphical Display Menu,Graphical Display Menu,,,
/components/display/,Display Component - ESPHome - Smart Home Made Simple,52,Display Component - ESPHome - Smart Home Made Simple,52,Yes,Instructions for setting up the display component.,50,Instructions for setting up the display component.,50,Yes,https://esphome.io/components/display/,,Display Component,Display Component,Instructions for setting up the display component.,Instructions for setting up the display component.,https://esphome.io/images/logo.svg,https://esphome.io/images/folder-open.svg,article,website,https://esphome.io/components/display/,https://esphome.io/components/display/,summary_large_image,summary_large_image,https://esphome.io/images/logo.svg,https://esphome.io/images/folder-open.svg,1,1,Display Component,Display Component,,,
/components/display/waveshare_epaper/,Waveshare E-Paper Display - ESPHome - Smart Home Made Simple,60,Waveshare E-Paper Display - ESPHome - Smart Home Made Simple,60,Yes,Instructions for setting up Waveshare E-Paper displays in ESPHome.,66,Instructions for setting up Waveshare E-Paper displays in ESPHome.,66,Yes,https://esphome.io/components/display/waveshare_epaper/,,Waveshare E-Paper Display,Waveshare E-Paper Display,Instructions for setting up Waveshare E-Paper displays in ESPHome.,Instructions for setting up Waveshare E-Paper displays in ESPHome.,https://esphome.io/images/logo.svg,https://esphome.io/images/waveshare_epaper.jpg,article,website,https://esphome.io/components/display/waveshare_epaper/,https://esphome.io/components/display/waveshare_epaper/,summary_large_image,summary_large_image,https://esphome.io/images/logo.svg,https://esphome.io/images/waveshare_epaper.jpg,1,1,Waveshare E-Paper Display,Waveshare E-Paper Display,,,
/components/display/tm1638/,TM1638 7 Segment Display Keypad & LED Module - ESPHome - Smart Home Made Simple,79,TM1638 7 Segment Display Keypad & LED Module - ESPHome - Smart Home Made Simple,79,Yes,Instructions for setting up TM1638 7 Segment Display Keypad & LED Module,72,Instructions for setting up TM1638 7 Segment Display Keypad & LED Module,72,Yes,https://esphome.io/components/display/tm1638/,,TM1638 7 Segment Display Keypad & LED Module,TM1638 7 Segment Display Keypad & LED Module,Instructions for setting up TM1638 7 Segment Display Keypad & LED Module,Instructions for setting up TM1638 7 Segment Display Keypad & LED Module,https://esphome.io/images/logo.svg,https://esphome.io/images/tm1638.jpg,article,website,https://esphome.io/components/display/tm1638/,https://esphome.io/components/display/tm1638/,summary_large_image,summary_large_image,https://esphome.io/images/logo.svg,https://esphome.io/images/tm1638.jpg,1,1,TM1638 7 Segment Display Keypad & LED Module,TM1638 7 Segment Display Keypad & LED Module,,,Title too long
/components/display/tm1637/,TM1637 7-Segment Display - ESPHome - Smart Home Made Simple,59,TM1637 7-Segment Display - ESPHome - Smart Home Made Simple,59,Yes,Instructions for setting up TM1637 7-segment displays.,54,Instructions for setting up TM1637 7-segment displays.,54,Yes,https://esphome.io/components/display/tm1637/,,TM1637 7-Segment Display,TM1637 7-Segment Display,Instructions for setting up TM1637 7-segment displays.,Instructions for setting up TM1637 7-segment displays.,https://esphome.io/images/logo.svg,https://esphome.io/images/tm1637.jpg,article,website,https://esphome.io/components/display/tm1637/,https://esphome.io/components/display/tm1637/,summary_large_image,summary_large_image,https://esphome.io/images/logo.svg,https://esphome.io/images/tm1637.jpg,1,1,TM1637 7-Segment Display,TM1637 7-Segment Display,,,
/components/display/tm1621/,TM1621 LCD Display - ESPHome - Smart Home Made Simple,53,TM1621 LCD Display - ESPHome - Smart Home Made Simple,53,Yes,Instructions for setting up TM1621 LCD Display.,47,Instructions for setting up TM1621 LCD Display.,47,Yes,https://esphome.io/components/display/tm1621/,,TM1621 LCD Display,TM1621 LCD Display,Instructions for setting up TM1621 LCD Display.,Instructions for setting up TM1621 LCD Display.,https://esphome.io/images/logo.svg,https://esphome.io/images/tm1621.jpg,article,website,https://esphome.io/components/display/tm1621/,https://esphome.io/components/display/tm1621/,summary_large_image,summary_large_image,https://esphome.io/images/logo.svg,https://esphome.io/images/tm1621.jpg,1,1,TM1621 LCD Display,TM1621 LCD Display,,,Desc short
/components/display/st7920/,ST7920 LCD Graphic Display - ESPHome - Smart Home Made Simple,61,ST7920 LCD Graphic Display - ESPHome - Smart Home Made Simple,61,Yes,Instructions for setting up ST7920 LCD display drivers.,55,Instructions for setting up ST7920 LCD display drivers.,55,Yes,https://esphome.io/components/display/st7920/,,ST7920 LCD Graphic Display,ST7920 LCD Graphic Display,Instructions for setting up ST7920 LCD display drivers.,Instructions for setting up ST7920 LCD display drivers.,https://esphome.io/images/logo.svg,https://esphome.io/images/st7920.jpg,article,website,https://esphome.io/components/display/st7920/,https://esphome.io/components/display/st7920/,summary_large_image,summary_large_image,https://esphome.io/images/logo.svg,https://esphome.io/images/st7920.jpg,1,1,ST7920 LCD Graphic Display,ST7920 LCD Graphic Display,,,Title too long
/components/display/st7789v/,ST7789V TFT LCD - ESPHome - Smart Home Made Simple,50,ST7789V TFT LCD - ESPHome - Smart Home Made Simple,50,Yes,Instructions for setting up ST7789V TFT LCD display drivers.,60,Instructions for setting up ST7789V TFT LCD display drivers.,60,Yes,https://esphome.io/components/display/st7789v/,,ST7789V TFT LCD,ST7789V TFT LCD,Instructions for setting up ST7789V TFT LCD display drivers.,Instructions for setting up ST7789V TFT LCD display drivers.,https://esphome.io/images/logo.svg,https://esphome.io/images/st7789v.jpg,article,website,https://esphome.io/components/display/st7789v/,https://esphome.io/components/display/st7789v/,summary_large_image,summary_large_image,https://esphome.io/images/logo.svg,https://esphome.io/images/st7789v.jpg,1,1,ST7789V TFT LCD,ST7789V TFT LCD,,,
/components/display/st7735/,ST7735 Display - ESPHome - Smart Home Made Simple,49,ST7735 Display - ESPHome - Smart Home Made Simple,49,Yes,Instructions for setting up a ST7735 display drivers.,53,Instructions for setting up a ST7735 display drivers.,53,Yes,https://esphome.io/components/display/st7735/,,ST7735 Display,ST7735 Display,Instructions for setting up a ST7735 display drivers.,Instructions for setting up a ST7735 display drivers.,https://esphome.io/images/logo.svg,https://esphome.io/images/st7735.jpg,article,website,https://esphome.io/components/display/st7735/,https://esphome.io/components/display/st7735/,summary_large_image,summary_large_image,https://esphome.io/images/logo.svg,https://esphome.io/images/st7735.jpg,1,1,ST7735 Display,ST7735 Display,,,
/components/display/st7701s/,ST7701S Display Driver - ESPHome - Smart Home Made Simple,57,ST7701S Display Driver - ESPHome - Smart Home Made Simple,57,Yes,"Instructions for setting up ST7701S 16 bit ""RGB"" parallel displays",66,"Instructions for setting up ST7701S 16 bit ""RGB"" parallel displays",66,Yes,https://esphome.io/components/display/st7701s/,,ST7701S Display Driver,ST7701S Display Driver,"Instructions for setting up ST7701S 16 bit ""RGB"" parallel displays","Instructions for setting up ST7701S 16 bit ""RGB"" parallel displays",https://esphome.io/images/logo.svg,https://esphome.io/images/indicator.jpg,article,website,https://esphome.io/components/display/st7701s/,https://esphome.io/components/display/st7701s/,summary_large_image,summary_large_image,https://esphome.io/images/logo.svg,https://esphome.io/images/indicator.jpg,1,1,ST7701S Display Driver,ST7701S Display Driver,,,
/components/display/st7567/,ST7567 LCD Graphic Display - ESPHome - Smart Home Made Simple,61,ST7567 LCD Graphic Display - ESPHome - Smart Home Made Simple,61,Yes,Instructions for setting up ST7567 Mono STN-LCD display drivers.,64,Instructions for setting up ST7567 Mono STN-LCD display drivers.,64,Yes,https://esphome.io/components/display/st7567/,,ST7567 LCD Graphic Display,ST7567 LCD Graphic Display,Instructions for setting up ST7567 Mono STN-LCD display drivers.,Instructions for setting up ST7567 Mono STN-LCD display drivers.,https://esphome.io/images/logo.svg,https://esphome.io/images/st7567.jpg,article,website,https://esphome.io/components/display/st7567/,https://esphome.io/components/display/st7567/,summary_large_image,summary_large_image,https://esphome.io/images/logo.svg,https://esphome.io/images/st7567.jpg,1,1,ST7567 LCD Graphic Display,ST7567 LCD Graphic Display,,,Title too long
/components/display/ssd1351/,SSD1351 OLED Display - ESPHome - Smart Home Made Simple,55,SSD1351 OLED Display - ESPHome - Smart Home Made Simple,55,Yes,Instructions for setting up SSD1351 OLED display drivers.,57,Instructions for setting up SSD1351 OLED display drivers.,57,Yes,https://esphome.io/components/display/ssd1351/,,SSD1351 OLED Display,SSD1351 OLED Display,Instructions for setting up SSD1351 OLED display drivers.,Instructions for setting up SSD1351 OLED display drivers.,https://esphome.io/images/logo.svg,https://esphome.io/images/ssd1351.jpg,article,website,https://esphome.io/components/display/ssd1351/,https://esphome.io/components/display/ssd1351/,summary_large_image,summary_large_image,https://esphome.io/images/logo.svg,https://esphome.io/images/ssd1351.jpg,1,1,SSD1351 OLED Display,SSD1351 OLED Display,,,
/components/display/ssd1331/,SSD1331 OLED Display - ESPHome - Smart Home Made Simple,55,SSD1331 OLED Display - ESPHome - Smart Home Made Simple,55,Yes,Instructions for setting up SSD1331 OLED display drivers.,57,Instructions for setting up SSD1331 OLED display drivers.,57,Yes,https://esphome.io/components/display/ssd1331/,,SSD1331 OLED Display,SSD1331 OLED Display,Instructions for setting up SSD1331 OLED display drivers.,Instructions for setting up SSD1331 OLED display drivers.,https://esphome.io/images/logo.svg,https://esphome.io/images/ssd1331.jpg,article,website,https://esphome.io/components/display/ssd1331/,https://esphome.io/components/display/ssd1331/,summary_large_image,summary_large_image,https://esphome.io/images/logo.svg,https://esphome.io/images/ssd1331.jpg,1,1,SSD1331 OLED Display,SSD1331 OLED Display,,,
/components/display/ssd1327/,SSD1327 OLED Display - ESPHome - Smart Home Made Simple,55,SSD1327 OLED Display - ESPHome - Smart Home Made Simple,55,Yes,Instructions for setting up SSD1327 OLED display drivers.,57,Instructions for setting up SSD1327 OLED display drivers.,57,Yes,https://esphome.io/components/display/ssd1327/,,SSD1327 OLED Display,SSD1327 OLED Display,Instructions for setting up SSD1327 OLED display drivers.,Instructions for setting up SSD1327 OLED display drivers.,https://esphome.io/images/logo.svg,https://esphome.io/images/ssd1327.jpg,article,website,https://esphome.io/components/display/ssd1327/,https://esphome.io/components/display/ssd1327/,summary_large_image,summary_large_image,https://esphome.io/images/logo.svg,https://esphome.io/images/ssd1327.jpg,1,1,SSD1327 OLED Display,SSD1327 OLED Display,,,
/components/display/ssd1325/,SSD1325/7 OLED Display - ESPHome - Smart Home Made Simple,57,SSD1325/7 OLED Display - ESPHome - Smart Home Made Simple,57,Yes,Instructions for setting up SSD1325/7 OLED display drivers.,59,Instructions for setting up SSD1325/7 OLED display drivers.,59,Yes,https://esphome.io/components/display/ssd1325/,,SSD1325/7 OLED Display,SSD1325/7 OLED Display,Instructions for setting up SSD1325/7 OLED display drivers.,Instructions for setting up SSD1325/7 OLED display drivers.,https://esphome.io/images/logo.svg,https://esphome.io/images/ssd1325.jpg,article,website,https://esphome.io/components/display/ssd1325/,https://esphome.io/components/display/ssd1325/,summary_large_image,summary_large_image,https://esphome.io/images/logo.svg,https://esphome.io/images/ssd1325.jpg,1,1,SSD1325/7 OLED Display,SSD1325/7 OLED Display,,,
/components/display/ssd1322/,SSD1322 OLED Display - ESPHome - Smart Home Made Simple,55,SSD1322 OLED Display - ESPHome - Smart Home Made Simple,55,Yes,Instructions for setting up SSD1322 OLED display drivers.,57,Instructions for setting up SSD1322 OLED display drivers.,57,Yes,https://esphome.io/components/display/ssd1322/,,SSD1322 OLED Display,SSD1322 OLED Display,Instructions for setting up SSD1322 OLED display drivers.,Instructions for setting up SSD1322 OLED display drivers.,https://esphome.io/images/logo.svg,https://esphome.io/images/ssd1322.jpg,article,website,https://esphome.io/components/display/ssd1322/,https://esphome.io/components/display/ssd1322/,summary_large_image,summary_large_image,https://esphome.io/images/logo.svg,https://esphome.io/images/ssd1322.jpg,1,1,SSD1322 OLED Display,SSD1322 OLED Display,,,
/components/display/ssd1306/,SSD1306 OLED Display - ESPHome - Smart Home Made Simple,55,SSD1306 OLED Display - ESPHome - Smart Home Made Simple,55,Yes,Instructions for setting up SSD1306 OLED display drivers.,57,Instructions for setting up SSD1306 OLED display drivers.,57,Yes,https://esphome.io/components/display/ssd1306/,,SSD1306 OLED Display,SSD1306 OLED Display,Instructions for setting up SSD1306 OLED display drivers.,Instructions for setting up SSD1306 OLED display drivers.,https://esphome.io/images/logo.svg,https://esphome.io/images/ssd1306.jpg,article,website,https://esphome.io/components/display/ssd1306/,https://esphome.io/components/display/ssd1306/,summary_large_image,summary_large_image,https://esphome.io/images/logo.svg,https://esphome.io/images/ssd1306.jpg,1,1,SSD1306 OLED Display,SSD1306 OLED Display,,,
/components/display/sdl/,SDL2 Display on host platform - ESPHome - Smart Home Made Simple,64,SDL2 Display on host platform - ESPHome - Smart Home Made Simple,64,Yes,Instructions for setting up SDL2 display on host,48,Instructions for setting up SDL2 display on host,48,Yes,https://esphome.io/components/display/sdl/,,SDL2 Display on host platform,SDL2 Display on host platform,Instructions for setting up SDL2 display on host,Instructions for setting up SDL2 display on host,https://esphome.io/images/logo.svg,https://esphome.io/images/sdl.png,article,website,https://esphome.io/components/display/sdl/,https://esphome.io/components/display/sdl/,summary_large_image,summary_large_image,https://esphome.io/images/logo.svg,https://esphome.io/images/sdl.png,1,1,SDL2 Display on host platform,SDL2 Display on host platform,,,Title too long; Desc short
/components/display/rpi_dpi_rgb/,RPI_DPI_RGB Display Driver - ESPHome - Smart Home Made Simple,61,RPI_DPI_RGB Display Driver - ESPHome - Smart Home Made Simple,61,Yes,"Instructions for setting up 16 bit ""RPI_DPI_RGB"" parallel displays",66,"Instructions for setting up 16 bit ""RPI_DPI_RGB"" parallel displays",66,Yes,https://esphome.io/components/display/rpi_dpi_rgb/,,RPI_DPI_RGB Display Driver,RPI_DPI_RGB Display Driver,"Instructions for setting up 16 bit ""RPI_DPI_RGB"" parallel displays","Instructions for setting up 16 bit ""RPI_DPI_RGB"" parallel displays",https://esphome.io/images/logo.svg,https://esphome.io/images/waveshare_touch-s3.jpg,article,website,https://esphome.io/components/display/rpi_dpi_rgb/,https://esphome.io/components/display/rpi_dpi_rgb/,summary_large_image,summary_large_image,https://esphome.io/images/logo.svg,https://esphome.io/images/waveshare_touch-s3.jpg,1,1,RPI_DPI_RGB Display Driver,RPI_DPI_RGB Display Driver,,,Title too long
/components/display/qspi_dbi/,Quad SPI Displays - ESPHome - Smart Home Made Simple,52,Quad SPI Displays - ESPHome - Smart Home Made Simple,52,Yes,Instructions for setting up quad SPI displays.,46,Instructions for setting up quad SPI displays.,46,Yes,https://esphome.io/components/display/qspi_dbi/,,Quad SPI Displays,Quad SPI Displays,Instructions for setting up quad SPI displays.,Instructions for setting up quad SPI displays.,https://esphome.io/images/logo.svg,https://esphome.io/images/t4-s3.jpg,article,website,https://esphome.io/components/display/qspi_dbi/,https://esphome.io/components/display/qspi_dbi/,summary_large_image,summary_large_image,https://esphome.io/images/logo.svg,https://esphome.io/images/t4-s3.jpg,1,1,Quad SPI Displays,Quad SPI Displays,,,Desc short
/components/display/pvvx_mithermometer/,PVVX MiThermometer Display - ESPHome - Smart Home Made Simple,61,PVVX MiThermometer Display - ESPHome - Smart Home Made Simple,61,Yes,Instructions for setting up BLE devices with PVVX MiThermometer custom firmware as displays.,92,Instructions for setting up BLE devices with PVVX MiThermometer custom firmware as displays.,92,Yes,https://esphome.io/components/display/pvvx_mithermometer/,,PVVX MiThermometer Display,PVVX MiThermometer Display,Instructions for setting up BLE devices with PVVX MiThermometer custom firmware as displays.,Instructions for setting up BLE devices with PVVX MiThermometer custom firmware as displays.,https://esphome.io/images/logo.svg,https://esphome.io/components/sensor/images/xiaomi_lywsd03mmc.jpg,article,website,https://esphome.io/components/display/pvvx_mithermometer/,https://esphome.io/components/display/pvvx_mithermometer/,summary_large_image,summary_large_image,https://esphome.io/images/logo.svg,https://esphome.io/components/sensor/images/xiaomi_lywsd03mmc.jpg,1,1,PVVX MiThermometer Display,PVVX MiThermometer Display,,,Title too long
/components/display/pcd8544/,PCD 8544 Display (Nokia 5110/3310) - ESPHome - Smart Home Made Simple,69,PCD 8544 Display (Nokia 5110/3310) - ESPHome - Smart Home Made Simple,69,Yes,Instructions for setting up PCD8544 display drivers.,52,Instructions for setting up PCD8544 display drivers.,52,Yes,https://esphome.io/components/display/pcd8544/,,PCD 8544 Display (Nokia 5110/3310),PCD 8544 Display (Nokia 5110/3310),Instructions for setting up PCD8544 display drivers.,Instructions for setting up PCD8544 display drivers.,https://esphome.io/images/logo.svg,https://esphome.io/images/pcd8544.jpg,article,website,https://esphome.io/components/display/pcd8544/,https://esphome.io/components/display/pcd8544/,summary_large_image,summary_large_image,https://esphome.io/images/logo.svg,https://esphome.io/images/pcd8544.jpg,1,1,PCD 8544 Display (Nokia 5110/3310),PCD 8544 Display (Nokia 5110/3310),,,Title too long
/components/display/nextion/,Nextion TFT LCD Display - ESPHome - Smart Home Made Simple,58,Nextion TFT LCD Display - ESPHome - Smart Home Made Simple,58,Yes,Instructions for setting up Nextion TFT LCD displays,52,Instructions for setting up Nextion TFT LCD displays,52,Yes,https://esphome.io/components/display/nextion/,,Nextion TFT LCD Display,Nextion TFT LCD Display,Instructions for setting up Nextion TFT LCD displays,Instructions for setting up Nextion TFT LCD displays,https://esphome.io/images/logo.svg,https://esphome.io/images/nextion.jpg,article,website,https://esphome.io/components/display/nextion/,https://esphome.io/components/display/nextion/,summary_large_image,summary_large_image,https://esphome.io/images/logo.svg,https://esphome.io/images/nextion.jpg,1,1,Nextion TFT LCD Display,Nextion TFT LCD Display,,,
/components/display/mipi_spi/,MIPI SPI Display Driver - ESPHome - Smart Home Made Simple,58,MIPI SPI Display Driver - ESPHome - Smart Home Made Simple,58,Yes,Details for the MIPI SPI display driver component in ESPHome,60,Details for the MIPI SPI display driver component in ESPHome,60,Yes,https://esphome.io/components/display/mipi_spi/,,MIPI SPI Display Driver,MIPI SPI Display Driver,Details for the MIPI SPI display driver component in ESPHome,Details for the MIPI SPI display driver component in ESPHome,https://esphome.io/images/logo.svg,https://esphome.io/images/ili9341.jpg,article,website,https://esphome.io/components/display/mipi_spi/,https://esphome.io/components/display/mipi_spi/,summary_large_image,summary_large_image,https://esphome.io/images/logo.svg,https://esphome.io/images/ili9341.jpg,1,1,MIPI SPI Display Driver,MIPI SPI Display Driver,,,
/components/display/mipi_rgb/,MIPI RGB Display Driver - ESPHome - Smart Home Made Simple,58,MIPI RGB Display Driver - ESPHome - Smart Home Made Simple,58,Yes,"Instructions for setting up 16 bit ""RGB"" parallel displays",58,"Instructions for setting up 16 bit ""RGB"" parallel displays",58,Yes,https://esphome.io/components/display/mipi_rgb/,,MIPI RGB Display Driver,MIPI RGB Display Driver,"Instructions for setting up 16 bit ""RGB"" parallel displays","Instructions for setting up 16 bit ""RGB"" parallel displays",https://esphome.io/images/logo.svg,https://esphome.io/images/indicator.jpg,article,website,https://esphome.io/components/display/mipi_rgb/,https://esphome.io/components/display/mipi_rgb/,summary_large_image,summary_large_image,https://esphome.io/images/logo.svg,https://esphome.io/images/indicator.jpg,1,1,MIPI RGB Display Driver,MIPI RGB Display Driver,,,
/components/display/mipi_dsi/,MIPI DSI Display Driver - ESPHome - Smart Home Made Simple,58,MIPI DSI Display Driver - ESPHome - Smart Home Made Simple,58,Yes,Details for the MIPI DSI display driver component in ESPHome,60,Details for the MIPI DSI display driver component in ESPHome,60,Yes,https://esphome.io/components/display/mipi_dsi/,,MIPI DSI Display Driver,MIPI DSI Display Driver,Details for the MIPI DSI display driver component in ESPHome,Details for the MIPI DSI display driver component in ESPHome,https://esphome.io/images/logo.svg,https://esphome.io/images/tab5.jpg,article,website,https://esphome.io/components/display/mipi_dsi/,https://esphome.io/components/display/mipi_dsi/,summary_large_image,summary_large_image,https://esphome.io/images/logo.svg,https://esphome.io/images/tab5.jpg,1,1,MIPI DSI Display Driver,MIPI DSI Display Driver,,,
/components/display/max7219digit/,MAX7219 Digit Display - ESPHome - Smart Home Made Simple,56,MAX7219 Digit Display - ESPHome - Smart Home Made Simple,56,Yes,Instructions for setting up MAX7219 Digit displays.,51,Instructions for setting up MAX7219 Digit displays.,51,Yes,https://esphome.io/components/display/max7219digit/,,MAX7219 Digit Display,MAX7219 Digit Display,Instructions for setting up MAX7219 Digit displays.,Instructions for setting up MAX7219 Digit displays.,https://esphome.io/images/logo.svg,https://esphome.io/images/max7219digit.jpg,article,website,https://esphome.io/components/display/max7219digit/,https://esphome.io/components/display/max7219digit/,summary_large_image,summary_large_image,https://esphome.io/images/logo.svg,https://esphome.io/images/max7219digit.jpg,1,1,MAX7219 Digit Display,MAX7219 Digit Display,,,
/components/display/max7219/,MAX7219 7-Segment Display - ESPHome - Smart Home Made Simple,60,MAX7219 7-Segment Display - ESPHome - Smart Home Made Simple,60,Yes,Instructions for setting up MAX7219 7-segment displays.,55,Instructions for setting up MAX7219 7-segment displays.,55,Yes,https://esphome.io/components/display/max7219/,,MAX7219 7-Segment Display,MAX7219 7-Segment Display,Instructions for setting up MAX7219 7-segment displays.,Instructions for setting up MAX7219 7-segment displays.,https://esphome.io/images/logo.svg,https://esphome.io/images/max7219.jpg,article,website,https://esphome.io/components/display/max7219/,https://esphome.io/components/display/max7219/,summary_large_image,summary_large_image,https://esphome.io/images/logo.svg,https://esphome.io/images/max7219.jpg,1,1,MAX7219 7-Segment Display,MAX7219 7-Segment Display,,,
/components/display/lcd_display/,Character-Based LCD Display - ESPHome - Smart Home Made Simple,62,Character-Based LCD Display - ESPHome - Smart Home Made Simple,62,Yes,Instructions for setting up character-based HD44780 LCDs.,57,Instructions for setting up character-based HD44780 LCDs.,57,Yes,https://esphome.io/components/display/lcd_display/,,Character-Based LCD Display,Character-Based LCD Display,Instructions for setting up character-based HD44780 LCDs.,Instructions for setting up character-based HD44780 LCDs.,https://esphome.io/images/logo.svg,https://esphome.io/images/lcd.jpg,article,website,https://esphome.io/components/display/lcd_display/,https://esphome.io/components/display/lcd_display/,summary_large_image,summary_large_image,https://esphome.io/images/logo.svg,https://esphome.io/images/lcd.jpg,1,1,Character-Based LCD Display,Character-Based LCD Display,,,Title too long
/components/display/inkplate/,"Inkplate 5, 6, 10 and 6 Plus - ESPHome - Smart Home Made Simple",63,"Inkplate 5, 6, 10 and 6 Plus - ESPHome - Smart Home Made Simple",63,Yes,Instructions for setting up Inkplate E-Paper displays in ESPHome.,65,Instructions for setting up Inkplate E-Paper displays in ESPHome.,65,Yes,https://esphome.io/components/display/inkplate/,,"Inkplate 5, 6, 10 and 6 Plus","Inkplate 5, 6, 10 and 6 Plus",Instructions for setting up Inkplate E-Paper displays in ESPHome.,Instructions for setting up Inkplate E-Paper displays in ESPHome.,https://esphome.io/images/logo.svg,https://esphome.io/images/inkplate6.jpg,article,website,https://esphome.io/components/display/inkplate/,https://esphome.io/components/display/inkplate/,summary_large_image,summary_large_image,https://esphome.io/images/logo.svg,https://esphome.io/images/inkplate6.jpg,1,1,"Inkplate 5, 6, 10 and 6 Plus","Inkplate 5, 6, 10 and 6 Plus",,,Title too long
/components/display/ili9xxx/,ILI9xxx TFT LCD Series - ESPHome - Smart Home Made Simple,57,ILI9xxx TFT LCD Series - ESPHome - Smart Home Made Simple,57,Yes,Instructions for setting up ILI9xxx like TFT LCD display drivers.,65,Instructions for setting up ILI9xxx like TFT LCD display drivers.,65,Yes,https://esphome.io/components/display/ili9xxx/,,ILI9xxx TFT LCD Series,ILI9xxx TFT LCD Series,Instructions for setting up ILI9xxx like TFT LCD display drivers.,Instructions for setting up ILI9xxx like TFT LCD display drivers.,https://esphome.io/images/logo.svg,https://esphome.io/images/ili9341.jpg,article,website,https://esphome.io/components/display/ili9xxx/,https://esphome.io/components/display/ili9xxx/,summary_large_image,summary_large_image,https://esphome.io/images/logo.svg,https://esphome.io/images/ili9341.jpg,1,1,ILI9xxx TFT LCD Series,ILI9xxx TFT LCD Series,,,
/components/display/hub75/,HUB75 RGB LED Matrix Display - ESPHome - Smart Home Made Simple,63,HUB75 RGB LED Matrix Display - ESPHome - Smart Home Made Simple,63,Yes,Instructions for setting up HUB75 RGB LED matrix displays.,58,Instructions for setting up HUB75 RGB LED matrix displays.,58,Yes,https://esphome.io/components/display/hub75/,,HUB75 RGB LED Matrix Display,HUB75 RGB LED Matrix Display,Instructions for setting up HUB75 RGB LED matrix displays.,Instructions for setting up HUB75 RGB LED matrix displays.,https://esphome.io/images/logo.svg,https://esphome.io/images/hub75.svg,article,website,https://esphome.io/components/display/hub75/,https://esphome.io/components/display/hub75/,summary_large_image,summary_large_image,https://esphome.io/images/logo.svg,https://esphome.io/images/hub75.svg,1,1,HUB75 RGB LED Matrix Display,HUB75 RGB LED Matrix Display,,,Title too long
/components/display/epaper_spi/,ePaper SPI Display - ESPHome - Smart Home Made Simple,53,ePaper SPI Display - ESPHome - Smart Home Made Simple,53,Yes,Instructions for setting up ePaper SPI displays in ESPHome.,59,Instructions for setting up ePaper SPI displays with improved architecture in ESPHome.,86,No,https://esphome.io/components/display/epaper_spi/,,ePaper SPI Display,ePaper SPI Display,Instructions for setting up ePaper SPI displays in ESPHome.,Instructions for setting up ePaper SPI displays with improved architecture in ESPHome.,https://esphome.io/images/logo.svg,https://esphome.io/images/epaper.svg,article,website,https://esphome.io/components/display/epaper_spi/,https://esphome.io/components/display/epaper_spi/,summary_large_image,summary_large_image,https://esphome.io/images/logo.svg,https://esphome.io/images/epaper.svg,1,1,ePaper SPI Display,ePaper SPI Display,,,
/components/display/addressable_light/,Addressable Light - ESPHome - Smart Home Made Simple,52,Addressable Light - ESPHome - Smart Home Made Simple,52,Yes,Instructions for setting up displays using addressable lights and LED matrix,76,Instructions for setting up displays using addressable lights and LED matrix,76,Yes,https://esphome.io/components/display/addressable_light/,,Addressable Light,Addressable Light,Instructions for setting up displays using addressable lights and LED matrix,Instructions for setting up displays using addressable lights and LED matrix,https://esphome.io/images/logo.svg,https://esphome.io/images/addressable_light.jpg,article,website,https://esphome.io/components/display/addressable_light/,https://esphome.io/components/display/addressable_light/,summary_large_image,summary_large_image,https://esphome.io/images/logo.svg,https://esphome.io/images/addressable_light.jpg,1,1,Addressable Light,Addressable Light,,,
/components/dfrobot_sen0395/,DFRobot mmWave Radar - ESPHome - Smart Home Made Simple,55,DFRobot mmWave Radar - ESPHome - Smart Home Made Simple,55,Yes,Instructions for setting up DFRobot mmWave Radar,48,Instructions for setting up DFRobot mmWave Radar,48,Yes,https://esphome.io/components/dfrobot_sen0395/,,DFRobot mmWave Radar,DFRobot mmWave Radar,Instructions for setting up DFRobot mmWave Radar,Instructions for setting up DFRobot mmWave Radar,https://esphome.io/images/logo.svg,https://esphome.io/images/dfrobot_sen0395.jpg,article,website,https://esphome.io/components/dfrobot_sen0395/,https://esphome.io/components/dfrobot_sen0395/,summary_large_image,summary_large_image,https://esphome.io/images/logo.svg,https://esphome.io/images/dfrobot_sen0395.jpg,1,1,DFRobot mmWave Radar,DFRobot mmWave Radar,,,Desc short
/components/dfplayer/,DF-Player mini - ESPHome - Smart Home Made Simple,49,DF-Player mini - ESPHome - Smart Home Made Simple,49,Yes,Instructions for setting up DF Player Mini component in ESPHome.,64,Instructions for setting up DF Player Mini component in ESPHome.,64,Yes,https://esphome.io/components/dfplayer/,,DF-Player mini,DF-Player mini,Instructions for setting up DF Player Mini component in ESPHome.,Instructions for setting up DF Player Mini component in ESPHome.,https://esphome.io/images/logo.svg,https://esphome.io/images/dfplayer.svg,article,website,https://esphome.io/components/dfplayer/,https://esphome.io/components/dfplayer/,summary_large_image,summary_large_image,https://esphome.io/images/logo.svg,https://esphome.io/images/dfplayer.svg,1,1,DF-Player mini,DF-Player mini,,,
/components/demo/,Demo Component - ESPHome - Smart Home Made Simple,49,Demo Component - ESPHome - Smart Home Made Simple,49,Yes,Instructions for setting up the demo component in ESPHome,57,Instructions for setting up the demo component in ESPHome,57,Yes,https://esphome.io/components/demo/,,Demo Component,Demo Component,Instructions for setting up the demo component in ESPHome,Instructions for setting up the demo component in ESPHome,https://esphome.io/images/logo.svg,https://esphome.io/images/description.svg,article,website,https://esphome.io/components/demo/,https://esphome.io/components/demo/,summary_large_image,summary_large_image,https://esphome.io/images/logo.svg,https://esphome.io/images/description.svg,1,1,Demo Component,Demo Component,,,
/components/deep_sleep/,Deep Sleep Component - ESPHome - Smart Home Made Simple,55,Deep Sleep Component - ESPHome - Smart Home Made Simple,55,Yes,Instructions for setting up the deep sleep support for minimizing power consumption on ESPs.,92,Instructions for setting up the deep sleep support for minimizing power consumption on ESPs.,92,Yes,https://esphome.io/components/deep_sleep/,,Deep Sleep Component,Deep Sleep Component,Instructions for setting up the deep sleep support for minimizing power consumption on ESPs.,Instructions for setting up the deep sleep support for minimizing power consumption on ESPs.,https://esphome.io/images/logo.svg,https://esphome.io/images/hotel.svg,article,website,https://esphome.io/components/deep_sleep/,https://esphome.io/components/deep_sleep/,summary_large_image,summary_large_image,https://esphome.io/images/logo.svg,https://esphome.io/images/hotel.svg,1,1,Deep Sleep Component,Deep Sleep Component,,,
/components/debug/,Debug Component - ESPHome - Smart Home Made Simple,50,Debug Component - ESPHome - Smart Home Made Simple,50,Yes,Instructions for setting up the debug component in ESPHome,58,Instructions for setting up the debug component in ESPHome,58,Yes,https://esphome.io/components/debug/,,Debug Component,Debug Component,Instructions for setting up the debug component in ESPHome,Instructions for setting up the debug component in ESPHome,https://esphome.io/images/logo.svg,https://esphome.io/images/bug-report.svg,article,website,https://esphome.io/components/debug/,https://esphome.io/components/debug/,summary_large_image,summary_large_image,https://esphome.io/images/logo.svg,https://esphome.io/images/bug-report.svg,1,1,Debug Component,Debug Component,,,
/components/datetime/,Datetime Component - ESPHome - Smart Home Made Simple,53,Datetime Component - ESPHome - Smart Home Made Simple,53,Yes,Instructions for setting up datetime components in ESPHome.,59,Instructions for setting up datetime components in ESPHome.,59,Yes,https://esphome.io/components/datetime/,,Datetime Component,Datetime Component,Instructions for setting up datetime components in ESPHome.,Instructions for setting up datetime components in ESPHome.,https://esphome.io/images/logo.svg,https://esphome.io/images/folder-open.svg,article,website,https://esphome.io/components/datetime/,https://esphome.io/components/datetime/,summary_large_image,summary_large_image,https://esphome.io/images/logo.svg,https://esphome.io/images/folder-open.svg,1,1,Datetime Component,Datetime Component,,,
/components/datetime/template/,Template Datetime - ESPHome - Smart Home Made Simple,52,Template Datetime - ESPHome - Smart Home Made Simple,52,Yes,Instructions for setting up template datetime with ESPHome.,59,Instructions for setting up template datetime with ESPHome.,59,Yes,https://esphome.io/components/datetime/template/,,Template Datetime,Template Datetime,Instructions for setting up template datetime with ESPHome.,Instructions for setting up template datetime with ESPHome.,https://esphome.io/images/logo.svg,https://esphome.io/images/description.svg,article,website,https://esphome.io/components/datetime/template/,https://esphome.io/components/datetime/template/,summary_large_image,summary_large_image,https://esphome.io/images/logo.svg,https://esphome.io/images/description.svg,1,1,Template Datetime,Template Datetime,,,
/components/cover/,Cover Component - ESPHome - Smart Home Made Simple,50,Cover Component - ESPHome - Smart Home Made Simple,50,Yes,Instructions for setting up base covers in ESPHome.,51,Instructions for setting up base covers in ESPHome.,51,Yes,https://esphome.io/components/cover/,,Cover Component,Cover Component,Instructions for setting up base covers in ESPHome.,Instructions for setting up base covers in ESPHome.,https://esphome.io/images/logo.svg,https://esphome.io/images/folder-open.svg,article,website,https://esphome.io/components/cover/,https://esphome.io/components/cover/,summary_large_image,summary_large_image,https://esphome.io/images/logo.svg,https://esphome.io/images/folder-open.svg,1,1,Cover Component,Cover Component,,,
/components/cover/tuya/,Tuya Cover - ESPHome - Smart Home Made Simple,45,Tuya Cover - ESPHome - Smart Home Made Simple,45,Yes,Instructions for setting up a Tuya cover motor.,47,Instructions for setting up a Tuya cover motor.,47,Yes,https://esphome.io/components/cover/tuya/,,Tuya Cover,Tuya Cover,Instructions for setting up a Tuya cover motor.,Instructions for setting up a Tuya cover motor.,https://esphome.io/images/logo.svg,,article,website,https://esphome.io/components/cover/tuya/,https://esphome.io/components/cover/tuya/,summary_large_image,summary_large_image,https://esphome.io/images/logo.svg,,1,1,Tuya Cover,Tuya Cover,,,Desc short
/components/cover/tormatic/,Tormatic/Novoferm Cover - ESPHome - Smart Home Made Simple,58,Tormatic/Novoferm Cover - ESPHome - Smart Home Made Simple,58,Yes,Setting up Tormatic and Novoferm covers in ESPHome.,51,Setting up Tormatic and Novoferm covers in ESPHome.,51,Yes,https://esphome.io/components/cover/tormatic/,,Tormatic/Novoferm Cover,Tormatic/Novoferm Cover,Setting up Tormatic and Novoferm covers in ESPHome.,Setting up Tormatic and Novoferm covers in ESPHome.,https://esphome.io/images/logo.svg,https://esphome.io/images/tormatic.png,article,website,https://esphome.io/components/cover/tormatic/,https://esphome.io/components/cover/tormatic/,summary_large_image,summary_large_image,https://esphome.io/images/logo.svg,https://esphome.io/images/tormatic.png,1,1,Tormatic/Novoferm Cover,Tormatic/Novoferm Cover,,,
/components/cover/time_based/,Time Based Cover - ESPHome - Smart Home Made Simple,51,Time Based Cover - ESPHome - Smart Home Made Simple,51,Yes,Instructions for setting up time-based covers in ESPHome.,57,Instructions for setting up time-based covers in ESPHome.,57,Yes,https://esphome.io/components/cover/time_based/,,Time Based Cover,Time Based Cover,Instructions for setting up time-based covers in ESPHome.,Instructions for setting up time-based covers in ESPHome.,https://esphome.io/images/logo.svg,https://esphome.io/images/timer.svg,article,website,https://esphome.io/components/cover/time_based/,https://esphome.io/components/cover/time_based/,summary_large_image,summary_large_image,https://esphome.io/images/logo.svg,https://esphome.io/images/timer.svg,1,1,Time Based Cover,Time Based Cover,,,
/components/cover/template/,Template Cover - ESPHome - Smart Home Made Simple,49,Template Cover - ESPHome - Smart Home Made Simple,49,Yes,Instructions for setting up template covers in ESPHome.,55,Instructions for setting up template covers in ESPHome.,55,Yes,https://esphome.io/components/cover/template/,,Template Cover,Template Cover,Instructions for setting up template covers in ESPHome.,Instructions for setting up template covers in ESPHome.,https://esphome.io/images/logo.svg,https://esphome.io/images/description.svg,article,website,https://esphome.io/components/cover/template/,https://esphome.io/components/cover/template/,summary_large_image,summary_large_image,https://esphome.io/images/logo.svg,https://esphome.io/images/description.svg,1,1,Template Cover,Template Cover,,,
/components/cover/he60r/,HE60R Garage Door Opener - ESPHome - Smart Home Made Simple,59,HE60R Garage Door Opener - ESPHome - Smart Home Made Simple,59,Yes,Setting up a Chamberlain HomEntry HE60R and similar garage door openers,71,Setting up a Chamberlain HomEntry HE60R and similar garage door openers,71,Yes,https://esphome.io/components/cover/he60r/,,HE60R Garage Door Opener,HE60R Garage Door Opener,Setting up a Chamberlain HomEntry HE60R and similar garage door openers,Setting up a Chamberlain HomEntry HE60R and similar garage door openers,https://esphome.io/images/logo.svg,https://esphome.io/images/he60r.jpg,article,website,https://esphome.io/components/cover/he60r/,https://esphome.io/components/cover/he60r/,summary_large_image,summary_large_image,https://esphome.io/images/logo.svg,https://esphome.io/images/he60r.jpg,1,1,HE60R Garage Door Opener,HE60R Garage Door Opener,,,
/components/cover/feedback/,Feedback Cover - ESPHome - Smart Home Made Simple,49,Feedback Cover - ESPHome - Smart Home Made Simple,49,Yes,Instructions for setting up feedback covers in ESPHome.,55,Instructions for setting up feedback covers in ESPHome.,55,Yes,https://esphome.io/components/cover/feedback/,,Feedback Cover,Feedback Cover,Instructions for setting up feedback covers in ESPHome.,Instructions for setting up feedback covers in ESPHome.,https://esphome.io/images/logo.svg,,article,website,https://esphome.io/components/cover/feedback/,https://esphome.io/components/cover/feedback/,summary_large_image,summary_large_image,https://esphome.io/images/logo.svg,,1,1,Feedback Cover,Feedback Cover,,,
/components/cover/endstop/,Endstop Cover - ESPHome - Smart Home Made Simple,48,Endstop Cover - ESPHome - Smart Home Made Simple,48,Yes,Instructions for setting up time-based covers in ESPHome.,57,Instructions for setting up time-based covers in ESPHome.,57,Yes,https://esphome.io/components/cover/endstop/,,Endstop Cover,Endstop Cover,Instructions for setting up time-based covers in ESPHome.,Instructions for setting up time-based covers in ESPHome.,https://esphome.io/images/logo.svg,https://esphome.io/images/electric-switch.svg,article,website,https://esphome.io/components/cover/endstop/,https://esphome.io/components/cover/endstop/,summary_large_image,summary_large_image,https://esphome.io/images/logo.svg,https://esphome.io/images/electric-switch.svg,1,1,Endstop Cover,Endstop Cover,,,
/components/cover/current_based/,Current Based Cover - ESPHome - Smart Home Made Simple,54,Current Based Cover - ESPHome - Smart Home Made Simple,54,Yes,Instructions for setting up current-based covers in ESPHome.,60,Instructions for setting up current-based covers in ESPHome.,60,Yes,https://esphome.io/components/cover/current_based/,,Current Based Cover,Current Based Cover,Instructions for setting up current-based covers in ESPHome.,Instructions for setting up current-based covers in ESPHome.,https://esphome.io/images/logo.svg,https://esphome.io/window-open.svg,article,website,https://esphome.io/components/cover/current_based/,https://esphome.io/components/cover/current_based/,summary_large_image,summary_large_image,https://esphome.io/images/logo.svg,https://esphome.io/window-open.svg,1,1,Current Based Cover,Current Based Cover,,,
/components/cover/am43/,AM43 Cover - ESPHome - Smart Home Made Simple,45,AM43 Cover - ESPHome - Smart Home Made Simple,45,Yes,Setting up AM43/BLE covers in ESPHome.,38,Setting up AM43/BLE covers in ESPHome.,38,Yes,https://esphome.io/components/cover/am43/,,AM43 Cover,AM43 Cover,Setting up AM43/BLE covers in ESPHome.,Setting up AM43/BLE covers in ESPHome.,https://esphome.io/images/logo.svg,https://esphome.io/images/am43.jpg,article,website,https://esphome.io/components/cover/am43/,https://esphome.io/components/cover/am43/,summary_large_image,summary_large_image,https://esphome.io/images/logo.svg,https://esphome.io/images/am43.jpg,1,1,AM43 Cover,AM43 Cover,,,Desc short
/components/copy/,Copy Component - ESPHome - Smart Home Made Simple,49,Copy Component - ESPHome - Smart Home Made Simple,49,Yes,Instructions for setting up the copy component in ESPHome,57,Instructions for setting up the copy component in ESPHome,57,Yes,https://esphome.io/components/copy/,,Copy Component,Copy Component,Instructions for setting up the copy component in ESPHome,Instructions for setting up the copy component in ESPHome,https://esphome.io/images/logo.svg,https://esphome.io/images/content-copy.svg,article,website,https://esphome.io/components/copy/,https://esphome.io/components/copy/,summary_large_image,summary_large_image,https://esphome.io/images/logo.svg,https://esphome.io/images/content-copy.svg,1,1,Copy Component,Copy Component,,,
/components/climate/,Climate Component - ESPHome - Smart Home Made Simple,52,Climate Component - ESPHome - Smart Home Made Simple,52,Yes,Information about the base representation of all climate devices.,65,Information about the base representation of all climate devices.,65,Yes,https://esphome.io/components/climate/,,Climate Component,Climate Component,Information about the base representation of all climate devices.,Information about the base representation of all climate devices.,https://esphome.io/images/logo.svg,https://esphome.io/images/folder-open.svg,article,website,https://esphome.io/components/climate/,https://esphome.io/components/climate/,summary_large_image,summary_large_image,https://esphome.io/images/logo.svg,https://esphome.io/images/folder-open.svg,1,1,Climate Component,Climate Component,,,
/components/climate/tuya/,Tuya Climate - ESPHome - Smart Home Made Simple,47,Tuya Climate - ESPHome - Smart Home Made Simple,47,Yes,Instructions for setting up a Tuya climate device.,50,Instructions for setting up a Tuya climate device.,50,Yes,https://esphome.io/components/climate/tuya/,,Tuya Climate,Tuya Climate,Instructions for setting up a Tuya climate device.,Instructions for setting up a Tuya climate device.,https://esphome.io/images/logo.svg,https://esphome.io/images/air-conditioner.svg,article,website,https://esphome.io/components/climate/tuya/,https://esphome.io/components/climate/tuya/,summary_large_image,summary_large_image,https://esphome.io/images/logo.svg,https://esphome.io/images/air-conditioner.svg,1,1,Tuya Climate,Tuya Climate,,,
/components/climate/thermostat/,Thermostat Climate Controller - ESPHome - Smart Home Made Simple,64,Thermostat Climate Controller - ESPHome - Smart Home Made Simple,64,Yes,Instructions for setting up Thermostat climate controllers with ESPHome.,72,Instructions for setting up Thermostat climate controllers with ESPHome.,72,Yes,https://esphome.io/components/climate/thermostat/,,Thermostat Climate Controller,Thermostat Climate Controller,Instructions for setting up Thermostat climate controllers with ESPHome.,Instructions for setting up Thermostat climate controllers with ESPHome.,https://esphome.io/images/logo.svg,https://esphome.io/images/air-conditioner.svg,article,website,https://esphome.io/components/climate/thermostat/,https://esphome.io/components/climate/thermostat/,summary_large_image,summary_large_image,https://esphome.io/images/logo.svg,https://esphome.io/images/air-conditioner.svg,1,1,Thermostat Climate Controller,Thermostat Climate Controller,,,Title too long
/components/climate/pid/,PID Climate - ESPHome - Smart Home Made Simple,46,PID Climate - ESPHome - Smart Home Made Simple,46,Yes,Instructions for setting up PID climate controllers with ESPHome.,65,Instructions for setting up PID climate controllers with ESPHome.,65,Yes,https://esphome.io/components/climate/pid/,,PID Climate,PID Climate,Instructions for setting up PID climate controllers with ESPHome.,Instructions for setting up PID climate controllers with ESPHome.,https://esphome.io/images/logo.svg,https://esphome.io/images/function.svg,article,website,https://esphome.io/components/climate/pid/,https://esphome.io/components/climate/pid/,summary_large_image,summary_large_image,https://esphome.io/images/logo.svg,https://esphome.io/images/function.svg,1,1,PID Climate,PID Climate,,,
/components/climate/midea/,Midea Air Conditioner - ESPHome - Smart Home Made Simple,56,Midea Air Conditioner - ESPHome - Smart Home Made Simple,56,Yes,Instructions for setting up a Midea climate device,50,Instructions for setting up a Midea climate device,50,Yes,https://esphome.io/components/climate/midea/,,Midea Air Conditioner,Midea Air Conditioner,Instructions for setting up a Midea climate device,Instructions for setting up a Midea climate device,https://esphome.io/images/logo.svg,https://esphome.io/images/air-conditioner.svg,article,website,https://esphome.io/components/climate/midea/,https://esphome.io/components/climate/midea/,summary_large_image,summary_large_image,https://esphome.io/images/logo.svg,https://esphome.io/images/air-conditioner.svg,1,1,Midea Air Conditioner,Midea Air Conditioner,,,
/components/climate/haier/,Haier Climate - ESPHome - Smart Home Made Simple,48,Haier Climate - ESPHome - Smart Home Made Simple,48,Yes,Instructions for setting up Haier climate devices.,50,Instructions for setting up Haier climate devices.,50,Yes,https://esphome.io/components/climate/haier/,,Haier Climate,Haier Climate,Instructions for setting up Haier climate devices.,Instructions for setting up Haier climate devices.,https://esphome.io/images/logo.svg,https://esphome.io/images/air-conditioner.svg,article,website,https://esphome.io/components/climate/haier/,https://esphome.io/components/climate/haier/,summary_large_image,summary_large_image,https://esphome.io/images/logo.svg,https://esphome.io/images/air-conditioner.svg,1,1,Haier Climate,Haier Climate,,,
/components/climate/climate_ir/,IR Remote Climate - ESPHome - Smart Home Made Simple,52,IR Remote Climate - ESPHome - Smart Home Made Simple,52,Yes,Controls a variety of compatible Climate devices via IR,55,Controls a variety of compatible Climate devices via IR,55,Yes,https://esphome.io/components/climate/climate_ir/,,IR Remote Climate,IR Remote Climate,Controls a variety of compatible Climate devices via IR,Controls a variety of compatible Climate devices via IR,https://esphome.io/images/logo.svg,https://esphome.io/images/air-conditioner-ir.svg,article,website,https://esphome.io/components/climate/climate_ir/,https://esphome.io/components/climate/climate_ir/,summary_large_image,summary_large_image,https://esphome.io/images/logo.svg,https://esphome.io/images/air-conditioner-ir.svg,1,1,IR Remote Climate,IR Remote Climate,,,
/components/climate/bedjet/,BedJet - ESPHome - Smart Home Made Simple,41,BedJet - ESPHome - Smart Home Made Simple,41,Yes,Instructions for setting up a BedJet climate device.,52,Instructions for setting up a BedJet climate device.,52,Yes,https://esphome.io/components/climate/bedjet/,,BedJet,BedJet,Instructions for setting up a BedJet climate device.,Instructions for setting up a BedJet climate device.,https://esphome.io/images/logo.svg,https://esphome.io/images/bedjet.png,article,website,https://esphome.io/components/climate/bedjet/,https://esphome.io/components/climate/bedjet/,summary_large_image,summary_large_image,https://esphome.io/images/logo.svg,https://esphome.io/images/bedjet.png,1,1,BedJet,BedJet,,,
/components/climate/bang_bang/,Bang Bang Climate Controller - ESPHome - Smart Home Made Simple,63,Bang Bang Climate Controller - ESPHome - Smart Home Made Simple,63,Yes,Instructions for setting up Bang Bang climate controllers with ESPHome.,71,Instructions for setting up Bang Bang climate controllers with ESPHome.,71,Yes,https://esphome.io/components/climate/bang_bang/,,Bang Bang Climate Controller,Bang Bang Climate Controller,Instructions for setting up Bang Bang climate controllers with ESPHome.,Instructions for setting up Bang Bang climate controllers with ESPHome.,https://esphome.io/images/logo.svg,https://esphome.io/images/air-conditioner.svg,article,website,https://esphome.io/components/climate/bang_bang/,https://esphome.io/components/climate/bang_bang/,summary_large_image,summary_large_image,https://esphome.io/images/logo.svg,https://esphome.io/images/air-conditioner.svg,1,1,Bang Bang Climate Controller,Bang Bang Climate Controller,,,Title too long
/components/climate/anova/,Anova Cooker - ESPHome - Smart Home Made Simple,47,Anova Cooker - ESPHome - Smart Home Made Simple,47,Yes,Instructions for setting up an Anova sous-vide cooker.,54,Instructions for setting up an Anova sous-vide cooker.,54,Yes,https://esphome.io/components/climate/anova/,,Anova Cooker,Anova Cooker,Instructions for setting up an Anova sous-vide cooker.,Instructions for setting up an Anova sous-vide cooker.,https://esphome.io/images/logo.svg,https://esphome.io/images/anova.png,article,website,https://esphome.io/components/climate/anova/,https://esphome.io/components/climate/anova/,summary_large_image,summary_large_image,https://esphome.io/images/logo.svg,https://esphome.io/images/anova.png,1,1,Anova Cooker,Anova Cooker,,,
/components/ch422g/,CH422G I/O Expander - ESPHome - Smart Home Made Simple,54,CH422G I/O Expander - ESPHome - Smart Home Made Simple,54,Yes,Instructions for setting up CH422G digital port expanders in ESPHome.,69,Instructions for setting up CH422G digital port expanders in ESPHome.,69,Yes,https://esphome.io/components/ch422g/,,CH422G I/O Expander,CH422G I/O Expander,Instructions for setting up CH422G digital port expanders in ESPHome.,Instructions for setting up CH422G digital port expanders in ESPHome.,https://esphome.io/images/logo.svg,https://esphome.io/images/ch422g.svg,article,website,https://esphome.io/components/ch422g/,https://esphome.io/components/ch422g/,summary_large_image,summary_large_image,https://esphome.io/images/logo.svg,https://esphome.io/images/ch422g.svg,1,1,CH422G I/O Expander,CH422G I/O Expander,,,
/components/cc1101/,CC1101 Low-Power Sub-1 GHz RF Transceiver - ESPHome - Smart Home Made Simple,76,CC1101 Low-Power Sub-1 GHz RF Transceiver - ESPHome - Smart Home Made Simple,76,Yes,Instructions for setting up CC1101 RF Transceiver in ESPHome.,61,,,No,https://esphome.io/components/cc1101/,,CC1101 Low-Power Sub-1 GHz RF Transceiver,CC1101 Low-Power Sub-1 GHz RF Transceiver,Instructions for setting up CC1101 RF Transceiver in ESPHome.,,https://esphome.io/images/logo.svg,,article,website,https://esphome.io/components/cc1101/,https://esphome.io/components/cc1101/,summary_large_image,summary_large_image,https://esphome.io/images/logo.svg,,1,1,CC1101 Low-Power Sub-1 GHz RF Transceiver,CC1101 Low-Power Sub-1 GHz RF Transceiver,,,Title too long
/components/captive_portal/,Captive Portal - ESPHome - Smart Home Made Simple,49,Captive Portal - ESPHome - Smart Home Made Simple,49,Yes,Instructions for setting up the Captive Portal fallback mechanism in ESPHome.,77,Instructions for setting up the Captive Portal fallback mechanism in ESPHome.,77,Yes,https://esphome.io/components/captive_portal/,,Captive Portal,Captive Portal,Instructions for setting up the Captive Portal fallback mechanism in ESPHome.,Instructions for setting up the Captive Portal fallback mechanism in ESPHome.,https://esphome.io/images/logo.svg,https://esphome.io/images/wifi-strength-alert-outline.svg,article,website,https://esphome.io/components/captive_portal/,https://esphome.io/components/captive_portal/,summary_large_image,summary_large_image,https://esphome.io/images/logo.svg,https://esphome.io/images/wifi-strength-alert-outline.svg,1,1,Captive Portal,Captive Portal,,,
/components/canbus/,CAN Bus - ESPHome - Smart Home Made Simple,42,CAN Bus - ESPHome - Smart Home Made Simple,42,Yes,Instructions for setting up an CAN bus in ESPHome,49,Instructions for setting up an CAN bus in ESPHome,49,Yes,https://esphome.io/components/canbus/,,CAN Bus,CAN Bus,Instructions for setting up an CAN bus in ESPHome,Instructions for setting up an CAN bus in ESPHome,https://esphome.io/images/logo.svg,https://esphome.io/images/canbus.svg,article,website,https://esphome.io/components/canbus/,https://esphome.io/components/canbus/,summary_large_image,summary_large_image,https://esphome.io/images/logo.svg,https://esphome.io/images/canbus.svg,1,1,CAN Bus,CAN Bus,,,Desc short
/components/canbus/mcp2515/,MCP2515 - ESPHome - Smart Home Made Simple,42,MCP2515 - ESPHome - Smart Home Made Simple,42,Yes,Instructions for setting up the MCP2515 CAN bus platform in ESPHome,67,Instructions for setting up the MCP2515 CAN bus platform in ESPHome,67,Yes,https://esphome.io/components/canbus/mcp2515/,,MCP2515,MCP2515,Instructions for setting up the MCP2515 CAN bus platform in ESPHome,Instructions for setting up the MCP2515 CAN bus platform in ESPHome,https://esphome.io/images/logo.svg,https://esphome.io/images/canbus.svg,article,website,https://esphome.io/components/canbus/mcp2515/,https://esphome.io/components/canbus/mcp2515/,summary_large_image,summary_large_image,https://esphome.io/images/logo.svg,https://esphome.io/images/canbus.svg,1,1,MCP2515,MCP2515,,,
/components/canbus/esp32_can/,ESP32 CAN - ESPHome - Smart Home Made Simple,44,ESP32 CAN - ESPHome - Smart Home Made Simple,44,Yes,Instructions for setting up the ESP32 CAN bus platform in ESPHome,65,Instructions for setting up the ESP32 CAN bus platform in ESPHome,65,Yes,https://esphome.io/components/canbus/esp32_can/,,ESP32 CAN,ESP32 CAN,Instructions for setting up the ESP32 CAN bus platform in ESPHome,Instructions for setting up the ESP32 CAN bus platform in ESPHome,https://esphome.io/images/logo.svg,https://esphome.io/images/canbus.svg,article,website,https://esphome.io/components/canbus/esp32_can/,https://esphome.io/components/canbus/esp32_can/,summary_large_image,summary_large_image,https://esphome.io/images/logo.svg,https://esphome.io/images/canbus.svg,1,1,ESP32 CAN,ESP32 CAN,,,
/components/camera/,Camera Component - ESPHome - Smart Home Made Simple,51,Camera Component - ESPHome - Smart Home Made Simple,51,Yes,Instructions for setting up cameras in ESPHome.,47,Instructions for setting up cameras in ESPHome.,47,Yes,https://esphome.io/components/camera/,,Camera Component,Camera Component,Instructions for setting up cameras in ESPHome.,Instructions for setting up cameras in ESPHome.,https://esphome.io/images/logo.svg,https://esphome.io/images/camera.svg,article,website,https://esphome.io/components/camera/,https://esphome.io/components/camera/,summary_large_image,summary_large_image,https://esphome.io/images/logo.svg,https://esphome.io/images/camera.svg,1,1,Camera Component,Camera Component,,,Desc short
/components/camera/camera_encoder/,Camera Encoder - ESPHome - Smart Home Made Simple,49,Camera Encoder - ESPHome - Smart Home Made Simple,49,Yes,Instructions for setting up the camera encoder component in ESPHome.,68,Instructions for setting up the camera encoder component in ESPHome.,68,Yes,https://esphome.io/components/camera/camera_encoder/,,Camera Encoder,Camera Encoder,Instructions for setting up the camera encoder component in ESPHome.,Instructions for setting up the camera encoder component in ESPHome.,https://esphome.io/images/logo.svg,https://esphome.io/images/camera.svg,article,website,https://esphome.io/components/camera/camera_encoder/,https://esphome.io/components/camera/camera_encoder/,summary_large_image,summary_large_image,https://esphome.io/images/logo.svg,https://esphome.io/images/camera.svg,1,1,Camera Encoder,Camera Encoder,,,
/components/button/,Button Component - ESPHome - Smart Home Made Simple,51,Button Component - ESPHome - Smart Home Made Simple,51,Yes,Instructions for setting up button components in ESPHome.,57,Instructions for setting up button components in ESPHome.,57,Yes,https://esphome.io/components/button/,,Button Component,Button Component,Instructions for setting up button components in ESPHome.,Instructions for setting up button components in ESPHome.,https://esphome.io/images/logo.svg,https://esphome.io/images/folder-open.svg,article,website,https://esphome.io/components/button/,https://esphome.io/components/button/,summary_large_image,summary_large_image,https://esphome.io/images/logo.svg,https://esphome.io/images/folder-open.svg,1,1,Button Component,Button Component,,,
/components/button/wake_on_lan/,Wake-on-LAN Button - ESPHome - Smart Home Made Simple,53,Wake-on-LAN Button - ESPHome - Smart Home Made Simple,53,Yes,Instructions for setting up buttons that can send wakeup packets to computers on the network.,93,Instructions for setting up buttons that can send wakeup packets to computers on the network.,93,Yes,https://esphome.io/components/button/wake_on_lan/,,Wake-on-LAN Button,Wake-on-LAN Button,Instructions for setting up buttons that can send wakeup packets to computers on the network.,Instructions for setting up buttons that can send wakeup packets to computers on the network.,https://esphome.io/images/logo.svg,https://esphome.io/images/radio-tower.svg,article,website,https://esphome.io/components/button/wake_on_lan/,https://esphome.io/components/button/wake_on_lan/,summary_large_image,summary_large_image,https://esphome.io/images/logo.svg,https://esphome.io/images/radio-tower.svg,1,1,Wake-on-LAN Button,Wake-on-LAN Button,,,
/components/button/uart/,UART Button - ESPHome - Smart Home Made Simple,46,UART Button - ESPHome - Smart Home Made Simple,46,Yes,Instructions for setting up UART buttons in ESPHome that can output arbitrary UART sequences when activated.,108,Instructions for setting up UART buttons in ESPHome that can output arbitrary UART sequences when activated.,108,Yes,https://esphome.io/components/button/uart/,,UART Button,UART Button,Instructions for setting up UART buttons in ESPHome that can output arbitrary UART sequences when activated.,Instructions for setting up UART buttons in ESPHome that can output arbitrary UART sequences when activated.,https://esphome.io/images/logo.svg,https://esphome.io/images/uart.svg,article,website,https://esphome.io/components/button/uart/,https://esphome.io/components/button/uart/,summary_large_image,summary_large_image,https://esphome.io/images/logo.svg,https://esphome.io/images/uart.svg,1,1,UART Button,UART Button,,,
/components/button/template/,Template Button - ESPHome - Smart Home Made Simple,50,Template Button - ESPHome - Smart Home Made Simple,50,Yes,Instructions for setting up template buttons that can execute arbitrary actions when pressed.,93,Instructions for setting up template buttons that can execute arbitrary actions when pressed.,93,Yes,https://esphome.io/components/button/template/,,Template Button,Template Button,Instructions for setting up template buttons that can execute arbitrary actions when pressed.,Instructions for setting up template buttons that can execute arbitrary actions when pressed.,https://esphome.io/images/logo.svg,https://esphome.io/images/description.svg,article,website,https://esphome.io/components/button/template/,https://esphome.io/components/button/template/,summary_large_image,summary_large_image,https://esphome.io/images/logo.svg,https://esphome.io/images/description.svg,1,1,Template Button,Template Button,,,
/components/button/shutdown/,Shutdown Button - ESPHome - Smart Home Made Simple,50,Shutdown Button - ESPHome - Smart Home Made Simple,50,Yes,Instructions for setting up buttons that can remotely shut down the ESP.,72,Instructions for setting up buttons that can remotely shut down the ESP.,72,Yes,https://esphome.io/components/button/shutdown/,,Shutdown Button,Shutdown Button,Instructions for setting up buttons that can remotely shut down the ESP.,Instructions for setting up buttons that can remotely shut down the ESP.,https://esphome.io/images/logo.svg,https://esphome.io/images/power_settings.svg,article,website,https://esphome.io/components/button/shutdown/,https://esphome.io/components/button/shutdown/,summary_large_image,summary_large_image,https://esphome.io/images/logo.svg,https://esphome.io/images/power_settings.svg,1,1,Shutdown Button,Shutdown Button,,,
/components/button/safe_mode/,Safe Mode Button - ESPHome - Smart Home Made Simple,51,Safe Mode Button - ESPHome - Smart Home Made Simple,51,Yes,Instructions for setting up buttons that can remotely reboot the ESP in ESPHome into safe mode.,95,Instructions for setting up buttons that can remotely reboot the ESP in ESPHome into safe mode.,95,Yes,https://esphome.io/components/button/safe_mode/,,Safe Mode Button,Safe Mode Button,Instructions for setting up buttons that can remotely reboot the ESP in ESPHome into safe mode.,Instructions for setting up buttons that can remotely reboot the ESP in ESPHome into safe mode.,https://esphome.io/images/logo.svg,https://esphome.io/images/restart.svg,article,website,https://esphome.io/components/button/safe_mode/,https://esphome.io/components/button/safe_mode/,summary_large_image,summary_large_image,https://esphome.io/images/logo.svg,https://esphome.io/images/restart.svg,1,1,Safe Mode Button,Safe Mode Button,,,
/components/button/restart/,Restart Button - ESPHome - Smart Home Made Simple,49,Restart Button - ESPHome - Smart Home Made Simple,49,Yes,Instructions for setting up buttons that can remotely reboot the ESP in ESPHome.,80,Instructions for setting up buttons that can remotely reboot the ESP in ESPHome.,80,Yes,https://esphome.io/components/button/restart/,,Restart Button,Restart Button,Instructions for setting up buttons that can remotely reboot the ESP in ESPHome.,Instructions for setting up buttons that can remotely reboot the ESP in ESPHome.,https://esphome.io/images/logo.svg,https://esphome.io/images/restart.svg,article,website,https://esphome.io/components/button/restart/,https://esphome.io/components/button/restart/,summary_large_image,summary_large_image,https://esphome.io/images/logo.svg,https://esphome.io/images/restart.svg,1,1,Restart Button,Restart Button,,,
/components/button/output/,Generic Output Button - ESPHome - Smart Home Made Simple,56,Generic Output Button - ESPHome - Smart Home Made Simple,56,Yes,Instructions for setting up generic output buttons in ESPHome that control an output component.,95,Instructions for setting up generic output buttons in ESPHome that control an output component.,95,Yes,https://esphome.io/components/button/output/,,Generic Output Button,Generic Output Button,Instructions for setting up generic output buttons in ESPHome that control an output component.,Instructions for setting up generic output buttons in ESPHome that control an output component.,https://esphome.io/images/logo.svg,https://esphome.io/images/upload.svg,article,website,https://esphome.io/components/button/output/,https://esphome.io/components/button/output/,summary_large_image,summary_large_image,https://esphome.io/images/logo.svg,https://esphome.io/images/upload.svg,1,1,Generic Output Button,Generic Output Button,,,
/components/button/haier/,Haier Climate Buttons - ESPHome - Smart Home Made Simple,56,Haier Climate Buttons - ESPHome - Smart Home Made Simple,56,Yes,Instructions for setting up additional buttons for Haier climate devices.,73,Instructions for setting up additional buttons for Haier climate devices.,73,Yes,https://esphome.io/components/button/haier/,,Haier Climate Buttons,Haier Climate Buttons,Instructions for setting up additional buttons for Haier climate devices.,Instructions for setting up additional buttons for Haier climate devices.,https://esphome.io/images/logo.svg,https://esphome.io/images/haier.svg,article,website,https://esphome.io/components/button/haier/,https://esphome.io/components/button/haier/,summary_large_image,summary_large_image,https://esphome.io/images/logo.svg,https://esphome.io/images/haier.svg,1,1,Haier Climate Buttons,Haier Climate Buttons,,,
/components/button/factory_reset/,Factory Reset Button - ESPHome - Smart Home Made Simple,55,Factory Reset Button - ESPHome - Smart Home Made Simple,55,Yes,Instructions for setting up buttons that can remotely invalidate all ESPHome preferences stored in flash and reboot ESP.,120,Instructions for setting up buttons that can remotely invalidate all ESPHome preferences stored in flash and reboot ESP.,120,Yes,https://esphome.io/components/button/factory_reset/,,Factory Reset Button,Factory Reset Button,Instructions for setting up buttons that can remotely invalidate all ESPHome preferences stored in flash and reboot ESP.,Instructions for setting up buttons that can remotely invalidate all ESPHome preferences stored in flash and reboot ESP.,https://esphome.io/images/logo.svg,https://esphome.io/images/restart.svg,article,website,https://esphome.io/components/button/factory_reset/,https://esphome.io/components/button/factory_reset/,summary_large_image,summary_large_image,https://esphome.io/images/logo.svg,https://esphome.io/images/restart.svg,1,1,Factory Reset Button,Factory Reset Button,,,
/components/bluetooth_proxy/,Bluetooth Proxy - ESPHome - Smart Home Made Simple,50,Bluetooth Proxy - ESPHome - Smart Home Made Simple,50,Yes,Instructions for setting up the Bluetooth Proxy in ESPHome.,59,Instructions for setting up the Bluetooth Proxy in ESPHome.,59,Yes,https://esphome.io/components/bluetooth_proxy/,,Bluetooth Proxy,Bluetooth Proxy,Instructions for setting up the Bluetooth Proxy in ESPHome.,Instructions for setting up the Bluetooth Proxy in ESPHome.,https://esphome.io/images/logo.svg,https://esphome.io/images/bluetooth.svg,article,website,https://esphome.io/components/bluetooth_proxy/,https://esphome.io/components/bluetooth_proxy/,summary_large_image,summary_large_image,https://esphome.io/images/logo.svg,https://esphome.io/images/bluetooth.svg,1,1,Bluetooth Proxy,Bluetooth Proxy,,,
/components/ble_nus/,Nordic UART Service (NUS) - ESPHome - Smart Home Made Simple,60,Nordic UART Service (NUS) - ESPHome - Smart Home Made Simple,60,Yes,Nordic UART Service (NUS),25,BLE UART support using Nordic UART Service (NUS) for ESPHome logging and communication.,87,No,https://esphome.io/components/ble_nus/,,Nordic UART Service (NUS),Nordic UART Service (NUS),Nordic UART Service (NUS),BLE UART support using Nordic UART Service (NUS) for ESPHome logging and communication.,https://esphome.io/images/logo.svg,https://esphome.io/images/uart.svg,article,website,https://esphome.io/components/ble_nus/,https://esphome.io/components/ble_nus/,summary_large_image,summary_large_image,https://esphome.io/images/logo.svg,https://esphome.io/images/uart.svg,1,1,Nordic UART Service (NUS),Nordic UART Service (NUS),,,Desc short
/components/ble_client/,BLE Client - ESPHome - Smart Home Made Simple,45,BLE Client - ESPHome - Smart Home Made Simple,45,Yes,Configuration of the BLE client on ESP32.,41,Configuration of the BLE client on ESP32.,41,Yes,https://esphome.io/components/ble_client/,,BLE Client,BLE Client,Configuration of the BLE client on ESP32.,Configuration of the BLE client on ESP32.,https://esphome.io/images/logo.svg,https://esphome.io/images/bluetooth.svg,article,website,https://esphome.io/components/ble_client/,https://esphome.io/components/ble_client/,summary_large_image,summary_large_image,https://esphome.io/images/logo.svg,https://esphome.io/images/bluetooth.svg,1,1,BLE Client,BLE Client,,,Desc short
/components/binary_sensor/,Binary Sensor Component - ESPHome - Smart Home Made Simple,58,Binary Sensor Component - ESPHome - Smart Home Made Simple,58,Yes,Information about the base representation of all binary sensors.,64,Information about the base representation of all binary sensors.,64,Yes,https://esphome.io/components/binary_sensor/,,Binary Sensor Component,Binary Sensor Component,Information about the base representation of all binary sensors.,Information about the base representation of all binary sensors.,https://esphome.io/images/logo.svg,https://esphome.io/images/folder-open.svg,article,website,https://esphome.io/components/binary_sensor/,https://esphome.io/components/binary_sensor/,summary_large_image,summary_large_image,https://esphome.io/images/logo.svg,https://esphome.io/images/folder-open.svg,1,1,Binary Sensor Component,Binary Sensor Component,,,
/components/binary_sensor/tuya/,Tuya Binary Sensor - ESPHome - Smart Home Made Simple,53,Tuya Binary Sensor - ESPHome - Smart Home Made Simple,53,Yes,Instructions for setting up a Tuya device binary sensor.,56,Instructions for setting up a Tuya device binary sensor.,56,Yes,https://esphome.io/components/binary_sensor/tuya/,,Tuya Binary Sensor,Tuya Binary Sensor,Instructions for setting up a Tuya device binary sensor.,Instructions for setting up a Tuya device binary sensor.,https://esphome.io/images/logo.svg,,article,website,https://esphome.io/components/binary_sensor/tuya/,https://esphome.io/components/binary_sensor/tuya/,summary_large_image,summary_large_image,https://esphome.io/images/logo.svg,,1,1,Tuya Binary Sensor,Tuya Binary Sensor,,,
/components/binary_sensor/ttp229/,TTP229 Capacitive Touch Sensor - ESPHome - Smart Home Made Simple,65,TTP229 Capacitive Touch Sensor - ESPHome - Smart Home Made Simple,65,Yes,Instructions for setting up TTP229 Capacitive Touch Sensor,58,Instructions for setting up TTP229 Capacitive Touch Sensor,58,Yes,https://esphome.io/components/binary_sensor/ttp229/,,TTP229 Capacitive Touch Sensor,TTP229 Capacitive Touch Sensor,Instructions for setting up TTP229 Capacitive Touch Sensor,Instructions for setting up TTP229 Capacitive Touch Sensor,https://esphome.io/images/logo.svg,https://esphome.io/images/ttp229.jpg,article,website,https://esphome.io/components/binary_sensor/ttp229/,https://esphome.io/components/binary_sensor/ttp229/,summary_large_image,summary_large_image,https://esphome.io/images/logo.svg,https://esphome.io/images/ttp229.jpg,1,1,TTP229 Capacitive Touch Sensor,TTP229 Capacitive Touch Sensor,,,Title too long
/components/binary_sensor/template/,Template Binary Sensor - ESPHome - Smart Home Made Simple,57,Template Binary Sensor - ESPHome - Smart Home Made Simple,57,Yes,Instructions for setting up template binary sensors.,52,Instructions for setting up template binary sensors.,52,Yes,https://esphome.io/components/binary_sensor/template/,,Template Binary Sensor,Template Binary Sensor,Instructions for setting up template binary sensors.,Instructions for setting up template binary sensors.,https://esphome.io/images/logo.svg,https://esphome.io/images/description.svg,article,website,https://esphome.io/components/binary_sensor/template/,https://esphome.io/components/binary_sensor/template/,summary_large_image,summary_large_image,https://esphome.io/images/logo.svg,https://esphome.io/images/description.svg,1,1,Template Binary Sensor,Template Binary Sensor,,,
/components/binary_sensor/switch/,Switch Binary Sensor - ESPHome - Smart Home Made Simple,55,Switch Binary Sensor - ESPHome - Smart Home Made Simple,55,Yes,Instructions for setting up switch binary sensors with ESPHome.,63,Instructions for setting up switch binary sensors with ESPHome.,63,Yes,https://esphome.io/components/binary_sensor/switch/,,Switch Binary Sensor,Switch Binary Sensor,Instructions for setting up switch binary sensors with ESPHome.,Instructions for setting up switch binary sensors with ESPHome.,https://esphome.io/images/logo.svg,,article,website,https://esphome.io/components/binary_sensor/switch/,https://esphome.io/components/binary_sensor/switch/,summary_large_image,summary_large_image,https://esphome.io/images/logo.svg,,1,1,Switch Binary Sensor,Switch Binary Sensor,,,
/components/binary_sensor/status/,Status Binary Sensor - ESPHome - Smart Home Made Simple,55,Status Binary Sensor - ESPHome - Smart Home Made Simple,55,Yes,Instructions for setting up MQTT status binary sensors.,55,Instructions for setting up MQTT status binary sensors.,55,Yes,https://esphome.io/components/binary_sensor/status/,,Status Binary Sensor,Status Binary Sensor,Instructions for setting up MQTT status binary sensors.,Instructions for setting up MQTT status binary sensors.,https://esphome.io/images/logo.svg,https://esphome.io/images/server-network.svg,article,website,https://esphome.io/components/binary_sensor/status/,https://esphome.io/components/binary_sensor/status/,summary_large_image,summary_large_image,https://esphome.io/images/logo.svg,https://esphome.io/images/server-network.svg,1,1,Status Binary Sensor,Status Binary Sensor,,,
/components/binary_sensor/sdl/,SDL Binary Sensor - ESPHome - Smart Home Made Simple,52,SDL Binary Sensor - ESPHome - Smart Home Made Simple,52,Yes,Instructions for setting up an SDL keyboard binary sensor.,58,Instructions for setting up an SDL keyboard binary sensor.,58,Yes,https://esphome.io/components/binary_sensor/sdl/,,SDL Binary Sensor,SDL Binary Sensor,Instructions for setting up an SDL keyboard binary sensor.,Instructions for setting up an SDL keyboard binary sensor.,https://esphome.io/images/logo.svg,,article,website,https://esphome.io/components/binary_sensor/sdl/,https://esphome.io/components/binary_sensor/sdl/,summary_large_image,summary_large_image,https://esphome.io/images/logo.svg,,1,1,SDL Binary Sensor,SDL Binary Sensor,,,
/components/binary_sensor/rdm6300/,RDM6300 NFC/RFID - ESPHome - Smart Home Made Simple,51,RDM6300 NFC/RFID - ESPHome - Smart Home Made Simple,51,Yes,Instructions for setting up RDM6300 NFC/RFID tag readers and tags in ESPHome.,77,Instructions for setting up RDM6300 NFC/RFID tag readers and tags in ESPHome.,77,Yes,https://esphome.io/components/binary_sensor/rdm6300/,,RDM6300 NFC/RFID,RDM6300 NFC/RFID,Instructions for setting up RDM6300 NFC/RFID tag readers and tags in ESPHome.,Instructions for setting up RDM6300 NFC/RFID tag readers and tags in ESPHome.,https://esphome.io/images/logo.svg,https://esphome.io/images/rdm6300.jpg,article,website,https://esphome.io/components/binary_sensor/rdm6300/,https://esphome.io/components/binary_sensor/rdm6300/,summary_large_image,summary_large_image,https://esphome.io/images/logo.svg,https://esphome.io/images/rdm6300.jpg,1,1,RDM6300 NFC/RFID,RDM6300 NFC/RFID,,,
/components/binary_sensor/rc522/,RC522 NFC/RFID - ESPHome - Smart Home Made Simple,49,RC522 NFC/RFID - ESPHome - Smart Home Made Simple,49,Yes,Instructions for setting up RC522 NFC/RFID tag readers and tags in ESPHome,74,Instructions for setting up RC522 NFC/RFID tag readers and tags in ESPHome,74,Yes,https://esphome.io/components/binary_sensor/rc522/,,RC522 NFC/RFID,RC522 NFC/RFID,Instructions for setting up RC522 NFC/RFID tag readers and tags in ESPHome,Instructions for setting up RC522 NFC/RFID tag readers and tags in ESPHome,https://esphome.io/images/logo.svg,https://esphome.io/images/rc522.jpg,article,website,https://esphome.io/components/binary_sensor/rc522/,https://esphome.io/components/binary_sensor/rc522/,summary_large_image,summary_large_image,https://esphome.io/images/logo.svg,https://esphome.io/images/rc522.jpg,1,1,RC522 NFC/RFID,RC522 NFC/RFID,,,
/components/binary_sensor/qwiic_pir/,Qwiic PIR Motion Binary Sensor - ESPHome - Smart Home Made Simple,65,Qwiic PIR Motion Binary Sensor - ESPHome - Smart Home Made Simple,65,Yes,Instructions for setting up the Qwiic PIR Motion binary sensor.,63,Instructions for setting up the Qwiic PIR Motion binary sensor.,63,Yes,https://esphome.io/components/binary_sensor/qwiic_pir/,,Qwiic PIR Motion Binary Sensor,Qwiic PIR Motion Binary Sensor,Instructions for setting up the Qwiic PIR Motion binary sensor.,Instructions for setting up the Qwiic PIR Motion binary sensor.,https://esphome.io/images/logo.svg,https://esphome.io/images/qwiic_pir.jpg,article,website,https://esphome.io/components/binary_sensor/qwiic_pir/,https://esphome.io/components/binary_sensor/qwiic_pir/,summary_large_image,summary_large_image,https://esphome.io/images/logo.svg,https://esphome.io/images/qwiic_pir.jpg,1,1,Qwiic PIR Motion Binary Sensor,Qwiic PIR Motion Binary Sensor,,,Title too long
/components/binary_sensor/pn532/,PN532 NFC/RFID - ESPHome - Smart Home Made Simple,49,PN532 NFC/RFID - ESPHome - Smart Home Made Simple,49,Yes,Instructions for setting up PN532 NFC tag readers and tags in ESPHome,69,Instructions for setting up PN532 NFC tag readers and tags in ESPHome,69,Yes,https://esphome.io/components/binary_sensor/pn532/,,PN532 NFC/RFID,PN532 NFC/RFID,Instructions for setting up PN532 NFC tag readers and tags in ESPHome,Instructions for setting up PN532 NFC tag readers and tags in ESPHome,https://esphome.io/images/logo.svg,https://esphome.io/images/pn532.jpg,article,website,https://esphome.io/components/binary_sensor/pn532/,https://esphome.io/components/binary_sensor/pn532/,summary_large_image,summary_large_image,https://esphome.io/images/logo.svg,https://esphome.io/images/pn532.jpg,1,1,PN532 NFC/RFID,PN532 NFC/RFID,,,
/components/binary_sensor/packet_transport/,Packet Transport Binary Sensor - ESPHome - Smart Home Made Simple,65,Packet Transport Binary Sensor - ESPHome - Smart Home Made Simple,65,Yes,Instructions for setting up a packet transport binary sensor.,61,Instructions for setting up a packet transport binary sensor.,61,Yes,https://esphome.io/components/binary_sensor/packet_transport/,,Packet Transport Binary Sensor,Packet Transport Binary Sensor,Instructions for setting up a packet transport binary sensor.,Instructions for setting up a packet transport binary sensor.,https://esphome.io/images/logo.svg,https://esphome.io/images/packet_transport.svg,article,website,https://esphome.io/components/binary_sensor/packet_transport/,https://esphome.io/components/binary_sensor/packet_transport/,summary_large_image,summary_large_image,https://esphome.io/images/logo.svg,https://esphome.io/images/packet_transport.svg,1,1,Packet Transport Binary Sensor,Packet Transport Binary Sensor,,,Title too long
/components/binary_sensor/nfc/,NFC Binary Sensor - ESPHome - Smart Home Made Simple,52,NFC Binary Sensor - ESPHome - Smart Home Made Simple,52,Yes,Instructions for setting up a NFC binary sensor in ESPHome,58,Instructions for setting up a NFC binary sensor in ESPHome,58,Yes,https://esphome.io/components/binary_sensor/nfc/,,NFC Binary Sensor,NFC Binary Sensor,Instructions for setting up a NFC binary sensor in ESPHome,Instructions for setting up a NFC binary sensor in ESPHome,https://esphome.io/images/logo.svg,https://esphome.io/images/nfc.png,article,website,https://esphome.io/components/binary_sensor/nfc/,https://esphome.io/components/binary_sensor/nfc/,summary_large_image,summary_large_image,https://esphome.io/images/logo.svg,https://esphome.io/images/nfc.png,1,1,NFC Binary Sensor,NFC Binary Sensor,,,
/components/binary_sensor/nextion/,Nextion Binary Sensor Component - ESPHome - Smart Home Made Simple,66,Nextion Binary Sensor Component - ESPHome - Smart Home Made Simple,66,Yes,Instructions for setting up Nextion binary sensor.,50,Instructions for setting up Nextion binary sensor.,50,Yes,https://esphome.io/components/binary_sensor/nextion/,,Nextion Binary Sensor Component,Nextion Binary Sensor Component,Instructions for setting up Nextion binary sensor.,Instructions for setting up Nextion binary sensor.,https://esphome.io/images/logo.svg,https://esphome.io/images/nextion.jpg,article,website,https://esphome.io/components/binary_sensor/nextion/,https://esphome.io/components/binary_sensor/nextion/,summary_large_image,summary_large_image,https://esphome.io/images/logo.svg,https://esphome.io/images/nextion.jpg,1,1,Nextion Binary Sensor Component,Nextion Binary Sensor Component,,,Title too long
/components/binary_sensor/mpr121/,MPR121 Capacitive Touch Sensor - ESPHome - Smart Home Made Simple,65,MPR121 Capacitive Touch Sensor - ESPHome - Smart Home Made Simple,65,Yes,Instructions for setting up MPR121 Capacitive Touch Sensor,58,Instructions for setting up MPR121 Capacitive Touch Sensor,58,Yes,https://esphome.io/components/binary_sensor/mpr121/,,MPR121 Capacitive Touch Sensor,MPR121 Capacitive Touch Sensor,Instructions for setting up MPR121 Capacitive Touch Sensor,Instructions for setting up MPR121 Capacitive Touch Sensor,https://esphome.io/images/logo.svg,https://esphome.io/images/mpr121.jpg,article,website,https://esphome.io/components/binary_sensor/mpr121/,https://esphome.io/components/binary_sensor/mpr121/,summary_large_image,summary_large_image,https://esphome.io/images/logo.svg,https://esphome.io/images/mpr121.jpg,1,1,MPR121 Capacitive Touch Sensor,MPR121 Capacitive Touch Sensor,,,Title too long
/components/binary_sensor/modbus_controller/,Modbus Controller Binary Sensor - ESPHome - Smart Home Made Simple,66,Modbus Controller Binary Sensor - ESPHome - Smart Home Made Simple,66,Yes,Instructions for setting up a modbus_controller device binary sensor.,69,Instructions for setting up a modbus_controller device binary sensor.,69,Yes,https://esphome.io/components/binary_sensor/modbus_controller/,,Modbus Controller Binary Sensor,Modbus Controller Binary Sensor,Instructions for setting up a modbus_controller device binary sensor.,Instructions for setting up a modbus_controller device binary sensor.,https://esphome.io/images/logo.svg,https://esphome.io/images/modbus.png,article,website,https://esphome.io/components/binary_sensor/modbus_controller/,https://esphome.io/components/binary_sensor/modbus_controller/,summary_large_image,summary_large_image,https://esphome.io/images/logo.svg,https://esphome.io/images/modbus.png,1,1,Modbus Controller Binary Sensor,Modbus Controller Binary Sensor,,,Title too long
/components/binary_sensor/lvgl/,LVGL Binary Sensor - ESPHome - Smart Home Made Simple,53,LVGL Binary Sensor - ESPHome - Smart Home Made Simple,53,Yes,Instructions for setting up an LVGL widget binary sensor.,57,Instructions for setting up an LVGL widget binary sensor.,57,Yes,https://esphome.io/components/binary_sensor/lvgl/,,LVGL Binary Sensor,LVGL Binary Sensor,Instructions for setting up an LVGL widget binary sensor.,Instructions for setting up an LVGL widget binary sensor.,https://esphome.io/images/logo.svg,https://esphome.io/images/lvgl_c_bns.png,article,website,https://esphome.io/components/binary_sensor/lvgl/,https://esphome.io/components/binary_sensor/lvgl/,summary_large_image,summary_large_image,https://esphome.io/images/logo.svg,https://esphome.io/images/lvgl_c_bns.png,1,1,LVGL Binary Sensor,LVGL Binary Sensor,,,
/components/binary_sensor/hydreon_rgxx/,Hydreon Rain Sensor Binary Sensor - ESPHome - Smart Home Made Simple,68,Hydreon Rain Sensor Binary Sensor - ESPHome - Smart Home Made Simple,68,Yes,Instructions for setting up Hydreon rain sensors,48,Instructions for setting up Hydreon rain sensors,48,Yes,https://esphome.io/components/binary_sensor/hydreon_rgxx/,,Hydreon Rain Sensor Binary Sensor,Hydreon Rain Sensor Binary Sensor,Instructions for setting up Hydreon rain sensors,Instructions for setting up Hydreon rain sensors,https://esphome.io/images/logo.svg,https://esphome.io/images/hydreon_rg9.jpg,article,website,https://esphome.io/components/binary_sensor/hydreon_rgxx/,https://esphome.io/components/binary_sensor/hydreon_rgxx/,summary_large_image,summary_large_image,https://esphome.io/images/logo.svg,https://esphome.io/images/hydreon_rg9.jpg,1,1,Hydreon Rain Sensor Binary Sensor,Hydreon Rain Sensor Binary Sensor,,,Title too long; Desc short
/components/binary_sensor/homeassistant/,Home Assistant Binary Sensor - ESPHome - Smart Home Made Simple,63,Home Assistant Binary Sensor - ESPHome - Smart Home Made Simple,63,Yes,Instructions for setting up Home Assistant binary sensors with ESPHome that import states from your Home Assistant instance.,124,Instructions for setting up Home Assistant binary sensors with ESPHome that import states from your Home Assistant instance.,124,Yes,https://esphome.io/components/binary_sensor/homeassistant/,,Home Assistant Binary Sensor,Home Assistant Binary Sensor,Instructions for setting up Home Assistant binary sensors with ESPHome that import states from your Home Assistant instance.,Instructions for setting up Home Assistant binary sensors with ESPHome that import states from your Home Assistant instance.,https://esphome.io/images/logo.svg,https://esphome.io/images/home-assistant.svg,article,website,https://esphome.io/components/binary_sensor/homeassistant/,https://esphome.io/components/binary_sensor/homeassistant/,summary_large_image,summary_large_image,https://esphome.io/images/logo.svg,https://esphome.io/images/home-assistant.svg,1,1,Home Assistant Binary Sensor,Home Assistant Binary Sensor,,,Title too long
/components/binary_sensor/haier/,Haier Climate Binary Sensors - ESPHome - Smart Home Made Simple,63,Haier Climate Binary Sensors - ESPHome - Smart Home Made Simple,63,Yes,Instructions for setting up additional binary sensors for Haier climate devices.,80,Instructions for setting up additional binary sensors for Haier climate devices.,80,Yes,https://esphome.io/components/binary_sensor/haier/,,Haier Climate Binary Sensors,Haier Climate Binary Sensors,Instructions for setting up additional binary sensors for Haier climate devices.,Instructions for setting up additional binary sensors for Haier climate devices.,https://esphome.io/images/logo.svg,https://esphome.io/images/haier.svg,article,website,https://esphome.io/components/binary_sensor/haier/,https://esphome.io/components/binary_sensor/haier/,summary_large_image,summary_large_image,https://esphome.io/images/logo.svg,https://esphome.io/images/haier.svg,1,1,Haier Climate Binary Sensors,Haier Climate Binary Sensors,,,Title too long
/components/binary_sensor/gpio/,GPIO Binary Sensor - ESPHome - Smart Home Made Simple,53,GPIO Binary Sensor - ESPHome - Smart Home Made Simple,53,Yes,Instructions for setting up GPIO binary sensors with ESPHome.,61,Instructions for setting up GPIO binary sensors with ESPHome.,61,Yes,https://esphome.io/components/binary_sensor/gpio/,,GPIO Binary Sensor,GPIO Binary Sensor,Instructions for setting up GPIO binary sensors with ESPHome.,Instructions for setting up GPIO binary sensors with ESPHome.,https://esphome.io/images/logo.svg,https://esphome.io/images/gpio.svg,article,website,https://esphome.io/components/binary_sensor/gpio/,https://esphome.io/components/binary_sensor/gpio/,summary_large_image,summary_large_image,https://esphome.io/images/logo.svg,https://esphome.io/images/gpio.svg,1,1,GPIO Binary Sensor,GPIO Binary Sensor,,,
/components/binary_sensor/esp32_touch/,ESP32 Touch Pad - ESPHome - Smart Home Made Simple,50,ESP32 Touch Pad - ESPHome - Smart Home Made Simple,50,Yes,Instructions for setting up the touch pad on the ESP32,54,Instructions for setting up the touch pad on the ESP32,54,Yes,https://esphome.io/components/binary_sensor/esp32_touch/,,ESP32 Touch Pad,ESP32 Touch Pad,Instructions for setting up the touch pad on the ESP32,Instructions for setting up the touch pad on the ESP32,https://esphome.io/images/logo.svg,https://esphome.io/images/touch.svg,article,website,https://esphome.io/components/binary_sensor/esp32_touch/,https://esphome.io/components/binary_sensor/esp32_touch/,summary_large_image,summary_large_image,https://esphome.io/images/logo.svg,https://esphome.io/images/touch.svg,1,1,ESP32 Touch Pad,ESP32 Touch Pad,,,
/components/binary_sensor/cap1188/,CAP1188 Capacitive Touch Sensor - ESPHome - Smart Home Made Simple,66,CAP1188 Capacitive Touch Sensor - ESPHome - Smart Home Made Simple,66,Yes,Instructions for setting up CAP1188 Capacitive Touch Sensor,59,Instructions for setting up CAP1188 Capacitive Touch Sensor,59,Yes,https://esphome.io/components/binary_sensor/cap1188/,,CAP1188 Capacitive Touch Sensor,CAP1188 Capacitive Touch Sensor,Instructions for setting up CAP1188 Capacitive Touch Sensor,Instructions for setting up CAP1188 Capacitive Touch Sensor,https://esphome.io/images/logo.svg,https://esphome.io/images/cap1188.jpg,article,website,https://esphome.io/components/binary_sensor/cap1188/,https://esphome.io/components/binary_sensor/cap1188/,summary_large_image,summary_large_image,https://esphome.io/images/logo.svg,https://esphome.io/images/cap1188.jpg,1,1,CAP1188 Capacitive Touch Sensor,CAP1188 Capacitive Touch Sensor,,,Title too long
/components/binary_sensor/ble_presence/,ESP32 Bluetooth Low Energy Device - ESPHome - Smart Home Made Simple,68,ESP32 Bluetooth Low Energy Device - ESPHome - Smart Home Made Simple,68,Yes,Instructions for setting up BLE binary sensors for the ESP32.,61,Instructions for setting up BLE binary sensors for the ESP32.,61,Yes,https://esphome.io/components/binary_sensor/ble_presence/,,ESP32 Bluetooth Low Energy Device,ESP32 Bluetooth Low Energy Device,Instructions for setting up BLE binary sensors for the ESP32.,Instructions for setting up BLE binary sensors for the ESP32.,https://esphome.io/images/logo.svg,https://esphome.io/images/bluetooth.svg,article,website,https://esphome.io/components/binary_sensor/ble_presence/,https://esphome.io/components/binary_sensor/ble_presence/,summary_large_image,summary_large_image,https://esphome.io/images/logo.svg,https://esphome.io/images/bluetooth.svg,1,1,ESP32 Bluetooth Low Energy Device,ESP32 Bluetooth Low Energy Device,,,Title too long
/components/binary_sensor/analog_threshold/,Analog Threshold Binary Sensor - ESPHome - Smart Home Made Simple,65,Analog Threshold Binary Sensor - ESPHome - Smart Home Made Simple,65,Yes,Instructions for setting up an analog threshold binary sensors.,63,Instructions for setting up an analog threshold binary sensors.,63,Yes,https://esphome.io/components/binary_sensor/analog_threshold/,,Analog Threshold Binary Sensor,Analog Threshold Binary Sensor,Instructions for setting up an analog threshold binary sensors.,Instructions for setting up an analog threshold binary sensors.,https://esphome.io/images/logo.svg,https://esphome.io/images/analog_threshold.svg,article,website,https://esphome.io/components/binary_sensor/analog_threshold/,https://esphome.io/components/binary_sensor/analog_threshold/,summary_large_image,summary_large_image,https://esphome.io/images/logo.svg,https://esphome.io/images/analog_threshold.svg,1,1,Analog Threshold Binary Sensor,Analog Threshold Binary Sensor,,,Title too long
/components/audio_dac/,Audio DAC Core - ESPHome - Smart Home Made Simple,49,Audio DAC Core - ESPHome - Smart Home Made Simple,49,Yes,Instructions for using ESPHome's Audio DAC Core component.,58,Instructions for using ESPHome's Audio DAC Core component.,58,Yes,https://esphome.io/components/audio_dac/,,Audio DAC Core,Audio DAC Core,Instructions for using ESPHome's Audio DAC Core component.,Instructions for using ESPHome's Audio DAC Core component.,https://esphome.io/images/logo.svg,https://esphome.io/images/i2s_audio.svg,article,website,https://esphome.io/components/audio_dac/,https://esphome.io/components/audio_dac/,summary_large_image,summary_large_image,https://esphome.io/images/logo.svg,https://esphome.io/images/i2s_audio.svg,1,1,Audio DAC Core,Audio DAC Core,,,
/components/audio_dac/es8388/,ES8388 - ESPHome - Smart Home Made Simple,41,ES8388 - ESPHome - Smart Home Made Simple,41,Yes,Instructions for using ESPHome's es8388 audio DAC platform to play media from your devices and to configure microphone inputs.,126,Instructions for using ESPHome's es8388 audio DAC platform to play media from your devices and to configure microphone inputs.,126,Yes,https://esphome.io/components/audio_dac/es8388/,,ES8388,ES8388,Instructions for using ESPHome's es8388 audio DAC platform to play media from your devices and to configure microphone inputs.,Instructions for using ESPHome's es8388 audio DAC platform to play media from your devices and to configure microphone inputs.,https://esphome.io/images/logo.svg,https://esphome.io/images/es8388.svg,article,website,https://esphome.io/components/audio_dac/es8388/,https://esphome.io/components/audio_dac/es8388/,summary_large_image,summary_large_image,https://esphome.io/images/logo.svg,https://esphome.io/images/es8388.svg,1,1,ES8388,ES8388,,,
/components/audio_dac/es8311/,ES8311 - ESPHome - Smart Home Made Simple,41,ES8311 - ESPHome - Smart Home Made Simple,41,Yes,Instructions for using ESPHome's ES8311 audio DAC platform to play media from your devices.,91,Instructions for using ESPHome's ES8311 audio DAC platform to play media from your devices.,91,Yes,https://esphome.io/components/audio_dac/es8311/,,ES8311,ES8311,Instructions for using ESPHome's ES8311 audio DAC platform to play media from your devices.,Instructions for using ESPHome's ES8311 audio DAC platform to play media from your devices.,https://esphome.io/images/logo.svg,https://esphome.io/images/es8311.svg,article,website,https://esphome.io/components/audio_dac/es8311/,https://esphome.io/components/audio_dac/es8311/,summary_large_image,summary_large_image,https://esphome.io/images/logo.svg,https://esphome.io/images/es8311.svg,1,1,ES8311,ES8311,,,
/components/audio_dac/es8156/,ES8156 - ESPHome - Smart Home Made Simple,41,ES8156 - ESPHome - Smart Home Made Simple,41,Yes,Instructions for using ESPHome's ES8156 audio DAC platform to play media from your devices.,91,Instructions for using ESPHome's ES8156 audio DAC platform to play media from your devices.,91,Yes,https://esphome.io/components/audio_dac/es8156/,,ES8156,ES8156,Instructions for using ESPHome's ES8156 audio DAC platform to play media from your devices.,Instructions for using ESPHome's ES8156 audio DAC platform to play media from your devices.,https://esphome.io/images/logo.svg,https://esphome.io/images/es8156.svg,article,website,https://esphome.io/components/audio_dac/es8156/,https://esphome.io/components/audio_dac/es8156/,summary_large_image,summary_large_image,https://esphome.io/images/logo.svg,https://esphome.io/images/es8156.svg,1,1,ES8156,ES8156,,,
/components/audio_dac/aic3204/,AIC3204 - ESPHome - Smart Home Made Simple,42,AIC3204 - ESPHome - Smart Home Made Simple,42,Yes,Instructions for using ESPHome's AIC3204 audio DAC platform to play media from your devices.,92,Instructions for using ESPHome's AIC3204 audio DAC platform to play media from your devices.,92,Yes,https://esphome.io/components/audio_dac/aic3204/,,AIC3204,AIC3204,Instructions for using ESPHome's AIC3204 audio DAC platform to play media from your devices.,Instructions for using ESPHome's AIC3204 audio DAC platform to play media from your devices.,https://esphome.io/images/logo.svg,https://esphome.io/images/i2s_audio.svg,article,website,https://esphome.io/components/audio_dac/aic3204/,https://esphome.io/components/audio_dac/aic3204/,summary_large_image,summary_large_image,https://esphome.io/images/logo.svg,https://esphome.io/images/i2s_audio.svg,1,1,AIC3204,AIC3204,,,
/components/audio_adc/,Audio ADC Core - ESPHome - Smart Home Made Simple,49,Audio ADC Core - ESPHome - Smart Home Made Simple,49,Yes,Instructions for using ESPHome's Audio ADC Core component.,58,Instructions for using ESPHome's Audio ADC Core component.,58,Yes,https://esphome.io/components/audio_adc/,,Audio ADC Core,Audio ADC Core,Instructions for using ESPHome's Audio ADC Core component.,Instructions for using ESPHome's Audio ADC Core component.,https://esphome.io/images/logo.svg,https://esphome.io/images/i2s_audio.svg,article,website,https://esphome.io/components/audio_adc/,https://esphome.io/components/audio_adc/,summary_large_image,summary_large_image,https://esphome.io/images/logo.svg,https://esphome.io/images/i2s_audio.svg,1,1,Audio ADC Core,Audio ADC Core,,,
/components/audio_adc/es7243e/,ES7243E - ESPHome - Smart Home Made Simple,42,ES7243E - ESPHome - Smart Home Made Simple,42,Yes,Instructions for using ESPHome's ES7243E platform to configure microphone inputs.,81,Instructions for using ESPHome's ES7243E platform to configure microphone inputs.,81,Yes,https://esphome.io/components/audio_adc/es7243e/,,ES7243E,ES7243E,Instructions for using ESPHome's ES7243E platform to configure microphone inputs.,Instructions for using ESPHome's ES7243E platform to configure microphone inputs.,https://esphome.io/images/logo.svg,https://esphome.io/images/es7243e.svg,article,website,https://esphome.io/components/audio_adc/es7243e/,https://esphome.io/components/audio_adc/es7243e/,summary_large_image,summary_large_image,https://esphome.io/images/logo.svg,https://esphome.io/images/es7243e.svg,1,1,ES7243E,ES7243E,,,
/components/audio_adc/es7210/,ES7210 - ESPHome - Smart Home Made Simple,41,ES7210 - ESPHome - Smart Home Made Simple,41,Yes,Instructions for using ESPHome's ES7210 platform to configure microphone inputs.,80,Instructions for using ESPHome's ES7210 platform to configure microphone inputs.,80,Yes,https://esphome.io/components/audio_adc/es7210/,,ES7210,ES7210,Instructions for using ESPHome's ES7210 platform to configure microphone inputs.,Instructions for using ESPHome's ES7210 platform to configure microphone inputs.,https://esphome.io/images/logo.svg,https://esphome.io/images/es7210.svg,article,website,https://esphome.io/components/audio_adc/es7210/,https://esphome.io/components/audio_adc/es7210/,summary_large_image,summary_large_image,https://esphome.io/images/logo.svg,https://esphome.io/images/es7210.svg,1,1,ES7210,ES7210,,,
/components/at581x/,AirTouch AT581x Radar - ESPHome - Smart Home Made Simple,56,AirTouch AT581x Radar - ESPHome - Smart Home Made Simple,56,Yes,Instructions for setting up AirTouch AT581x Radar,49,Instructions for setting up AirTouch AT581x Radar,49,Yes,https://esphome.io/components/at581x/,,AirTouch AT581x Radar,AirTouch AT581x Radar,Instructions for setting up AirTouch AT581x Radar,Instructions for setting up AirTouch AT581x Radar,https://esphome.io/images/logo.svg,https://esphome.io/images/at581x.png,article,website,https://esphome.io/components/at581x/,https://esphome.io/components/at581x/,summary_large_image,summary_large_image,https://esphome.io/images/logo.svg,https://esphome.io/images/at581x.png,1,1,AirTouch AT581x Radar,AirTouch AT581x Radar,,,Desc short
/components/api/,Native API Component - ESPHome - Smart Home Made Simple,55,Native API Component - ESPHome - Smart Home Made Simple,55,Yes,Instructions for setting up the native ESPHome API for communication with Home Assistant.,89,Instructions for setting up the native ESPHome API for communication with Home Assistant.,89,Yes,https://esphome.io/components/api/,,Native API Component,Native API Component,Instructions for setting up the native ESPHome API for communication with Home Assistant.,Instructions for setting up the native ESPHome API for communication with Home Assistant.,https://esphome.io/images/logo.svg,https://esphome.io/images/server-network.svg,article,website,https://esphome.io/components/api/,https://esphome.io/components/api/,summary_large_image,summary_large_image,https://esphome.io/images/logo.svg,https://esphome.io/images/server-network.svg,1,1,Native API Component,Native API Component,,,
/components/animation/,Animation - ESPHome - Smart Home Made Simple,44,Animation - ESPHome - Smart Home Made Simple,44,Yes,Animation,9,,,No,https://esphome.io/components/animation/,,Animation,Animation,Animation,,https://esphome.io/images/logo.svg,,article,website,https://esphome.io/components/animation/,https://esphome.io/components/animation/,summary_large_image,summary_large_image,https://esphome.io/images/logo.svg,,1,1,Animation,Animation,,,Desc short
/components/alarm_control_panel/,Alarm Control Panel Component - ESPHome - Smart Home Made Simple,64,Alarm Control Panel Component - ESPHome - Smart Home Made Simple,64,Yes,Instructions for setting up generic Alarm Control Panels in ESPHome.,68,Instructions for setting up generic Alarm Control Panels in ESPHome.,68,Yes,https://esphome.io/components/alarm_control_panel/,,Alarm Control Panel Component,Alarm Control Panel Component,Instructions for setting up generic Alarm Control Panels in ESPHome.,Instructions for setting up generic Alarm Control Panels in ESPHome.,https://esphome.io/images/logo.svg,https://esphome.io/images/alarm-panel.svg,article,website,https://esphome.io/components/alarm_control_panel/,https://esphome.io/components/alarm_control_panel/,summary_large_image,summary_large_image,https://esphome.io/images/logo.svg,https://esphome.io/images/alarm-panel.svg,1,1,Alarm Control Panel Component,Alarm Control Panel Component,,,Title too long
/components/alarm_control_panel/template/,Template Alarm Control Panel - ESPHome - Smart Home Made Simple,63,Template Alarm Control Panel - ESPHome - Smart Home Made Simple,63,Yes,Instructions for setting up template Alarm Control Panels in ESPHome.,69,Instructions for setting up template Alarm Control Panels in ESPHome.,69,Yes,https://esphome.io/components/alarm_control_panel/template/,,Template Alarm Control Panel,Template Alarm Control Panel,Instructions for setting up template Alarm Control Panels in ESPHome.,Instructions for setting up template Alarm Control Panels in ESPHome.,https://esphome.io/images/logo.svg,https://esphome.io/images/description.svg,article,website,https://esphome.io/components/alarm_control_panel/template/,https://esphome.io/components/alarm_control_panel/template/,summary_large_image,summary_large_image,https://esphome.io/images/logo.svg,https://esphome.io/images/description.svg,1,1,Template Alarm Control Panel,Template Alarm Control Panel,,,Title too long
/changelog/,Changelog - ESPHome - Smart Home Made Simple,44,Changelog - ESPHome - Smart Home Made Simple,44,Yes,Changelog,9,,,No,https://esphome.io/changelog/,/changelog/2026.1.0,Changelog,Changelog,Changelog,,https://esphome.io/images/logo.svg,,article,website,https://esphome.io/changelog/,https://esphome.io/changelog/,summary_large_image,summary_large_image,https://esphome.io/images/logo.svg,,1,1,Changelog,Changelog,,,Desc short
/changelog/v1.9.0/,Changelog - Version 1.9.0 - ESPHome - Smart Home Made Simple,60,Changelog - Version 1.9.0 - ESPHome - Smart Home Made Simple,60,Yes,Changelog for esphomelib version 1.9.0.,39,Changelog for esphomelib version 1.9.0.,39,Yes,https://esphome.io/changelog/v1.9.0/,,Changelog - Version 1.9.0,Changelog - Version 1.9.0,Changelog for esphomelib version 1.9.0.,Changelog for esphomelib version 1.9.0.,https://esphome.io/images/logo.svg,https://esphome.io/_static/changelog-1.9.0.png,article,website,https://esphome.io/changelog/v1.9.0/,https://esphome.io/changelog/v1.9.0/,summary_large_image,summary_large_image,https://esphome.io/images/logo.svg,https://esphome.io/_static/changelog-1.9.0.png,1,1,Changelog - Version 1.9.0,Changelog - Version 1.9.0,,,Desc short
/changelog/v1.8.0/,Version 1.8.0 - ESPHome - Smart Home Made Simple,48,Version 1.8.0 - ESPHome - Smart Home Made Simple,48,Yes,Changelog for esphomelib version 1.8.0.,39,Changelog for esphomelib version 1.8.0.,39,Yes,https://esphome.io/changelog/v1.8.0/,,Version 1.8.0,Version 1.8.0,Changelog for esphomelib version 1.8.0.,Changelog for esphomelib version 1.8.0.,https://esphome.io/images/logo.svg,,article,website,https://esphome.io/changelog/v1.8.0/,https://esphome.io/changelog/v1.8.0/,summary_large_image,summary_large_image,https://esphome.io/images/logo.svg,,1,1,Version 1.8.0,Version 1.8.0,,,Desc short
/changelog/v1.7.0/,Version 1.7.0 - ESPHome - Smart Home Made Simple,48,Version 1.7.0 - ESPHome - Smart Home Made Simple,48,Yes,Changelog for esphomelib version 1.7.0.,39,Changelog for esphomelib version 1.7.0.,39,Yes,https://esphome.io/changelog/v1.7.0/,,Version 1.7.0,Version 1.7.0,Changelog for esphomelib version 1.7.0.,Changelog for esphomelib version 1.7.0.,https://esphome.io/images/logo.svg,,article,website,https://esphome.io/changelog/v1.7.0/,https://esphome.io/changelog/v1.7.0/,summary_large_image,summary_large_image,https://esphome.io/images/logo.svg,,1,1,Version 1.7.0,Version 1.7.0,,,Desc short
/changelog/v1.20.0/,Changelog - Version 1.20.0 - 21st July 2021 - ESPHome - Smart Home Made Simple,78,Changelog - Version 1.20.0 - 21st July 2021 - ESPHome - Smart Home Made Simple,78,Yes,Changelog for ESPHome version 1.20.0.,37,Changelog for ESPHome version 1.20.0.,37,Yes,https://esphome.io/changelog/v1.20.0/,,Changelog - Version 1.20.0 - 21st July 2021,Changelog - Version 1.20.0 - 21st July 2021,Changelog for ESPHome version 1.20.0.,Changelog for ESPHome version 1.20.0.,https://esphome.io/images/logo.svg,https://esphome.io/_static/changelog-1.20.0.png,article,website,https://esphome.io/changelog/v1.20.0/,https://esphome.io/changelog/v1.20.0/,summary_large_image,summary_large_image,https://esphome.io/images/logo.svg,https://esphome.io/_static/changelog-1.20.0.png,1,1,Changelog - Version 1.20.0 - 21st July 2021,Changelog - Version 1.20.0 - 21st July 2021,,,Title too long; Desc short
/changelog/v1.19.0/,Changelog - Version 1.19.0 - 16th June 2021 - ESPHome - Smart Home Made Simple,78,Changelog - Version 1.19.0 - 16th June 2021 - ESPHome - Smart Home Made Simple,78,Yes,Changelog for ESPHome version 1.19.0.,37,Changelog for ESPHome version 1.19.0.,37,Yes,https://esphome.io/changelog/v1.19.0/,,Changelog - Version 1.19.0 - 16th June 2021,Changelog - Version 1.19.0 - 16th June 2021,Changelog for ESPHome version 1.19.0.,Changelog for ESPHome version 1.19.0.,https://esphome.io/images/logo.svg,https://esphome.io/_static/changelog-1.19.0.png,article,website,https://esphome.io/changelog/v1.19.0/,https://esphome.io/changelog/v1.19.0/,summary_large_image,summary_large_image,https://esphome.io/images/logo.svg,https://esphome.io/_static/changelog-1.19.0.png,1,1,Changelog - Version 1.19.0 - 16th June 2021,Changelog - Version 1.19.0 - 16th June 2021,,,Title too long; Desc short
/changelog/v1.18.0/,Changelog - Version 1.18.0 - 19th May 2021 - ESPHome - Smart Home Made Simple,77,Changelog - Version 1.18.0 - 19th May 2021 - ESPHome - Smart Home Made Simple,77,Yes,Changelog for ESPHome version 1.18.0.,37,Changelog for ESPHome version 1.18.0.,37,Yes,https://esphome.io/changelog/v1.18.0/,,Changelog - Version 1.18.0 - 19th May 2021,Changelog - Version 1.18.0 - 19th May 2021,Changelog for ESPHome version 1.18.0.,Changelog for ESPHome version 1.18.0.,https://esphome.io/images/logo.svg,https://esphome.io/_static/changelog-1.18.0.png,article,website,https://esphome.io/changelog/v1.18.0/,https://esphome.io/changelog/v1.18.0/,summary_large_image,summary_large_image,https://esphome.io/images/logo.svg,https://esphome.io/_static/changelog-1.18.0.png,1,1,Changelog - Version 1.18.0 - 19th May 2021,Changelog - Version 1.18.0 - 19th May 2021,,,Title too long; Desc short
/changelog/v1.17.0/,Changelog - Version 1.17.0 - 4th May 2021 - ESPHome - Smart Home Made Simple,76,Changelog - Version 1.17.0 - 4th May 2021 - ESPHome - Smart Home Made Simple,76,Yes,Changelog for ESPHome version 1.17.0.,37,Changelog for ESPHome version 1.17.0.,37,Yes,https://esphome.io/changelog/v1.17.0/,,Changelog - Version 1.17.0 - 4th May 2021,Changelog - Version 1.17.0 - 4th May 2021,Changelog for ESPHome version 1.17.0.,Changelog for ESPHome version 1.17.0.,https://esphome.io/images/logo.svg,https://esphome.io/_static/changelog-1.17.0.png,article,website,https://esphome.io/changelog/v1.17.0/,https://esphome.io/changelog/v1.17.0/,summary_large_image,summary_large_image,https://esphome.io/images/logo.svg,https://esphome.io/_static/changelog-1.17.0.png,1,1,Changelog - Version 1.17.0 - 4th May 2021,Changelog - Version 1.17.0 - 4th May 2021,,,Title too long; Desc short
/changelog/v1.16.0/,"Changelog - Version 1.16.0 - February 3, 2021 - ESPHome - Smart Home Made Simple",80,"Changelog - Version 1.16.0 - February 3, 2021 - ESPHome - Smart Home Made Simple",80,Yes,Changelog for ESPHome version 1.16.0.,37,Changelog for ESPHome version 1.16.0.,37,Yes,https://esphome.io/changelog/v1.16.0/,,"Changelog - Version 1.16.0 - February 3, 2021","Changelog - Version 1.16.0 - February 3, 2021",Changelog for ESPHome version 1.16.0.,Changelog for ESPHome version 1.16.0.,https://esphome.io/images/logo.svg,https://esphome.io/_static/changelog-1.16.0.png,article,website,https://esphome.io/changelog/v1.16.0/,https://esphome.io/changelog/v1.16.0/,summary_large_image,summary_large_image,https://esphome.io/images/logo.svg,https://esphome.io/_static/changelog-1.16.0.png,1,1,"Changelog - Version 1.16.0 - February 3, 2021","Changelog - Version 1.16.0 - February 3, 2021",,,Title too long; Desc short
/changelog/v1.15.0/,"Changelog - Version 1.15.0 - September 13, 2020 - ESPHome - Smart Home Made Simple",82,"Changelog - Version 1.15.0 - September 13, 2020 - ESPHome - Smart Home Made Simple",82,Yes,Changelog for ESPHome version 1.15.0.,37,Changelog for ESPHome version 1.15.0.,37,Yes,https://esphome.io/changelog/v1.15.0/,,"Changelog - Version 1.15.0 - September 13, 2020","Changelog - Version 1.15.0 - September 13, 2020",Changelog for ESPHome version 1.15.0.,Changelog for ESPHome version 1.15.0.,https://esphome.io/images/logo.svg,https://esphome.io/_static/changelog-1.15.0.png,article,website,https://esphome.io/changelog/v1.15.0/,https://esphome.io/changelog/v1.15.0/,summary_large_image,summary_large_image,https://esphome.io/images/logo.svg,https://esphome.io/_static/changelog-1.15.0.png,1,1,"Changelog - Version 1.15.0 - September 13, 2020","Changelog - Version 1.15.0 - September 13, 2020",,,Title too long; Desc short
/changelog/v1.14.0/,Changelog - Version 1.14.0 - November 1 - ESPHome - Smart Home Made Simple,74,Changelog - Version 1.14.0 - November 1 - ESPHome - Smart Home Made Simple,74,Yes,Changelog for ESPHome version 1.14.0.,37,Changelog for ESPHome version 1.14.0.,37,Yes,https://esphome.io/changelog/v1.14.0/,,Changelog - Version 1.14.0 - November 1,Changelog - Version 1.14.0 - November 1,Changelog for ESPHome version 1.14.0.,Changelog for ESPHome version 1.14.0.,https://esphome.io/images/logo.svg,https://esphome.io/_static/changelog-1.14.0.png,article,website,https://esphome.io/changelog/v1.14.0/,https://esphome.io/changelog/v1.14.0/,summary_large_image,summary_large_image,https://esphome.io/images/logo.svg,https://esphome.io/_static/changelog-1.14.0.png,1,1,Changelog - Version 1.14.0 - November 1,Changelog - Version 1.14.0 - November 1,,,Title too long; Desc short
/changelog/v1.13.0/,Changelog - Version 1.13.0 - May 30th 2019 - ESPHome - Smart Home Made Simple,77,Changelog - Version 1.13.0 - May 30th 2019 - ESPHome - Smart Home Made Simple,77,Yes,Changelog for ESPHome version 1.13.0.,37,Changelog for ESPHome version 1.13.0.,37,Yes,https://esphome.io/changelog/v1.13.0/,,Changelog - Version 1.13.0 - May 30th 2019,Changelog - Version 1.13.0 - May 30th 2019,Changelog for ESPHome version 1.13.0.,Changelog for ESPHome version 1.13.0.,https://esphome.io/images/logo.svg,https://esphome.io/_static/changelog-1.13.0.png,article,website,https://esphome.io/changelog/v1.13.0/,https://esphome.io/changelog/v1.13.0/,summary_large_image,summary_large_image,https://esphome.io/images/logo.svg,https://esphome.io/_static/changelog-1.13.0.png,1,1,Changelog - Version 1.13.0 - May 30th 2019,Changelog - Version 1.13.0 - May 30th 2019,,,Title too long; Desc short
/changelog/v1.12.0/,Changelog - Version 1.12.0 - ESPHome - Smart Home Made Simple,61,Changelog - Version 1.12.0 - ESPHome - Smart Home Made Simple,61,Yes,Changelog for ESPHome version 1.12.0.,37,Changelog for ESPHome version 1.12.0.,37,Yes,https://esphome.io/changelog/v1.12.0/,,Changelog - Version 1.12.0,Changelog - Version 1.12.0,Changelog for ESPHome version 1.12.0.,Changelog for ESPHome version 1.12.0.,https://esphome.io/images/logo.svg,https://esphome.io/_static/changelog-1.12.0.png,article,website,https://esphome.io/changelog/v1.12.0/,https://esphome.io/changelog/v1.12.0/,summary_large_image,summary_large_image,https://esphome.io/images/logo.svg,https://esphome.io/_static/changelog-1.12.0.png,1,1,Changelog - Version 1.12.0,Changelog - Version 1.12.0,,,Title too long; Desc short
/changelog/v1.11.0/,Changelog - Version 1.11.0 - ESPHome - Smart Home Made Simple,61,Changelog - Version 1.11.0 - ESPHome - Smart Home Made Simple,61,Yes,Changelog for esphomelib version 1.11.0.,40,Changelog for esphomelib version 1.11.0.,40,Yes,https://esphome.io/changelog/v1.11.0/,,Changelog - Version 1.11.0,Changelog - Version 1.11.0,Changelog for esphomelib version 1.11.0.,Changelog for esphomelib version 1.11.0.,https://esphome.io/images/logo.svg,https://esphome.io/_static/changelog-1.11.0.png,article,website,https://esphome.io/changelog/v1.11.0/,https://esphome.io/changelog/v1.11.0/,summary_large_image,summary_large_image,https://esphome.io/images/logo.svg,https://esphome.io/_static/changelog-1.11.0.png,1,1,Changelog - Version 1.11.0,Changelog - Version 1.11.0,,,Title too long; Desc short
/changelog/v1.10.0/,Changelog - Version 1.10.0 - ESPHome - Smart Home Made Simple,61,Changelog - Version 1.10.0 - ESPHome - Smart Home Made Simple,61,Yes,Changelog for esphomelib version 1.10.0.,40,Changelog for esphomelib version 1.10.0.,40,Yes,https://esphome.io/changelog/v1.10.0/,,Changelog - Version 1.10.0,Changelog - Version 1.10.0,Changelog for esphomelib version 1.10.0.,Changelog for esphomelib version 1.10.0.,https://esphome.io/images/logo.svg,https://esphome.io/_static/changelog-1.10.0.png,article,website,https://esphome.io/changelog/v1.10.0/,https://esphome.io/changelog/v1.10.0/,summary_large_image,summary_large_image,https://esphome.io/images/logo.svg,https://esphome.io/_static/changelog-1.10.0.png,1,1,Changelog - Version 1.10.0,Changelog - Version 1.10.0,,,Title too long; Desc short
/changelog/2026.1.0/,ESPHome 2026.1.0 - January 2026 - ESPHome - Smart Home Made Simple,66,ESPHome 2026.1.0 - January 2026 - ESPHome - Smart Home Made Simple,66,Yes,Changelog for ESPHome 2026.1.0.,31,Changelog for ESPHome 2026.1.0.,31,Yes,https://esphome.io/changelog/2026.1.0/,,ESPHome 2026.1.0 - January 2026,ESPHome 2026.1.0 - January 2026,Changelog for ESPHome 2026.1.0.,Changelog for ESPHome 2026.1.0.,https://esphome.io/images/logo.svg,https://esphome.io/changelog/images/changelog-2026.1.0.png,article,website,https://esphome.io/changelog/2026.1.0/,https://esphome.io/changelog/2026.1.0/,summary_large_image,summary_large_image,https://esphome.io/images/logo.svg,https://esphome.io/changelog/images/changelog-2026.1.0.png,1,1,ESPHome 2026.1.0 - January 2026,ESPHome 2026.1.0 - January 2026,,,Title too long; Desc short
/changelog/2025.9.0/,ESPHome 2025.9.0 - 17th September 2025 - ESPHome - Smart Home Made Simple,73,ESPHome 2025.9.0 - 17th September 2025 - ESPHome - Smart Home Made Simple,73,Yes,Changelog for ESPHome 2025.9.0.,31,Changelog for ESPHome 2025.9.0.,31,Yes,https://esphome.io/changelog/2025.9.0/,,ESPHome 2025.9.0 - 17th September 2025,ESPHome 2025.9.0 - 17th September 2025,Changelog for ESPHome 2025.9.0.,Changelog for ESPHome 2025.9.0.,https://esphome.io/images/logo.svg,https://esphome.io/changelog/images/changelog-2025.9.0.png,article,website,https://esphome.io/changelog/2025.9.0/,https://esphome.io/changelog/2025.9.0/,summary_large_image,summary_large_image,https://esphome.io/images/logo.svg,https://esphome.io/changelog/images/changelog-2025.9.0.png,1,1,ESPHome 2025.9.0 - 17th September 2025,ESPHome 2025.9.0 - 17th September 2025,,,Title too long; Desc short
/changelog/2025.8.0/,ESPHome 2025.8.0 - 20th August 2025 - ESPHome - Smart Home Made Simple,70,ESPHome 2025.8.0 - 20th August 2025 - ESPHome - Smart Home Made Simple,70,Yes,Changelog for ESPHome 2025.8.0.,31,Changelog for ESPHome 2025.8.0.,31,Yes,https://esphome.io/changelog/2025.8.0/,,ESPHome 2025.8.0 - 20th August 2025,ESPHome 2025.8.0 - 20th August 2025,Changelog for ESPHome 2025.8.0.,Changelog for ESPHome 2025.8.0.,https://esphome.io/images/logo.svg,https://esphome.io/_static/changelog-2025.8.0.png,article,website,https://esphome.io/changelog/2025.8.0/,https://esphome.io/changelog/2025.8.0/,summary_large_image,summary_large_image,https://esphome.io/images/logo.svg,https://esphome.io/_static/changelog-2025.8.0.png,1,1,ESPHome 2025.8.0 - 20th August 2025,ESPHome 2025.8.0 - 20th August 2025,,,Title too long; Desc short
/changelog/2025.7.0/,ESPHome 2025.7.0 - 16th July 2025 - ESPHome - Smart Home Made Simple,68,ESPHome 2025.7.0 - 16th July 2025 - ESPHome - Smart Home Made Simple,68,Yes,Changelog for ESPHome 2025.7.0.,31,Changelog for ESPHome 2025.7.0.,31,Yes,https://esphome.io/changelog/2025.7.0/,,ESPHome 2025.7.0 - 16th July 2025,ESPHome 2025.7.0 - 16th July 2025,Changelog for ESPHome 2025.7.0.,Changelog for ESPHome 2025.7.0.,https://esphome.io/images/logo.svg,https://esphome.io/_static/changelog-2025.7.0.png,article,website,https://esphome.io/changelog/2025.7.0/,https://esphome.io/changelog/2025.7.0/,summary_large_image,summary_large_image,https://esphome.io/images/logo.svg,https://esphome.io/_static/changelog-2025.7.0.png,1,1,ESPHome 2025.7.0 - 16th July 2025,ESPHome 2025.7.0 - 16th July 2025,,,Title too long; Desc short
/changelog/2025.6.0/,ESPHome 2025.6.0 - 18th June 2025 - ESPHome - Smart Home Made Simple,68,ESPHome 2025.6.0 - 18th June 2025 - ESPHome - Smart Home Made Simple,68,Yes,Changelog for ESPHome 2025.6.0.,31,Changelog for ESPHome 2025.6.0.,31,Yes,https://esphome.io/changelog/2025.6.0/,,ESPHome 2025.6.0 - 18th June 2025,ESPHome 2025.6.0 - 18th June 2025,Changelog for ESPHome 2025.6.0.,Changelog for ESPHome 2025.6.0.,https://esphome.io/images/logo.svg,https://esphome.io/_static/changelog-2025.6.0.png,article,website,https://esphome.io/changelog/2025.6.0/,https://esphome.io/changelog/2025.6.0/,summary_large_image,summary_large_image,https://esphome.io/images/logo.svg,https://esphome.io/_static/changelog-2025.6.0.png,1,1,ESPHome 2025.6.0 - 18th June 2025,ESPHome 2025.6.0 - 18th June 2025,,,Title too long; Desc short
/changelog/2025.5.0/,ESPHome 2025.5.0 - 21st May 2025 - ESPHome - Smart Home Made Simple,67,ESPHome 2025.5.0 - 21st May 2025 - ESPHome - Smart Home Made Simple,67,Yes,Changelog for ESPHome 2025.5.0.,31,Changelog for ESPHome 2025.5.0.,31,Yes,https://esphome.io/changelog/2025.5.0/,,ESPHome 2025.5.0 - 21st May 2025,ESPHome 2025.5.0 - 21st May 2025,Changelog for ESPHome 2025.5.0.,Changelog for ESPHome 2025.5.0.,https://esphome.io/images/logo.svg,https://esphome.io/_static/changelog-2025.5.0.png,article,website,https://esphome.io/changelog/2025.5.0/,https://esphome.io/changelog/2025.5.0/,summary_large_image,summary_large_image,https://esphome.io/images/logo.svg,https://esphome.io/_static/changelog-2025.5.0.png,1,1,ESPHome 2025.5.0 - 21st May 2025,ESPHome 2025.5.0 - 21st May 2025,,,Title too long; Desc short
/changelog/2025.4.0/,ESPHome 2025.4.0 - 16th April 2025 - ESPHome - Smart Home Made Simple,69,ESPHome 2025.4.0 - 16th April 2025 - ESPHome - Smart Home Made Simple,69,Yes,Changelog for ESPHome 2025.4.0.,31,Changelog for ESPHome 2025.4.0.,31,Yes,https://esphome.io/changelog/2025.4.0/,,ESPHome 2025.4.0 - 16th April 2025,ESPHome 2025.4.0 - 16th April 2025,Changelog for ESPHome 2025.4.0.,Changelog for ESPHome 2025.4.0.,https://esphome.io/images/logo.svg,https://esphome.io/_static/changelog-2025.4.0.png,article,website,https://esphome.io/changelog/2025.4.0/,https://esphome.io/changelog/2025.4.0/,summary_large_image,summary_large_image,https://esphome.io/images/logo.svg,https://esphome.io/_static/changelog-2025.4.0.png,1,1,ESPHome 2025.4.0 - 16th April 2025,ESPHome 2025.4.0 - 16th April 2025,,,Title too long; Desc short
/changelog/2025.3.0/,ESPHome 2025.3.0 - 19th March 2025 - ESPHome - Smart Home Made Simple,69,ESPHome 2025.3.0 - 19th March 2025 - ESPHome - Smart Home Made Simple,69,Yes,Changelog for ESPHome 2025.3.0.,31,Changelog for ESPHome 2025.3.0.,31,Yes,https://esphome.io/changelog/2025.3.0/,,ESPHome 2025.3.0 - 19th March 2025,ESPHome 2025.3.0 - 19th March 2025,Changelog for ESPHome 2025.3.0.,Changelog for ESPHome 2025.3.0.,https://esphome.io/images/logo.svg,https://esphome.io/_static/changelog-2025.3.0.png,article,website,https://esphome.io/changelog/2025.3.0/,https://esphome.io/changelog/2025.3.0/,summary_large_image,summary_large_image,https://esphome.io/images/logo.svg,https://esphome.io/_static/changelog-2025.3.0.png,1,1,ESPHome 2025.3.0 - 19th March 2025,ESPHome 2025.3.0 - 19th March 2025,,,Title too long; Desc short
/changelog/2025.2.0/,ESPHome 2025.2.0 - 19th February 2025 - ESPHome - Smart Home Made Simple,72,ESPHome 2025.2.0 - 19th February 2025 - ESPHome - Smart Home Made Simple,72,Yes,Changelog for ESPHome 2025.2.0.,31,Changelog for ESPHome 2025.2.0.,31,Yes,https://esphome.io/changelog/2025.2.0/,,ESPHome 2025.2.0 - 19th February 2025,ESPHome 2025.2.0 - 19th February 2025,Changelog for ESPHome 2025.2.0.,Changelog for ESPHome 2025.2.0.,https://esphome.io/images/logo.svg,https://esphome.io/_static/changelog-2025.2.0.png,article,website,https://esphome.io/changelog/2025.2.0/,https://esphome.io/changelog/2025.2.0/,summary_large_image,summary_large_image,https://esphome.io/images/logo.svg,https://esphome.io/_static/changelog-2025.2.0.png,1,1,ESPHome 2025.2.0 - 19th February 2025,ESPHome 2025.2.0 - 19th February 2025,,,Title too long; Desc short
/changelog/2025.12.0/,ESPHome 2025.12.0 - December 2025 - ESPHome - Smart Home Made Simple,68,ESPHome 2025.12.0 - December 2025 - ESPHome - Smart Home Made Simple,68,Yes,Changelog for ESPHome 2025.12.0.,32,Changelog for ESPHome 2025.12.0.,32,Yes,https://esphome.io/changelog/2025.12.0/,,ESPHome 2025.12.0 - December 2025,ESPHome 2025.12.0 - December 2025,Changelog for ESPHome 2025.12.0.,Changelog for ESPHome 2025.12.0.,https://esphome.io/images/logo.svg,https://esphome.io/changelog/images/changelog-2025.12.0.png,article,website,https://esphome.io/changelog/2025.12.0/,https://esphome.io/changelog/2025.12.0/,summary_large_image,summary_large_image,https://esphome.io/images/logo.svg,https://esphome.io/changelog/images/changelog-2025.12.0.png,1,1,ESPHome 2025.12.0 - December 2025,ESPHome 2025.12.0 - December 2025,,,Title too long; Desc short
/changelog/2025.11.0/,ESPHome 2025.11.0 - November 2025 - ESPHome - Smart Home Made Simple,68,ESPHome 2025.11.0 - November 2025 - ESPHome - Smart Home Made Simple,68,Yes,Changelog for ESPHome 2025.11.0.,32,Changelog for ESPHome 2025.11.0.,32,Yes,https://esphome.io/changelog/2025.11.0/,,ESPHome 2025.11.0 - November 2025,ESPHome 2025.11.0 - November 2025,Changelog for ESPHome 2025.11.0.,Changelog for ESPHome 2025.11.0.,https://esphome.io/images/logo.svg,https://esphome.io/changelog/images/changelog-2025.11.0.png,article,website,https://esphome.io/changelog/2025.11.0/,https://esphome.io/changelog/2025.11.0/,summary_large_image,summary_large_image,https://esphome.io/images/logo.svg,https://esphome.io/changelog/images/changelog-2025.11.0.png,1,1,ESPHome 2025.11.0 - November 2025,ESPHome 2025.11.0 - November 2025,,,Title too long; Desc short
/changelog/2025.10.0/,ESPHome 2025.10.0 - 15th October 2025 - ESPHome - Smart Home Made Simple,72,ESPHome 2025.10.0 - 15th October 2025 - ESPHome - Smart Home Made Simple,72,Yes,Changelog for ESPHome 2025.10.0.,32,Changelog for ESPHome 2025.10.0.,32,Yes,https://esphome.io/changelog/2025.10.0/,,ESPHome 2025.10.0 - 15th October 2025,ESPHome 2025.10.0 - 15th October 2025,Changelog for ESPHome 2025.10.0.,Changelog for ESPHome 2025.10.0.,https://esphome.io/images/logo.svg,https://esphome.io/changelog/images/changelog-2025.10.0.png,article,website,https://esphome.io/changelog/2025.10.0/,https://esphome.io/changelog/2025.10.0/,summary_large_image,summary_large_image,https://esphome.io/images/logo.svg,https://esphome.io/changelog/images/changelog-2025.10.0.png,1,1,ESPHome 2025.10.0 - 15th October 2025,ESPHome 2025.10.0 - 15th October 2025,,,Title too long; Desc short
/changelog/2024.9.0/,ESPHome 2024.9.0 - 18th September 2024 - ESPHome - Smart Home Made Simple,73,ESPHome 2024.9.0 - 18th September 2024 - ESPHome - Smart Home Made Simple,73,Yes,Changelog for ESPHome 2024.9.0.,31,Changelog for ESPHome 2024.9.0.,31,Yes,https://esphome.io/changelog/2024.9.0/,,ESPHome 2024.9.0 - 18th September 2024,ESPHome 2024.9.0 - 18th September 2024,Changelog for ESPHome 2024.9.0.,Changelog for ESPHome 2024.9.0.,https://esphome.io/images/logo.svg,https://esphome.io/_static/changelog-2024.9.0.png,article,website,https://esphome.io/changelog/2024.9.0/,https://esphome.io/changelog/2024.9.0/,summary_large_image,summary_large_image,https://esphome.io/images/logo.svg,https://esphome.io/_static/changelog-2024.9.0.png,1,1,ESPHome 2024.9.0 - 18th September 2024,ESPHome 2024.9.0 - 18th September 2024,,,Title too long; Desc short
/changelog/2024.8.0/,ESPHome 2024.8.0 - 21st August 2024 - ESPHome - Smart Home Made Simple,70,ESPHome 2024.8.0 - 21st August 2024 - ESPHome - Smart Home Made Simple,70,Yes,Changelog for ESPHome 2024.8.0.,31,Changelog for ESPHome 2024.8.0.,31,Yes,https://esphome.io/changelog/2024.8.0/,,ESPHome 2024.8.0 - 21st August 2024,ESPHome 2024.8.0 - 21st August 2024,Changelog for ESPHome 2024.8.0.,Changelog for ESPHome 2024.8.0.,https://esphome.io/images/logo.svg,https://esphome.io/_static/changelog-2024.8.0.png,article,website,https://esphome.io/changelog/2024.8.0/,https://esphome.io/changelog/2024.8.0/,summary_large_image,summary_large_image,https://esphome.io/images/logo.svg,https://esphome.io/_static/changelog-2024.8.0.png,1,1,ESPHome 2024.8.0 - 21st August 2024,ESPHome 2024.8.0 - 21st August 2024,,,Title too long; Desc short
/changelog/2024.7.0/,ESPHome 2024.7.0 - 17th July 2024 - ESPHome - Smart Home Made Simple,68,ESPHome 2024.7.0 - 17th July 2024 - ESPHome - Smart Home Made Simple,68,Yes,Changelog for ESPHome 2024.7.0.,31,Changelog for ESPHome 2024.7.0.,31,Yes,https://esphome.io/changelog/2024.7.0/,,ESPHome 2024.7.0 - 17th July 2024,ESPHome 2024.7.0 - 17th July 2024,Changelog for ESPHome 2024.7.0.,Changelog for ESPHome 2024.7.0.,https://esphome.io/images/logo.svg,,article,website,https://esphome.io/changelog/2024.7.0/,https://esphome.io/changelog/2024.7.0/,summary_large_image,summary_large_image,https://esphome.io/images/logo.svg,,1,1,ESPHome 2024.7.0 - 17th July 2024,ESPHome 2024.7.0 - 17th July 2024,,,Title too long; Desc short
/changelog/2024.6.0/,ESPHome 2024.6.0 - 19th June 2024 - ESPHome - Smart Home Made Simple,68,ESPHome 2024.6.0 - 19th June 2024 - ESPHome - Smart Home Made Simple,68,Yes,Changelog for ESPHome 2024.6.0.,31,Changelog for ESPHome 2024.6.0.,31,Yes,https://esphome.io/changelog/2024.6.0/,,ESPHome 2024.6.0 - 19th June 2024,ESPHome 2024.6.0 - 19th June 2024,Changelog for ESPHome 2024.6.0.,Changelog for ESPHome 2024.6.0.,https://esphome.io/images/logo.svg,https://esphome.io/_static/changelog-2024.6.0.png,article,website,https://esphome.io/changelog/2024.6.0/,https://esphome.io/changelog/2024.6.0/,summary_large_image,summary_large_image,https://esphome.io/images/logo.svg,https://esphome.io/_static/changelog-2024.6.0.png,1,1,ESPHome 2024.6.0 - 19th June 2024,ESPHome 2024.6.0 - 19th June 2024,,,Title too long; Desc short
/changelog/2024.5.0/,ESPHome 2024.5.0 - 15th May 2024 - ESPHome - Smart Home Made Simple,67,ESPHome 2024.5.0 - 15th May 2024 - ESPHome - Smart Home Made Simple,67,Yes,Changelog for ESPHome 2024.5.0.,31,Changelog for ESPHome 2024.5.0.,31,Yes,https://esphome.io/changelog/2024.5.0/,,ESPHome 2024.5.0 - 15th May 2024,ESPHome 2024.5.0 - 15th May 2024,Changelog for ESPHome 2024.5.0.,Changelog for ESPHome 2024.5.0.,https://esphome.io/images/logo.svg,https://esphome.io/_static/changelog-2024.5.0.png,article,website,https://esphome.io/changelog/2024.5.0/,https://esphome.io/changelog/2024.5.0/,summary_large_image,summary_large_image,https://esphome.io/images/logo.svg,https://esphome.io/_static/changelog-2024.5.0.png,1,1,ESPHome 2024.5.0 - 15th May 2024,ESPHome 2024.5.0 - 15th May 2024,,,Title too long; Desc short
/changelog/2024.4.0/,ESPHome 2024.4.0 - 17th April 2024 - ESPHome - Smart Home Made Simple,69,ESPHome 2024.4.0 - 17th April 2024 - ESPHome - Smart Home Made Simple,69,Yes,Changelog for ESPHome 2024.4.0.,31,Changelog for ESPHome 2024.4.0.,31,Yes,https://esphome.io/changelog/2024.4.0/,,ESPHome 2024.4.0 - 17th April 2024,ESPHome 2024.4.0 - 17th April 2024,Changelog for ESPHome 2024.4.0.,Changelog for ESPHome 2024.4.0.,https://esphome.io/images/logo.svg,https://esphome.io/_static/changelog-2024.4.0.png,article,website,https://esphome.io/changelog/2024.4.0/,https://esphome.io/changelog/2024.4.0/,summary_large_image,summary_large_image,https://esphome.io/images/logo.svg,https://esphome.io/_static/changelog-2024.4.0.png,1,1,ESPHome 2024.4.0 - 17th April 2024,ESPHome 2024.4.0 - 17th April 2024,,,Title too long; Desc short
/changelog/2024.3.0/,ESPHome 2024.3.0 - 20th March 2024 - ESPHome - Smart Home Made Simple,69,ESPHome 2024.3.0 - 20th March 2024 - ESPHome - Smart Home Made Simple,69,Yes,Changelog for ESPHome 2024.3.0.,31,Changelog for ESPHome 2024.3.0.,31,Yes,https://esphome.io/changelog/2024.3.0/,,ESPHome 2024.3.0 - 20th March 2024,ESPHome 2024.3.0 - 20th March 2024,Changelog for ESPHome 2024.3.0.,Changelog for ESPHome 2024.3.0.,https://esphome.io/images/logo.svg,https://esphome.io/_static/changelog-2024.3.0.png,article,website,https://esphome.io/changelog/2024.3.0/,https://esphome.io/changelog/2024.3.0/,summary_large_image,summary_large_image,https://esphome.io/images/logo.svg,https://esphome.io/_static/changelog-2024.3.0.png,1,1,ESPHome 2024.3.0 - 20th March 2024,ESPHome 2024.3.0 - 20th March 2024,,,Title too long; Desc short
/changelog/2024.2.0/,ESPHome 2024.2.0 - 21st February 2024 - ESPHome - Smart Home Made Simple,72,ESPHome 2024.2.0 - 21st February 2024 - ESPHome - Smart Home Made Simple,72,Yes,Changelog for ESPHome 2024.2.0.,31,Changelog for ESPHome 2024.2.0.,31,Yes,https://esphome.io/changelog/2024.2.0/,,ESPHome 2024.2.0 - 21st February 2024,ESPHome 2024.2.0 - 21st February 2024,Changelog for ESPHome 2024.2.0.,Changelog for ESPHome 2024.2.0.,https://esphome.io/images/logo.svg,https://esphome.io/_static/changelog-2024.2.0.png,article,website,https://esphome.io/changelog/2024.2.0/,https://esphome.io/changelog/2024.2.0/,summary_large_image,summary_large_image,https://esphome.io/images/logo.svg,https://esphome.io/_static/changelog-2024.2.0.png,1,1,ESPHome 2024.2.0 - 21st February 2024,ESPHome 2024.2.0 - 21st February 2024,,,Title too long; Desc short
/changelog/2024.12.0/,ESPHome 2024.12.0 - 18th December 2024 - ESPHome - Smart Home Made Simple,73,ESPHome 2024.12.0 - 18th December 2024 - ESPHome - Smart Home Made Simple,73,Yes,Changelog for ESPHome 2024.12.0.,32,Changelog for ESPHome 2024.12.0.,32,Yes,https://esphome.io/changelog/2024.12.0/,,ESPHome 2024.12.0 - 18th December 2024,ESPHome 2024.12.0 - 18th December 2024,Changelog for ESPHome 2024.12.0.,Changelog for ESPHome 2024.12.0.,https://esphome.io/images/logo.svg,https://esphome.io/_static/changelog-2024.12.0.png,article,website,https://esphome.io/changelog/2024.12.0/,https://esphome.io/changelog/2024.12.0/,summary_large_image,summary_large_image,https://esphome.io/images/logo.svg,https://esphome.io/_static/changelog-2024.12.0.png,1,1,ESPHome 2024.12.0 - 18th December 2024,ESPHome 2024.12.0 - 18th December 2024,,,Title too long; Desc short
/changelog/2024.11.0/,ESPHome 2024.11.0 - 20th November 2024 - ESPHome - Smart Home Made Simple,73,ESPHome 2024.11.0 - 20th November 2024 - ESPHome - Smart Home Made Simple,73,Yes,Changelog for ESPHome 2024.11.0.,32,Changelog for ESPHome 2024.11.0.,32,Yes,https://esphome.io/changelog/2024.11.0/,,ESPHome 2024.11.0 - 20th November 2024,ESPHome 2024.11.0 - 20th November 2024,Changelog for ESPHome 2024.11.0.,Changelog for ESPHome 2024.11.0.,https://esphome.io/images/logo.svg,https://esphome.io/_static/changelog-2024.11.0.png,article,website,https://esphome.io/changelog/2024.11.0/,https://esphome.io/changelog/2024.11.0/,summary_large_image,summary_large_image,https://esphome.io/images/logo.svg,https://esphome.io/_static/changelog-2024.11.0.png,1,1,ESPHome 2024.11.0 - 20th November 2024,ESPHome 2024.11.0 - 20th November 2024,,,Title too long; Desc short
/changelog/2024.10.0/,ESPHome 2024.10.0 - 16th October 2024 - ESPHome - Smart Home Made Simple,72,ESPHome 2024.10.0 - 16th October 2024 - ESPHome - Smart Home Made Simple,72,Yes,Changelog for ESPHome 2024.10.0.,32,Changelog for ESPHome 2024.10.0.,32,Yes,https://esphome.io/changelog/2024.10.0/,,ESPHome 2024.10.0 - 16th October 2024,ESPHome 2024.10.0 - 16th October 2024,Changelog for ESPHome 2024.10.0.,Changelog for ESPHome 2024.10.0.,https://esphome.io/images/logo.svg,https://esphome.io/_static/changelog-2024.10.0.png,article,website,https://esphome.io/changelog/2024.10.0/,https://esphome.io/changelog/2024.10.0/,summary_large_image,summary_large_image,https://esphome.io/images/logo.svg,https://esphome.io/_static/changelog-2024.10.0.png,1,1,ESPHome 2024.10.0 - 16th October 2024,ESPHome 2024.10.0 - 16th October 2024,,,Title too long; Desc short
/changelog/2023.9.0/,ESPHome 2023.9.0 - 27th September 2023 - ESPHome - Smart Home Made Simple,73,ESPHome 2023.9.0 - 27th September 2023 - ESPHome - Smart Home Made Simple,73,Yes,Changelog for ESPHome 2023.9.0.,31,Changelog for ESPHome 2023.9.0.,31,Yes,https://esphome.io/changelog/2023.9.0/,,ESPHome 2023.9.0 - 27th September 2023,ESPHome 2023.9.0 - 27th September 2023,Changelog for ESPHome 2023.9.0.,Changelog for ESPHome 2023.9.0.,https://esphome.io/images/logo.svg,https://esphome.io/_static/changelog-2023.9.0.png,article,website,https://esphome.io/changelog/2023.9.0/,https://esphome.io/changelog/2023.9.0/,summary_large_image,summary_large_image,https://esphome.io/images/logo.svg,https://esphome.io/_static/changelog-2023.9.0.png,1,1,ESPHome 2023.9.0 - 27th September 2023,ESPHome 2023.9.0 - 27th September 2023,,,Title too long; Desc short
/changelog/2023.8.0/,ESPHome 2023.8.0 - 16th August 2023 - ESPHome - Smart Home Made Simple,70,ESPHome 2023.8.0 - 16th August 2023 - ESPHome - Smart Home Made Simple,70,Yes,Changelog for ESPHome 2023.8.0.,31,Changelog for ESPHome 2023.8.0.,31,Yes,https://esphome.io/changelog/2023.8.0/,,ESPHome 2023.8.0 - 16th August 2023,ESPHome 2023.8.0 - 16th August 2023,Changelog for ESPHome 2023.8.0.,Changelog for ESPHome 2023.8.0.,https://esphome.io/images/logo.svg,https://esphome.io/_static/changelog-2023.8.0.png,article,website,https://esphome.io/changelog/2023.8.0/,https://esphome.io/changelog/2023.8.0/,summary_large_image,summary_large_image,https://esphome.io/images/logo.svg,https://esphome.io/_static/changelog-2023.8.0.png,1,1,ESPHome 2023.8.0 - 16th August 2023,ESPHome 2023.8.0 - 16th August 2023,,,Title too long; Desc short
/changelog/2023.7.0/,ESPHome 2023.7.0 - 19th July 2023 - ESPHome - Smart Home Made Simple,68,ESPHome 2023.7.0 - 19th July 2023 - ESPHome - Smart Home Made Simple,68,Yes,Changelog for ESPHome 2023.7.0.,31,Changelog for ESPHome 2023.7.0.,31,Yes,https://esphome.io/changelog/2023.7.0/,,ESPHome 2023.7.0 - 19th July 2023,ESPHome 2023.7.0 - 19th July 2023,Changelog for ESPHome 2023.7.0.,Changelog for ESPHome 2023.7.0.,https://esphome.io/images/logo.svg,https://esphome.io/_static/changelog-2023.7.0.png,article,website,https://esphome.io/changelog/2023.7.0/,https://esphome.io/changelog/2023.7.0/,summary_large_image,summary_large_image,https://esphome.io/images/logo.svg,https://esphome.io/_static/changelog-2023.7.0.png,1,1,ESPHome 2023.7.0 - 19th July 2023,ESPHome 2023.7.0 - 19th July 2023,,,Title too long; Desc short
/changelog/2023.6.0/,ESPHome 2023.6.0 - 21st June 2023 - ESPHome - Smart Home Made Simple,68,ESPHome 2023.6.0 - 21st June 2023 - ESPHome - Smart Home Made Simple,68,Yes,Changelog for ESPHome 2023.6.0.,31,Changelog for ESPHome 2023.6.0.,31,Yes,https://esphome.io/changelog/2023.6.0/,,ESPHome 2023.6.0 - 21st June 2023,ESPHome 2023.6.0 - 21st June 2023,Changelog for ESPHome 2023.6.0.,Changelog for ESPHome 2023.6.0.,https://esphome.io/images/logo.svg,https://esphome.io/_static/changelog-2023.6.0.png,article,website,https://esphome.io/changelog/2023.6.0/,https://esphome.io/changelog/2023.6.0/,summary_large_image,summary_large_image,https://esphome.io/images/logo.svg,https://esphome.io/_static/changelog-2023.6.0.png,1,1,ESPHome 2023.6.0 - 21st June 2023,ESPHome 2023.6.0 - 21st June 2023,,,Title too long; Desc short
/changelog/2023.5.0/,ESPHome 2023.5.0 - 17th May 2023 - ESPHome - Smart Home Made Simple,67,ESPHome 2023.5.0 - 17th May 2023 - ESPHome - Smart Home Made Simple,67,Yes,Changelog for ESPHome 2023.5.0.,31,Changelog for ESPHome 2023.5.0.,31,Yes,https://esphome.io/changelog/2023.5.0/,,ESPHome 2023.5.0 - 17th May 2023,ESPHome 2023.5.0 - 17th May 2023,Changelog for ESPHome 2023.5.0.,Changelog for ESPHome 2023.5.0.,https://esphome.io/images/logo.svg,https://esphome.io/_static/changelog-2023.5.0.png,article,website,https://esphome.io/changelog/2023.5.0/,https://esphome.io/changelog/2023.5.0/,summary_large_image,summary_large_image,https://esphome.io/images/logo.svg,https://esphome.io/_static/changelog-2023.5.0.png,1,1,ESPHome 2023.5.0 - 17th May 2023,ESPHome 2023.5.0 - 17th May 2023,,,Title too long; Desc short
/changelog/2023.4.0/,ESPHome 2023.4.0 - 19th April 2023 - ESPHome - Smart Home Made Simple,69,ESPHome 2023.4.0 - 19th April 2023 - ESPHome - Smart Home Made Simple,69,Yes,Changelog for ESPHome 2023.4.0.,31,Changelog for ESPHome 2023.4.0.,31,Yes,https://esphome.io/changelog/2023.4.0/,,ESPHome 2023.4.0 - 19th April 2023,ESPHome 2023.4.0 - 19th April 2023,Changelog for ESPHome 2023.4.0.,Changelog for ESPHome 2023.4.0.,https://esphome.io/images/logo.svg,https://esphome.io/_static/changelog-2023.4.0.png,article,website,https://esphome.io/changelog/2023.4.0/,https://esphome.io/changelog/2023.4.0/,summary_large_image,summary_large_image,https://esphome.io/images/logo.svg,https://esphome.io/_static/changelog-2023.4.0.png,1,1,ESPHome 2023.4.0 - 19th April 2023,ESPHome 2023.4.0 - 19th April 2023,,,Title too long; Desc short
/changelog/2023.3.0/,ESPHome 2023.3.0 - 15th March 2023 - ESPHome - Smart Home Made Simple,69,ESPHome 2023.3.0 - 15th March 2023 - ESPHome - Smart Home Made Simple,69,Yes,Changelog for ESPHome 2023.3.0.,31,Changelog for ESPHome 2023.3.0.,31,Yes,https://esphome.io/changelog/2023.3.0/,,ESPHome 2023.3.0 - 15th March 2023,ESPHome 2023.3.0 - 15th March 2023,Changelog for ESPHome 2023.3.0.,Changelog for ESPHome 2023.3.0.,https://esphome.io/images/logo.svg,https://esphome.io/_static/changelog-2023.3.0.png,article,website,https://esphome.io/changelog/2023.3.0/,https://esphome.io/changelog/2023.3.0/,summary_large_image,summary_large_image,https://esphome.io/images/logo.svg,https://esphome.io/_static/changelog-2023.3.0.png,1,1,ESPHome 2023.3.0 - 15th March 2023,ESPHome 2023.3.0 - 15th March 2023,,,Title too long; Desc short
/changelog/2023.2.0/,ESPHome 2023.2.0 - 15th February 2023 - ESPHome - Smart Home Made Simple,72,ESPHome 2023.2.0 - 15th February 2023 - ESPHome - Smart Home Made Simple,72,Yes,Changelog for ESPHome 2023.2.0.,31,Changelog for ESPHome 2023.2.0.,31,Yes,https://esphome.io/changelog/2023.2.0/,,ESPHome 2023.2.0 - 15th February 2023,ESPHome 2023.2.0 - 15th February 2023,Changelog for ESPHome 2023.2.0.,Changelog for ESPHome 2023.2.0.,https://esphome.io/images/logo.svg,https://esphome.io/_static/changelog-2023.2.0.png,article,website,https://esphome.io/changelog/2023.2.0/,https://esphome.io/changelog/2023.2.0/,summary_large_image,summary_large_image,https://esphome.io/images/logo.svg,https://esphome.io/_static/changelog-2023.2.0.png,1,1,ESPHome 2023.2.0 - 15th February 2023,ESPHome 2023.2.0 - 15th February 2023,,,Title too long; Desc short
/changelog/2023.12.0/,ESPHome 2023.12.0 - 20th December 2023 - ESPHome - Smart Home Made Simple,73,ESPHome 2023.12.0 - 20th December 2023 - ESPHome - Smart Home Made Simple,73,Yes,Changelog for ESPHome 2023.12.0.,32,Changelog for ESPHome 2023.12.0.,32,Yes,https://esphome.io/changelog/2023.12.0/,,ESPHome 2023.12.0 - 20th December 2023,ESPHome 2023.12.0 - 20th December 2023,Changelog for ESPHome 2023.12.0.,Changelog for ESPHome 2023.12.0.,https://esphome.io/images/logo.svg,https://esphome.io/_static/changelog-2023.12.0.png,article,website,https://esphome.io/changelog/2023.12.0/,https://esphome.io/changelog/2023.12.0/,summary_large_image,summary_large_image,https://esphome.io/images/logo.svg,https://esphome.io/_static/changelog-2023.12.0.png,1,1,ESPHome 2023.12.0 - 20th December 2023,ESPHome 2023.12.0 - 20th December 2023,,,Title too long; Desc short
/changelog/2023.11.0/,ESPHome 2023.11.0 - 15th November 2023 - ESPHome - Smart Home Made Simple,73,ESPHome 2023.11.0 - 15th November 2023 - ESPHome - Smart Home Made Simple,73,Yes,Changelog for ESPHome 2023.11.0.,32,Changelog for ESPHome 2023.11.0.,32,Yes,https://esphome.io/changelog/2023.11.0/,,ESPHome 2023.11.0 - 15th November 2023,ESPHome 2023.11.0 - 15th November 2023,Changelog for ESPHome 2023.11.0.,Changelog for ESPHome 2023.11.0.,https://esphome.io/images/logo.svg,https://esphome.io/_static/changelog-2023.11.0.png,article,website,https://esphome.io/changelog/2023.11.0/,https://esphome.io/changelog/2023.11.0/,summary_large_image,summary_large_image,https://esphome.io/images/logo.svg,https://esphome.io/_static/changelog-2023.11.0.png,1,1,ESPHome 2023.11.0 - 15th November 2023,ESPHome 2023.11.0 - 15th November 2023,,,Title too long; Desc short
/changelog/2023.10.0/,ESPHome 2023.10.0 - 18th October 2023 - ESPHome - Smart Home Made Simple,72,ESPHome 2023.10.0 - 18th October 2023 - ESPHome - Smart Home Made Simple,72,Yes,Changelog for ESPHome 2023.10.0.,32,Changelog for ESPHome 2023.10.0.,32,Yes,https://esphome.io/changelog/2023.10.0/,,ESPHome 2023.10.0 - 18th October 2023,ESPHome 2023.10.0 - 18th October 2023,Changelog for ESPHome 2023.10.0.,Changelog for ESPHome 2023.10.0.,https://esphome.io/images/logo.svg,https://esphome.io/_static/changelog-2023.10.0.png,article,website,https://esphome.io/changelog/2023.10.0/,https://esphome.io/changelog/2023.10.0/,summary_large_image,summary_large_image,https://esphome.io/images/logo.svg,https://esphome.io/_static/changelog-2023.10.0.png,1,1,ESPHome 2023.10.0 - 18th October 2023,ESPHome 2023.10.0 - 18th October 2023,,,Title too long; Desc short
/changelog/2022.9.0/,ESPHome 2022.9.0 - 21st September 2022 - ESPHome - Smart Home Made Simple,73,ESPHome 2022.9.0 - 21st September 2022 - ESPHome - Smart Home Made Simple,73,Yes,Changelog for ESPHome 2022.9.0.,31,Changelog for ESPHome 2022.9.0.,31,Yes,https://esphome.io/changelog/2022.9.0/,,ESPHome 2022.9.0 - 21st September 2022,ESPHome 2022.9.0 - 21st September 2022,Changelog for ESPHome 2022.9.0.,Changelog for ESPHome 2022.9.0.,https://esphome.io/images/logo.svg,https://esphome.io/_static/changelog-2022.9.0.png,article,website,https://esphome.io/changelog/2022.9.0/,https://esphome.io/changelog/2022.9.0/,summary_large_image,summary_large_image,https://esphome.io/images/logo.svg,https://esphome.io/_static/changelog-2022.9.0.png,1,1,ESPHome 2022.9.0 - 21st September 2022,ESPHome 2022.9.0 - 21st September 2022,,,Title too long; Desc short
/changelog/2022.8.0/,ESPHome 2022.8.0 - 17th August 2022 - ESPHome - Smart Home Made Simple,70,ESPHome 2022.8.0 - 17th August 2022 - ESPHome - Smart Home Made Simple,70,Yes,Changelog for ESPHome 2022.8.0.,31,Changelog for ESPHome 2022.8.0.,31,Yes,https://esphome.io/changelog/2022.8.0/,,ESPHome 2022.8.0 - 17th August 2022,ESPHome 2022.8.0 - 17th August 2022,Changelog for ESPHome 2022.8.0.,Changelog for ESPHome 2022.8.0.,https://esphome.io/images/logo.svg,https://esphome.io/_static/changelog-2022.8.0.png,article,website,https://esphome.io/changelog/2022.8.0/,https://esphome.io/changelog/2022.8.0/,summary_large_image,summary_large_image,https://esphome.io/images/logo.svg,https://esphome.io/_static/changelog-2022.8.0.png,1,1,ESPHome 2022.8.0 - 17th August 2022,ESPHome 2022.8.0 - 17th August 2022,,,Title too long; Desc short
/changelog/2022.6.0/,ESPHome 2022.6.0 - 15th June 2022 - ESPHome - Smart Home Made Simple,68,ESPHome 2022.6.0 - 15th June 2022 - ESPHome - Smart Home Made Simple,68,Yes,Changelog for ESPHome 2022.6.0.,31,Changelog for ESPHome 2022.6.0.,31,Yes,https://esphome.io/changelog/2022.6.0/,,ESPHome 2022.6.0 - 15th June 2022,ESPHome 2022.6.0 - 15th June 2022,Changelog for ESPHome 2022.6.0.,Changelog for ESPHome 2022.6.0.,https://esphome.io/images/logo.svg,https://esphome.io/_static/changelog-2022.6.0.png,article,website,https://esphome.io/changelog/2022.6.0/,https://esphome.io/changelog/2022.6.0/,summary_large_image,summary_large_image,https://esphome.io/images/logo.svg,https://esphome.io/_static/changelog-2022.6.0.png,1,1,ESPHome 2022.6.0 - 15th June 2022,ESPHome 2022.6.0 - 15th June 2022,,,Title too long; Desc short
/changelog/2022.5.0/,ESPHome 2022.5.0 - 18th May 2022 - ESPHome - Smart Home Made Simple,67,ESPHome 2022.5.0 - 18th May 2022 - ESPHome - Smart Home Made Simple,67,Yes,Changelog for ESPHome 2022.5.0.,31,Changelog for ESPHome 2022.5.0.,31,Yes,https://esphome.io/changelog/2022.5.0/,,ESPHome 2022.5.0 - 18th May 2022,ESPHome 2022.5.0 - 18th May 2022,Changelog for ESPHome 2022.5.0.,Changelog for ESPHome 2022.5.0.,https://esphome.io/images/logo.svg,https://esphome.io/_static/changelog-2022.5.0.png,article,website,https://esphome.io/changelog/2022.5.0/,https://esphome.io/changelog/2022.5.0/,summary_large_image,summary_large_image,https://esphome.io/images/logo.svg,https://esphome.io/_static/changelog-2022.5.0.png,1,1,ESPHome 2022.5.0 - 18th May 2022,ESPHome 2022.5.0 - 18th May 2022,,,Title too long; Desc short
/changelog/2022.4.0/,ESPHome 2022.4.0 - 20th April 2022 - ESPHome - Smart Home Made Simple,69,ESPHome 2022.4.0 - 20th April 2022 - ESPHome - Smart Home Made Simple,69,Yes,Changelog for ESPHome 2022.4.0.,31,Changelog for ESPHome 2022.4.0.,31,Yes,https://esphome.io/changelog/2022.4.0/,,ESPHome 2022.4.0 - 20th April 2022,ESPHome 2022.4.0 - 20th April 2022,Changelog for ESPHome 2022.4.0.,Changelog for ESPHome 2022.4.0.,https://esphome.io/images/logo.svg,https://esphome.io/_static/changelog-2022.4.0.png,article,website,https://esphome.io/changelog/2022.4.0/,https://esphome.io/changelog/2022.4.0/,summary_large_image,summary_large_image,https://esphome.io/images/logo.svg,https://esphome.io/_static/changelog-2022.4.0.png,1,1,ESPHome 2022.4.0 - 20th April 2022,ESPHome 2022.4.0 - 20th April 2022,,,Title too long; Desc short
/changelog/2022.3.0/,ESPHome 2022.3.0 - 16th March 2022 - ESPHome - Smart Home Made Simple,69,ESPHome 2022.3.0 - 16th March 2022 - ESPHome - Smart Home Made Simple,69,Yes,Changelog for ESPHome 2022.3.0.,31,Changelog for ESPHome 2022.3.0.,31,Yes,https://esphome.io/changelog/2022.3.0/,,ESPHome 2022.3.0 - 16th March 2022,ESPHome 2022.3.0 - 16th March 2022,Changelog for ESPHome 2022.3.0.,Changelog for ESPHome 2022.3.0.,https://esphome.io/images/logo.svg,https://esphome.io/_static/changelog-2022.3.0.png,article,website,https://esphome.io/changelog/2022.3.0/,https://esphome.io/changelog/2022.3.0/,summary_large_image,summary_large_image,https://esphome.io/images/logo.svg,https://esphome.io/_static/changelog-2022.3.0.png,1,1,ESPHome 2022.3.0 - 16th March 2022,ESPHome 2022.3.0 - 16th March 2022,,,Title too long; Desc short
/changelog/2022.2.0/,ESPHome 2022.2.0 - 16th February 2022 - ESPHome - Smart Home Made Simple,72,ESPHome 2022.2.0 - 16th February 2022 - ESPHome - Smart Home Made Simple,72,Yes,Changelog for ESPHome 2022.2.0.,31,Changelog for ESPHome 2022.2.0.,31,Yes,https://esphome.io/changelog/2022.2.0/,,ESPHome 2022.2.0 - 16th February 2022,ESPHome 2022.2.0 - 16th February 2022,Changelog for ESPHome 2022.2.0.,Changelog for ESPHome 2022.2.0.,https://esphome.io/images/logo.svg,https://esphome.io/_static/changelog-2022.2.0.png,article,website,https://esphome.io/changelog/2022.2.0/,https://esphome.io/changelog/2022.2.0/,summary_large_image,summary_large_image,https://esphome.io/images/logo.svg,https://esphome.io/_static/changelog-2022.2.0.png,1,1,ESPHome 2022.2.0 - 16th February 2022,ESPHome 2022.2.0 - 16th February 2022,,,Title too long; Desc short
/changelog/2022.12.0/,ESPHome 2022.12.0 - 14th December 2022 - ESPHome - Smart Home Made Simple,73,ESPHome 2022.12.0 - 14th December 2022 - ESPHome - Smart Home Made Simple,73,Yes,Changelog for ESPHome 2022.12.0.,32,Changelog for ESPHome 2022.12.0.,32,Yes,https://esphome.io/changelog/2022.12.0/,,ESPHome 2022.12.0 - 14th December 2022,ESPHome 2022.12.0 - 14th December 2022,Changelog for ESPHome 2022.12.0.,Changelog for ESPHome 2022.12.0.,https://esphome.io/images/logo.svg,https://esphome.io/_static/changelog-2022.12.0.png,article,website,https://esphome.io/changelog/2022.12.0/,https://esphome.io/changelog/2022.12.0/,summary_large_image,summary_large_image,https://esphome.io/images/logo.svg,https://esphome.io/_static/changelog-2022.12.0.png,1,1,ESPHome 2022.12.0 - 14th December 2022,ESPHome 2022.12.0 - 14th December 2022,,,Title too long; Desc short
/changelog/2022.11.0/,ESPHome 2022.11.0 - 16th November 2022 - ESPHome - Smart Home Made Simple,73,ESPHome 2022.11.0 - 16th November 2022 - ESPHome - Smart Home Made Simple,73,Yes,Changelog for ESPHome 2022.11.0.,32,Changelog for ESPHome 2022.11.0.,32,Yes,https://esphome.io/changelog/2022.11.0/,,ESPHome 2022.11.0 - 16th November 2022,ESPHome 2022.11.0 - 16th November 2022,Changelog for ESPHome 2022.11.0.,Changelog for ESPHome 2022.11.0.,https://esphome.io/images/logo.svg,https://esphome.io/_static/changelog-2022.11.0.png,article,website,https://esphome.io/changelog/2022.11.0/,https://esphome.io/changelog/2022.11.0/,summary_large_image,summary_large_image,https://esphome.io/images/logo.svg,https://esphome.io/_static/changelog-2022.11.0.png,1,1,ESPHome 2022.11.0 - 16th November 2022,ESPHome 2022.11.0 - 16th November 2022,,,Title too long; Desc short
/changelog/2022.10.0/,ESPHome 2022.10.0 - 19th October 2022 - ESPHome - Smart Home Made Simple,72,ESPHome 2022.10.0 - 19th October 2022 - ESPHome - Smart Home Made Simple,72,Yes,Changelog for ESPHome 2022.10.0.,32,Changelog for ESPHome 2022.10.0.,32,Yes,https://esphome.io/changelog/2022.10.0/,,ESPHome 2022.10.0 - 19th October 2022,ESPHome 2022.10.0 - 19th October 2022,Changelog for ESPHome 2022.10.0.,Changelog for ESPHome 2022.10.0.,https://esphome.io/images/logo.svg,https://esphome.io/_static/changelog-2022.10.0.png,article,website,https://esphome.io/changelog/2022.10.0/,https://esphome.io/changelog/2022.10.0/,summary_large_image,summary_large_image,https://esphome.io/images/logo.svg,https://esphome.io/_static/changelog-2022.10.0.png,1,1,ESPHome 2022.10.0 - 19th October 2022,ESPHome 2022.10.0 - 19th October 2022,,,Title too long; Desc short
/changelog/2022.1.0/,ESPHome 2022.1.0 - 19th January 2022 - ESPHome - Smart Home Made Simple,71,ESPHome 2022.1.0 - 19th January 2022 - ESPHome - Smart Home Made Simple,71,Yes,Changelog for ESPHome 2022.1.0.,31,Changelog for ESPHome 2022.1.0.,31,Yes,https://esphome.io/changelog/2022.1.0/,,ESPHome 2022.1.0 - 19th January 2022,ESPHome 2022.1.0 - 19th January 2022,Changelog for ESPHome 2022.1.0.,Changelog for ESPHome 2022.1.0.,https://esphome.io/images/logo.svg,https://esphome.io/_static/changelog-2022.1.0.png,article,website,https://esphome.io/changelog/2022.1.0/,https://esphome.io/changelog/2022.1.0/,summary_large_image,summary_large_image,https://esphome.io/images/logo.svg,https://esphome.io/_static/changelog-2022.1.0.png,1,1,ESPHome 2022.1.0 - 19th January 2022,ESPHome 2022.1.0 - 19th January 2022,,,Title too long; Desc short
/changelog/2021.9.0/,ESPHome 2021.9.0 - 15th September 2021 - ESPHome - Smart Home Made Simple,73,ESPHome 2021.9.0 - 15th September 2021 - ESPHome - Smart Home Made Simple,73,Yes,Changelog for ESPHome 2021.9.0.,31,Changelog for ESPHome 2021.9.0.,31,Yes,https://esphome.io/changelog/2021.9.0/,,ESPHome 2021.9.0 - 15th September 2021,ESPHome 2021.9.0 - 15th September 2021,Changelog for ESPHome 2021.9.0.,Changelog for ESPHome 2021.9.0.,https://esphome.io/images/logo.svg,https://esphome.io/_static/changelog-2021.9.0.png,article,website,https://esphome.io/changelog/2021.9.0/,https://esphome.io/changelog/2021.9.0/,summary_large_image,summary_large_image,https://esphome.io/images/logo.svg,https://esphome.io/_static/changelog-2021.9.0.png,1,1,ESPHome 2021.9.0 - 15th September 2021,ESPHome 2021.9.0 - 15th September 2021,,,Title too long; Desc short
/changelog/2021.8.0/,ESPHome 2021.8.0 - 18th August 2021 - ESPHome - Smart Home Made Simple,70,ESPHome 2021.8.0 - 18th August 2021 - ESPHome - Smart Home Made Simple,70,Yes,Changelog for ESPHome 2021.8.0.,31,Changelog for ESPHome 2021.8.0.,31,Yes,https://esphome.io/changelog/2021.8.0/,,ESPHome 2021.8.0 - 18th August 2021,ESPHome 2021.8.0 - 18th August 2021,Changelog for ESPHome 2021.8.0.,Changelog for ESPHome 2021.8.0.,https://esphome.io/images/logo.svg,https://esphome.io/_static/changelog-2021.8.0.png,article,website,https://esphome.io/changelog/2021.8.0/,https://esphome.io/changelog/2021.8.0/,summary_large_image,summary_large_image,https://esphome.io/images/logo.svg,https://esphome.io/_static/changelog-2021.8.0.png,1,1,ESPHome 2021.8.0 - 18th August 2021,ESPHome 2021.8.0 - 18th August 2021,,,Title too long; Desc short
/changelog/2021.12.0/,ESPHome 2021.12.0 - 11th December 2021 - ESPHome - Smart Home Made Simple,73,ESPHome 2021.12.0 - 11th December 2021 - ESPHome - Smart Home Made Simple,73,Yes,Changelog for ESPHome 2021.12.0.,32,Changelog for ESPHome 2021.12.0.,32,Yes,https://esphome.io/changelog/2021.12.0/,,ESPHome 2021.12.0 - 11th December 2021,ESPHome 2021.12.0 - 11th December 2021,Changelog for ESPHome 2021.12.0.,Changelog for ESPHome 2021.12.0.,https://esphome.io/images/logo.svg,https://esphome.io/_static/changelog-2021.12.0.png,article,website,https://esphome.io/changelog/2021.12.0/,https://esphome.io/changelog/2021.12.0/,summary_large_image,summary_large_image,https://esphome.io/images/logo.svg,https://esphome.io/_static/changelog-2021.12.0.png,1,1,ESPHome 2021.12.0 - 11th December 2021,ESPHome 2021.12.0 - 11th December 2021,,,Title too long; Desc short
/changelog/2021.11.0/,ESPHome 2021.11.0 - 17th November 2021 - ESPHome - Smart Home Made Simple,73,ESPHome 2021.11.0 - 17th November 2021 - ESPHome - Smart Home Made Simple,73,Yes,Changelog for ESPHome 2021.11.0.,32,Changelog for ESPHome 2021.11.0.,32,Yes,https://esphome.io/changelog/2021.11.0/,,ESPHome 2021.11.0 - 17th November 2021,ESPHome 2021.11.0 - 17th November 2021,Changelog for ESPHome 2021.11.0.,Changelog for ESPHome 2021.11.0.,https://esphome.io/images/logo.svg,https://esphome.io/_static/changelog-2021.11.0.png,article,website,https://esphome.io/changelog/2021.11.0/,https://esphome.io/changelog/2021.11.0/,summary_large_image,summary_large_image,https://esphome.io/images/logo.svg,https://esphome.io/_static/changelog-2021.11.0.png,1,1,ESPHome 2021.11.0 - 17th November 2021,ESPHome 2021.11.0 - 17th November 2021,,,Title too long; Desc short
/changelog/2021.10.0/,ESPHome 2021.10.0 - 20th October 2021 - ESPHome - Smart Home Made Simple,72,ESPHome 2021.10.0 - 20th October 2021 - ESPHome - Smart Home Made Simple,72,Yes,Changelog for ESPHome 2021.10.0.,32,Changelog for ESPHome 2021.10.0.,32,Yes,https://esphome.io/changelog/2021.10.0/,,ESPHome 2021.10.0 - 20th October 2021,ESPHome 2021.10.0 - 20th October 2021,Changelog for ESPHome 2021.10.0.,Changelog for ESPHome 2021.10.0.,https://esphome.io/images/logo.svg,https://esphome.io/_static/changelog-2021.10.0.png,article,website,https://esphome.io/changelog/2021.10.0/,https://esphome.io/changelog/2021.10.0/,summary_large_image,summary_large_image,https://esphome.io/images/logo.svg,https://esphome.io/_static/changelog-2021.10.0.png,1,1,ESPHome 2021.10.0 - 20th October 2021,ESPHome 2021.10.0 - 20th October 2021,,,Title too long; Desc short
/automations/,Automation - ESPHome - Smart Home Made Simple,45,Automation - ESPHome - Smart Home Made Simple,45,Yes,Getting started guide for automations in ESPHome,48,Getting started guide for automations in ESPHome,48,Yes,https://esphome.io/automations/,,Automation,Automation,Getting started guide for automations in ESPHome,Getting started guide for automations in ESPHome,https://esphome.io/images/logo.svg,https://esphome.io/images/auto-fix.svg,article,website,https://esphome.io/automations/,https://esphome.io/automations/,summary_large_image,summary_large_image,https://esphome.io/images/logo.svg,https://esphome.io/images/auto-fix.svg,1,1,Automation,Automation,,,Desc short
/automations/templates/,Templates - ESPHome - Smart Home Made Simple,44,Templates - ESPHome - Smart Home Made Simple,44,Yes,Guide for using templates in ESPHome,36,Guide for using templates in ESPHome,36,Yes,https://esphome.io/automations/templates/,,Templates,Templates,Guide for using templates in ESPHome,Guide for using templates in ESPHome,https://esphome.io/images/logo.svg,https://esphome.io/images/auto-fix.svg,article,website,https://esphome.io/automations/templates/,https://esphome.io/automations/templates/,summary_large_image,summary_large_image,https://esphome.io/images/logo.svg,https://esphome.io/images/auto-fix.svg,1,1,Templates,Templates,,,Desc short
/automations/all_conditions/,- ESPHome - Smart Home Made Simple,34,- ESPHome - Smart Home Made Simple,34,Yes,,0,,,Yes,https://esphome.io/automations/all_conditions/,,,,,,https://esphome.io/images/logo.svg,,article,website,https://esphome.io/automations/all_conditions/,https://esphome.io/automations/all_conditions/,summary_large_image,summary_large_image,https://esphome.io/images/logo.svg,,1,,,,,,Missing description; Missing og:title; Missing og:description
/automations/all_actions/,- ESPHome - Smart Home Made Simple,34,- ESPHome - Smart Home Made Simple,34,Yes,,0,,,Yes,https://esphome.io/automations/all_actions/,,,,,,https://esphome.io/images/logo.svg,,article,website,https://esphome.io/automations/all_actions/,https://esphome.io/automations/all_actions/,summary_large_image,summary_large_image,https://esphome.io/images/logo.svg,,1,,,,,,Missing description; Missing og:title; Missing og:description
/automations/actions/,"Actions, Triggers, Conditions - ESPHome - Smart Home Made Simple",64,"Actions, Triggers, Conditions - ESPHome - Smart Home Made Simple",64,Yes,Guide for building automations in ESPHome,41,Guide for building automations in ESPHome,41,Yes,https://esphome.io/automations/actions/,,"Actions, Triggers, Conditions","Actions, Triggers, Conditions",Guide for building automations in ESPHome,Guide for building automations in ESPHome,https://esphome.io/images/logo.svg,https://esphome.io/images/auto-fix.svg,article,website,https://esphome.io/automations/actions/,https://esphome.io/automations/actions/,summary_large_image,summary_large_image,https://esphome.io/images/logo.svg,https://esphome.io/images/auto-fix.svg,1,1,"Actions, Triggers, Conditions","Actions, Triggers, Conditions",,,Title too long; Desc short